/*--------------------------------*- C++ -*----------------------------------*\
| =========                 |                                                 |
| \\      /  F ield         | OpenFOAM: The Open Source CFD Toolbox           |
|  \\    /   O peration     | Version:  2512                                  |
|   \\  /    A nd           | Website:  www.openfoam.com                      |
|    \\/     M anipulation  |                                                 |
\*---------------------------------------------------------------------------*/
FoamFile
{
    version     2.0;
    format      ascii;
    arch        "LSB;label=32;scalar=64";
    class       faceList;
    location    "constant/polyMesh";
    object      faces;
}
// * * * * * * * * * * * * * * * * * * * * * * * * * * * * * * * * * * * * * //


8311
(
4(1 16 436 421)
4(15 435 436 16)
4(2 17 437 422)
4(16 436 437 17)
4(3 18 438 423)
4(17 437 438 18)
4(4 19 439 424)
4(18 438 439 19)
4(5 20 440 425)
4(19 439 440 20)
4(6 21 441 426)
4(20 440 441 21)
4(7 22 442 427)
4(21 441 442 22)
4(8 23 443 428)
4(22 442 443 23)
4(9 24 444 429)
4(23 443 444 24)
4(10 25 445 430)
4(24 444 445 25)
4(11 26 446 431)
4(25 445 446 26)
4(12 27 447 432)
4(26 446 447 27)
4(13 28 448 433)
4(27 447 448 28)
4(28 448 449 29)
4(14 29 449 434)
4(16 31 451 436)
4(30 450 451 31)
4(17 32 452 437)
4(31 451 452 32)
4(18 33 453 438)
4(32 452 453 33)
4(19 34 454 439)
4(33 453 454 34)
4(20 35 455 440)
4(34 454 455 35)
4(21 36 456 441)
4(35 455 456 36)
4(22 37 457 442)
4(36 456 457 37)
4(23 38 458 443)
4(37 457 458 38)
4(24 39 459 444)
4(38 458 459 39)
4(25 40 460 445)
4(39 459 460 40)
4(26 41 461 446)
4(40 460 461 41)
4(27 42 462 447)
4(41 461 462 42)
4(28 43 463 448)
4(42 462 463 43)
4(43 463 464 44)
4(29 44 464 449)
4(31 46 466 451)
4(45 465 466 46)
4(32 47 467 452)
4(46 466 467 47)
4(33 48 468 453)
4(47 467 468 48)
4(34 49 469 454)
4(48 468 469 49)
4(35 50 470 455)
4(49 469 470 50)
4(36 51 471 456)
4(50 470 471 51)
4(37 52 472 457)
4(51 471 472 52)
4(38 53 473 458)
4(52 472 473 53)
4(39 54 474 459)
4(53 473 474 54)
4(40 55 475 460)
4(54 474 475 55)
4(41 56 476 461)
4(55 475 476 56)
4(42 57 477 462)
4(56 476 477 57)
4(43 58 478 463)
4(57 477 478 58)
4(58 478 479 59)
4(44 59 479 464)
4(46 61 481 466)
4(60 480 481 61)
4(47 62 482 467)
4(61 481 482 62)
4(48 63 483 468)
4(62 482 483 63)
4(49 64 484 469)
4(63 483 484 64)
4(50 65 485 470)
4(64 484 485 65)
4(51 66 486 471)
4(65 485 486 66)
4(52 67 487 472)
4(66 486 487 67)
4(53 68 488 473)
4(67 487 488 68)
4(54 69 489 474)
4(68 488 489 69)
4(55 70 490 475)
4(69 489 490 70)
4(56 71 491 476)
4(70 490 491 71)
4(57 72 492 477)
4(71 491 492 72)
4(58 73 493 478)
4(72 492 493 73)
4(73 493 494 74)
4(59 74 494 479)
4(61 76 496 481)
4(75 495 496 76)
4(62 77 497 482)
4(76 496 497 77)
4(63 78 498 483)
4(77 497 498 78)
4(64 79 499 484)
4(78 498 499 79)
4(65 80 500 485)
4(79 499 500 80)
4(66 81 501 486)
4(80 500 501 81)
4(67 82 502 487)
4(81 501 502 82)
4(68 83 503 488)
4(82 502 503 83)
4(69 84 504 489)
4(83 503 504 84)
4(70 85 505 490)
4(84 504 505 85)
4(71 86 506 491)
4(85 505 506 86)
4(72 87 507 492)
4(86 506 507 87)
4(73 88 508 493)
4(87 507 508 88)
4(88 508 509 89)
4(74 89 509 494)
4(76 91 511 496)
4(90 510 511 91)
4(77 92 512 497)
4(91 511 512 92)
4(78 93 513 498)
4(92 512 513 93)
4(79 94 514 499)
4(93 513 514 94)
4(80 95 515 500)
4(94 514 515 95)
4(81 96 516 501)
4(95 515 516 96)
4(82 97 517 502)
4(96 516 517 97)
4(83 98 518 503)
4(97 517 518 98)
4(84 99 519 504)
4(98 518 519 99)
4(85 100 520 505)
4(99 519 520 100)
4(86 101 521 506)
4(100 520 521 101)
4(87 102 522 507)
4(101 521 522 102)
4(88 103 523 508)
4(102 522 523 103)
4(103 523 524 104)
4(89 104 524 509)
4(91 106 526 511)
4(105 525 526 106)
4(92 107 527 512)
4(106 526 527 107)
4(93 108 528 513)
4(107 527 528 108)
4(94 109 529 514)
4(108 528 529 109)
4(95 110 530 515)
4(109 529 530 110)
4(96 111 531 516)
4(110 530 531 111)
4(97 112 532 517)
4(111 531 532 112)
4(98 113 533 518)
4(112 532 533 113)
4(99 114 534 519)
4(113 533 534 114)
4(100 115 535 520)
4(114 534 535 115)
4(101 116 536 521)
4(115 535 536 116)
4(102 117 537 522)
4(116 536 537 117)
4(103 118 538 523)
4(117 537 538 118)
4(118 538 539 119)
4(104 119 539 524)
4(106 121 541 526)
4(120 540 541 121)
4(107 122 542 527)
4(121 541 542 122)
4(108 123 543 528)
4(122 542 543 123)
4(109 124 544 529)
4(123 543 544 124)
4(110 125 545 530)
4(124 544 545 125)
4(111 126 546 531)
4(125 545 546 126)
4(112 127 547 532)
4(126 546 547 127)
4(113 128 548 533)
4(127 547 548 128)
4(114 129 549 534)
4(128 548 549 129)
4(115 130 550 535)
4(129 549 550 130)
4(116 131 551 536)
4(130 550 551 131)
4(117 132 552 537)
4(131 551 552 132)
4(118 133 553 538)
4(132 552 553 133)
4(133 553 554 134)
4(119 134 554 539)
4(121 136 556 541)
4(135 555 556 136)
4(122 137 557 542)
4(136 556 557 137)
4(123 138 558 543)
4(137 557 558 138)
4(124 139 559 544)
4(138 558 559 139)
4(125 140 560 545)
4(139 559 560 140)
4(126 141 561 546)
4(140 560 561 141)
4(127 142 562 547)
4(141 561 562 142)
4(128 143 563 548)
4(142 562 563 143)
4(129 144 564 549)
4(143 563 564 144)
4(130 145 565 550)
4(144 564 565 145)
4(131 146 566 551)
4(145 565 566 146)
4(132 147 567 552)
4(146 566 567 147)
4(133 148 568 553)
4(147 567 568 148)
4(148 568 569 149)
4(134 149 569 554)
4(136 151 571 556)
4(150 570 571 151)
4(137 152 572 557)
4(151 571 572 152)
4(138 153 573 558)
4(152 572 573 153)
4(139 154 574 559)
4(153 573 574 154)
4(140 155 575 560)
4(154 574 575 155)
4(141 156 576 561)
4(155 575 576 156)
4(142 157 577 562)
4(156 576 577 157)
4(143 158 578 563)
4(157 577 578 158)
4(144 159 579 564)
4(158 578 579 159)
4(145 160 580 565)
4(159 579 580 160)
4(146 161 581 566)
4(160 580 581 161)
4(147 162 582 567)
4(161 581 582 162)
4(148 163 583 568)
4(162 582 583 163)
4(163 583 584 164)
4(149 164 584 569)
4(151 166 586 571)
4(165 585 586 166)
4(152 167 587 572)
4(166 586 587 167)
4(153 168 588 573)
4(167 587 588 168)
4(154 169 589 574)
4(168 588 589 169)
4(155 170 590 575)
4(169 589 590 170)
4(156 171 591 576)
4(170 590 591 171)
4(157 172 592 577)
4(171 591 592 172)
4(158 173 593 578)
4(172 592 593 173)
4(159 174 594 579)
4(173 593 594 174)
4(160 175 595 580)
4(174 594 595 175)
4(161 176 596 581)
4(175 595 596 176)
4(162 177 597 582)
4(176 596 597 177)
4(163 178 598 583)
4(177 597 598 178)
4(178 598 599 179)
4(164 179 599 584)
4(166 181 601 586)
4(180 600 601 181)
4(167 182 602 587)
4(181 601 602 182)
4(168 183 603 588)
4(182 602 603 183)
4(169 184 604 589)
4(183 603 604 184)
4(170 185 605 590)
4(184 604 605 185)
4(171 186 606 591)
4(185 605 606 186)
4(172 187 607 592)
4(186 606 607 187)
4(173 188 608 593)
4(187 607 608 188)
4(174 189 609 594)
4(188 608 609 189)
4(175 190 610 595)
4(189 609 610 190)
4(176 191 611 596)
4(190 610 611 191)
4(177 192 612 597)
4(191 611 612 192)
4(178 193 613 598)
4(192 612 613 193)
4(193 613 614 194)
4(179 194 614 599)
4(181 196 616 601)
4(195 615 616 196)
4(182 197 617 602)
4(196 616 617 197)
4(183 198 618 603)
4(197 617 618 198)
4(184 199 619 604)
4(198 618 619 199)
4(185 200 620 605)
4(199 619 620 200)
4(186 201 621 606)
4(200 620 621 201)
4(187 202 622 607)
4(201 621 622 202)
4(188 203 623 608)
4(202 622 623 203)
4(189 204 624 609)
4(203 623 624 204)
4(190 205 625 610)
4(204 624 625 205)
4(191 206 626 611)
4(205 625 626 206)
4(192 207 627 612)
4(206 626 627 207)
4(193 208 628 613)
4(207 627 628 208)
4(208 628 629 209)
4(194 209 629 614)
4(196 211 631 616)
4(210 630 631 211)
4(197 212 632 617)
4(211 631 632 212)
4(198 213 633 618)
4(212 632 633 213)
4(199 214 634 619)
4(213 633 634 214)
4(200 215 635 620)
4(214 634 635 215)
4(201 216 636 621)
4(215 635 636 216)
4(202 217 637 622)
4(216 636 637 217)
4(203 218 638 623)
4(217 637 638 218)
4(204 219 639 624)
4(218 638 639 219)
4(205 220 640 625)
4(219 639 640 220)
4(206 221 641 626)
4(220 640 641 221)
4(207 222 642 627)
4(221 641 642 222)
4(208 223 643 628)
4(222 642 643 223)
4(223 643 644 224)
4(209 224 644 629)
4(211 226 646 631)
4(225 645 646 226)
4(212 227 647 632)
4(226 646 647 227)
4(213 228 648 633)
4(227 647 648 228)
4(214 229 649 634)
4(228 648 649 229)
4(215 230 650 635)
4(229 649 650 230)
4(216 231 651 636)
4(230 650 651 231)
4(217 232 652 637)
4(231 651 652 232)
4(218 233 653 638)
4(232 652 653 233)
4(219 234 654 639)
4(233 653 654 234)
4(220 235 655 640)
4(234 654 655 235)
4(221 236 656 641)
4(235 655 656 236)
4(222 237 657 642)
4(236 656 657 237)
4(223 238 658 643)
4(237 657 658 238)
4(238 658 659 239)
4(224 239 659 644)
4(226 241 661 646)
4(240 660 661 241)
4(227 242 662 647)
4(241 661 662 242)
4(228 243 663 648)
4(242 662 663 243)
4(229 244 664 649)
4(243 663 664 244)
4(230 245 665 650)
4(244 664 665 245)
4(231 246 666 651)
4(245 665 666 246)
4(232 247 667 652)
4(246 666 667 247)
4(233 248 668 653)
4(247 667 668 248)
4(234 249 669 654)
4(248 668 669 249)
4(235 250 670 655)
4(249 669 670 250)
4(236 251 671 656)
4(250 670 671 251)
4(237 252 672 657)
4(251 671 672 252)
4(238 253 673 658)
4(252 672 673 253)
4(253 673 674 254)
4(239 254 674 659)
4(241 256 676 661)
4(255 675 676 256)
4(242 257 677 662)
4(256 676 677 257)
4(243 258 678 663)
4(257 677 678 258)
4(244 259 679 664)
4(258 678 679 259)
4(245 260 680 665)
4(259 679 680 260)
4(246 261 681 666)
4(260 680 681 261)
4(247 262 682 667)
4(261 681 682 262)
4(248 263 683 668)
4(262 682 683 263)
4(249 264 684 669)
4(263 683 684 264)
4(250 265 685 670)
4(264 684 685 265)
4(251 266 686 671)
4(265 685 686 266)
4(252 267 687 672)
4(266 686 687 267)
4(253 268 688 673)
4(267 687 688 268)
4(268 688 689 269)
4(254 269 689 674)
4(256 271 691 676)
4(270 690 691 271)
4(257 272 692 677)
4(271 691 692 272)
4(258 273 693 678)
4(272 692 693 273)
4(259 274 694 679)
4(273 693 694 274)
4(260 275 695 680)
4(274 694 695 275)
4(261 276 696 681)
4(275 695 696 276)
4(262 277 697 682)
4(276 696 697 277)
4(263 278 698 683)
4(277 697 698 278)
4(264 279 699 684)
4(278 698 699 279)
4(265 280 700 685)
4(279 699 700 280)
4(266 281 701 686)
4(280 700 701 281)
4(267 282 702 687)
4(281 701 702 282)
4(268 283 703 688)
4(282 702 703 283)
4(283 703 704 284)
4(269 284 704 689)
4(271 286 706 691)
4(285 705 706 286)
4(272 287 707 692)
4(286 706 707 287)
4(273 288 708 693)
4(287 707 708 288)
4(274 289 709 694)
4(288 708 709 289)
4(275 290 710 695)
4(289 709 710 290)
4(276 291 711 696)
4(290 710 711 291)
4(277 292 712 697)
4(291 711 712 292)
4(278 293 713 698)
4(292 712 713 293)
4(279 294 714 699)
4(293 713 714 294)
4(280 295 715 700)
4(294 714 715 295)
4(281 296 716 701)
4(295 715 716 296)
4(282 297 717 702)
4(296 716 717 297)
4(283 298 718 703)
4(297 717 718 298)
4(298 718 719 299)
4(284 299 719 704)
4(286 301 721 706)
4(300 720 721 301)
4(287 302 722 707)
4(301 721 722 302)
4(288 303 723 708)
4(302 722 723 303)
4(289 304 724 709)
4(303 723 724 304)
4(290 305 725 710)
4(304 724 725 305)
4(291 306 726 711)
4(305 725 726 306)
4(292 307 727 712)
4(306 726 727 307)
4(293 308 728 713)
4(307 727 728 308)
4(294 309 729 714)
4(308 728 729 309)
4(295 310 730 715)
4(309 729 730 310)
4(296 311 731 716)
4(310 730 731 311)
4(297 312 732 717)
4(311 731 732 312)
4(298 313 733 718)
4(312 732 733 313)
4(313 733 734 314)
4(299 314 734 719)
4(301 316 736 721)
4(315 735 736 316)
4(302 317 737 722)
4(316 736 737 317)
4(303 318 738 723)
4(317 737 738 318)
4(304 319 739 724)
4(318 738 739 319)
4(305 320 740 725)
4(319 739 740 320)
4(306 321 741 726)
4(320 740 741 321)
4(307 322 742 727)
4(321 741 742 322)
4(308 323 743 728)
4(322 742 743 323)
4(309 324 744 729)
4(323 743 744 324)
4(310 325 745 730)
4(324 744 745 325)
4(311 326 746 731)
4(325 745 746 326)
4(312 327 747 732)
4(326 746 747 327)
4(313 328 748 733)
4(327 747 748 328)
4(328 748 749 329)
4(314 329 749 734)
4(316 331 751 736)
4(330 750 751 331)
4(317 332 752 737)
4(331 751 752 332)
4(318 333 753 738)
4(332 752 753 333)
4(319 334 754 739)
4(333 753 754 334)
4(320 335 755 740)
4(334 754 755 335)
4(321 336 756 741)
4(335 755 756 336)
4(322 337 757 742)
4(336 756 757 337)
4(323 338 758 743)
4(337 757 758 338)
4(324 339 759 744)
4(338 758 759 339)
4(325 340 760 745)
4(339 759 760 340)
4(326 341 761 746)
4(340 760 761 341)
4(327 342 762 747)
4(341 761 762 342)
4(328 343 763 748)
4(342 762 763 343)
4(343 763 764 344)
4(329 344 764 749)
4(331 346 766 751)
4(345 765 766 346)
4(332 347 767 752)
4(346 766 767 347)
4(333 348 768 753)
4(347 767 768 348)
4(334 349 769 754)
4(348 768 769 349)
4(335 350 770 755)
4(349 769 770 350)
4(336 351 771 756)
4(350 770 771 351)
4(337 352 772 757)
4(351 771 772 352)
4(338 353 773 758)
4(352 772 773 353)
4(339 354 774 759)
4(353 773 774 354)
4(340 355 775 760)
4(354 774 775 355)
4(341 356 776 761)
4(355 775 776 356)
4(342 357 777 762)
4(356 776 777 357)
4(343 358 778 763)
4(357 777 778 358)
4(358 778 779 359)
4(344 359 779 764)
4(346 361 781 766)
4(360 780 781 361)
4(347 362 782 767)
4(361 781 782 362)
4(348 363 783 768)
4(362 782 783 363)
4(349 364 784 769)
4(363 783 784 364)
4(350 365 785 770)
4(364 784 785 365)
4(351 366 786 771)
4(365 785 786 366)
4(352 367 787 772)
4(366 786 787 367)
4(353 368 788 773)
4(367 787 788 368)
4(354 369 789 774)
4(368 788 789 369)
4(355 370 790 775)
4(369 789 790 370)
4(356 371 791 776)
4(370 790 791 371)
4(357 372 792 777)
4(371 791 792 372)
4(358 373 793 778)
4(372 792 793 373)
4(373 793 794 374)
4(359 374 794 779)
4(361 376 796 781)
4(375 795 796 376)
4(362 377 797 782)
4(376 796 797 377)
4(363 378 798 783)
4(377 797 798 378)
4(364 379 799 784)
4(378 798 799 379)
4(365 380 800 785)
4(379 799 800 380)
4(366 381 801 786)
4(380 800 801 381)
4(367 382 802 787)
4(381 801 802 382)
4(368 383 803 788)
4(382 802 803 383)
4(369 384 804 789)
4(383 803 804 384)
4(370 385 805 790)
4(384 804 805 385)
4(371 386 806 791)
4(385 805 806 386)
4(372 387 807 792)
4(386 806 807 387)
4(373 388 808 793)
4(387 807 808 388)
4(388 808 809 389)
4(374 389 809 794)
4(376 391 811 796)
4(390 810 811 391)
4(377 392 812 797)
4(391 811 812 392)
4(378 393 813 798)
4(392 812 813 393)
4(379 394 814 799)
4(393 813 814 394)
4(380 395 815 800)
4(394 814 815 395)
4(381 396 816 801)
4(395 815 816 396)
4(382 397 817 802)
4(396 816 817 397)
4(383 398 818 803)
4(397 817 818 398)
4(384 399 819 804)
4(398 818 819 399)
4(385 400 820 805)
4(399 819 820 400)
4(386 401 821 806)
4(400 820 821 401)
4(387 402 822 807)
4(401 821 822 402)
4(388 403 823 808)
4(402 822 823 403)
4(403 823 824 404)
4(389 404 824 809)
4(391 406 826 811)
4(392 407 827 812)
4(393 408 828 813)
4(394 409 829 814)
4(395 410 830 815)
4(396 411 831 816)
4(397 412 832 817)
4(398 413 833 818)
4(399 414 834 819)
4(400 415 835 820)
4(401 416 836 821)
4(402 417 837 822)
4(403 418 838 823)
4(404 419 839 824)
4(840 858 1362 1344)
4(29 449 1362 858)
4(841 859 1363 1345)
4(858 1362 1363 859)
4(842 860 1364 1346)
4(859 1363 1364 860)
4(843 861 1365 1347)
4(860 1364 1365 861)
4(844 862 1366 1348)
4(861 1365 1366 862)
4(845 863 1367 1349)
4(862 1366 1367 863)
4(846 864 1368 1350)
4(863 1367 1368 864)
4(847 865 1369 1351)
4(864 1368 1369 865)
4(848 866 1370 1352)
4(865 1369 1370 866)
4(849 867 1371 1353)
4(866 1370 1371 867)
4(850 868 1372 1354)
4(867 1371 1372 868)
4(851 869 1373 1355)
4(868 1372 1373 869)
4(852 870 1374 1356)
4(869 1373 1374 870)
4(853 871 1375 1357)
4(870 1374 1375 871)
4(854 872 1376 1358)
4(871 1375 1376 872)
4(855 873 1377 1359)
4(872 1376 1377 873)
4(856 874 1378 1360)
4(873 1377 1378 874)
4(874 1378 1379 875)
4(857 875 1379 1361)
4(858 876 1380 1362)
4(44 464 1380 876)
4(859 877 1381 1363)
4(876 1380 1381 877)
4(860 878 1382 1364)
4(877 1381 1382 878)
4(861 879 1383 1365)
4(878 1382 1383 879)
4(862 880 1384 1366)
4(879 1383 1384 880)
4(863 881 1385 1367)
4(880 1384 1385 881)
4(864 882 1386 1368)
4(881 1385 1386 882)
4(865 883 1387 1369)
4(882 1386 1387 883)
4(866 884 1388 1370)
4(883 1387 1388 884)
4(867 885 1389 1371)
4(884 1388 1389 885)
4(868 886 1390 1372)
4(885 1389 1390 886)
4(869 887 1391 1373)
4(886 1390 1391 887)
4(870 888 1392 1374)
4(887 1391 1392 888)
4(871 889 1393 1375)
4(888 1392 1393 889)
4(872 890 1394 1376)
4(889 1393 1394 890)
4(873 891 1395 1377)
4(890 1394 1395 891)
4(874 892 1396 1378)
4(891 1395 1396 892)
4(892 1396 1397 893)
4(875 893 1397 1379)
4(876 894 1398 1380)
4(59 479 1398 894)
4(877 895 1399 1381)
4(894 1398 1399 895)
4(878 896 1400 1382)
4(895 1399 1400 896)
4(879 897 1401 1383)
4(896 1400 1401 897)
4(880 898 1402 1384)
4(897 1401 1402 898)
4(881 899 1403 1385)
4(898 1402 1403 899)
4(882 900 1404 1386)
4(899 1403 1404 900)
4(883 901 1405 1387)
4(900 1404 1405 901)
4(884 902 1406 1388)
4(901 1405 1406 902)
4(885 903 1407 1389)
4(902 1406 1407 903)
4(886 904 1408 1390)
4(903 1407 1408 904)
4(887 905 1409 1391)
4(904 1408 1409 905)
4(888 906 1410 1392)
4(905 1409 1410 906)
4(889 907 1411 1393)
4(906 1410 1411 907)
4(890 908 1412 1394)
4(907 1411 1412 908)
4(891 909 1413 1395)
4(908 1412 1413 909)
4(892 910 1414 1396)
4(909 1413 1414 910)
4(910 1414 1415 911)
4(893 911 1415 1397)
4(894 912 1416 1398)
4(74 494 1416 912)
4(895 913 1417 1399)
4(912 1416 1417 913)
4(896 914 1418 1400)
4(913 1417 1418 914)
4(897 915 1419 1401)
4(914 1418 1419 915)
4(898 916 1420 1402)
4(915 1419 1420 916)
4(899 917 1421 1403)
4(916 1420 1421 917)
4(900 918 1422 1404)
4(917 1421 1422 918)
4(901 919 1423 1405)
4(918 1422 1423 919)
4(902 920 1424 1406)
4(919 1423 1424 920)
4(903 921 1425 1407)
4(920 1424 1425 921)
4(904 922 1426 1408)
4(921 1425 1426 922)
4(905 923 1427 1409)
4(922 1426 1427 923)
4(906 924 1428 1410)
4(923 1427 1428 924)
4(907 925 1429 1411)
4(924 1428 1429 925)
4(908 926 1430 1412)
4(925 1429 1430 926)
4(909 927 1431 1413)
4(926 1430 1431 927)
4(910 928 1432 1414)
4(927 1431 1432 928)
4(928 1432 1433 929)
4(911 929 1433 1415)
4(912 930 1434 1416)
4(89 509 1434 930)
4(913 931 1435 1417)
4(930 1434 1435 931)
4(914 932 1436 1418)
4(931 1435 1436 932)
4(915 933 1437 1419)
4(932 1436 1437 933)
4(916 934 1438 1420)
4(933 1437 1438 934)
4(917 935 1439 1421)
4(934 1438 1439 935)
4(918 936 1440 1422)
4(935 1439 1440 936)
4(919 937 1441 1423)
4(936 1440 1441 937)
4(920 938 1442 1424)
4(937 1441 1442 938)
4(921 939 1443 1425)
4(938 1442 1443 939)
4(922 940 1444 1426)
4(939 1443 1444 940)
4(923 941 1445 1427)
4(940 1444 1445 941)
4(924 942 1446 1428)
4(941 1445 1446 942)
4(925 943 1447 1429)
4(942 1446 1447 943)
4(926 944 1448 1430)
4(943 1447 1448 944)
4(927 945 1449 1431)
4(944 1448 1449 945)
4(928 946 1450 1432)
4(945 1449 1450 946)
4(946 1450 1451 947)
4(929 947 1451 1433)
4(930 948 1452 1434)
4(104 524 1452 948)
4(931 949 1453 1435)
4(948 1452 1453 949)
4(932 950 1454 1436)
4(949 1453 1454 950)
4(933 951 1455 1437)
4(950 1454 1455 951)
4(934 952 1456 1438)
4(951 1455 1456 952)
4(935 953 1457 1439)
4(952 1456 1457 953)
4(936 954 1458 1440)
4(953 1457 1458 954)
4(937 955 1459 1441)
4(954 1458 1459 955)
4(938 956 1460 1442)
4(955 1459 1460 956)
4(939 957 1461 1443)
4(956 1460 1461 957)
4(940 958 1462 1444)
4(957 1461 1462 958)
4(941 959 1463 1445)
4(958 1462 1463 959)
4(942 960 1464 1446)
4(959 1463 1464 960)
4(943 961 1465 1447)
4(960 1464 1465 961)
4(944 962 1466 1448)
4(961 1465 1466 962)
4(945 963 1467 1449)
4(962 1466 1467 963)
4(946 964 1468 1450)
4(963 1467 1468 964)
4(964 1468 1469 965)
4(947 965 1469 1451)
4(948 966 1470 1452)
4(119 539 1470 966)
4(949 967 1471 1453)
4(966 1470 1471 967)
4(950 968 1472 1454)
4(967 1471 1472 968)
4(951 969 1473 1455)
4(968 1472 1473 969)
4(952 970 1474 1456)
4(969 1473 1474 970)
4(953 971 1475 1457)
4(970 1474 1475 971)
4(954 972 1476 1458)
4(971 1475 1476 972)
4(955 973 1477 1459)
4(972 1476 1477 973)
4(956 974 1478 1460)
4(973 1477 1478 974)
4(957 975 1479 1461)
4(974 1478 1479 975)
4(958 976 1480 1462)
4(975 1479 1480 976)
4(959 977 1481 1463)
4(976 1480 1481 977)
4(960 978 1482 1464)
4(977 1481 1482 978)
4(961 979 1483 1465)
4(978 1482 1483 979)
4(962 980 1484 1466)
4(979 1483 1484 980)
4(963 981 1485 1467)
4(980 1484 1485 981)
4(964 982 1486 1468)
4(981 1485 1486 982)
4(982 1486 1487 983)
4(965 983 1487 1469)
4(966 984 1488 1470)
4(134 554 1488 984)
4(967 985 1489 1471)
4(984 1488 1489 985)
4(968 986 1490 1472)
4(985 1489 1490 986)
4(969 987 1491 1473)
4(986 1490 1491 987)
4(970 988 1492 1474)
4(987 1491 1492 988)
4(971 989 1493 1475)
4(988 1492 1493 989)
4(972 990 1494 1476)
4(989 1493 1494 990)
4(973 991 1495 1477)
4(990 1494 1495 991)
4(974 992 1496 1478)
4(991 1495 1496 992)
4(975 993 1497 1479)
4(992 1496 1497 993)
4(976 994 1498 1480)
4(993 1497 1498 994)
4(977 995 1499 1481)
4(994 1498 1499 995)
4(978 996 1500 1482)
4(995 1499 1500 996)
4(979 997 1501 1483)
4(996 1500 1501 997)
4(980 998 1502 1484)
4(997 1501 1502 998)
4(981 999 1503 1485)
4(998 1502 1503 999)
4(982 1000 1504 1486)
4(999 1503 1504 1000)
4(1000 1504 1505 1001)
4(983 1001 1505 1487)
4(984 1002 1506 1488)
4(149 569 1506 1002)
4(985 1003 1507 1489)
4(1002 1506 1507 1003)
4(986 1004 1508 1490)
4(1003 1507 1508 1004)
4(987 1005 1509 1491)
4(1004 1508 1509 1005)
4(988 1006 1510 1492)
4(1005 1509 1510 1006)
4(989 1007 1511 1493)
4(1006 1510 1511 1007)
4(990 1008 1512 1494)
4(1007 1511 1512 1008)
4(991 1009 1513 1495)
4(1008 1512 1513 1009)
4(992 1010 1514 1496)
4(1009 1513 1514 1010)
4(993 1011 1515 1497)
4(1010 1514 1515 1011)
4(994 1012 1516 1498)
4(1011 1515 1516 1012)
4(995 1013 1517 1499)
4(1012 1516 1517 1013)
4(996 1014 1518 1500)
4(1013 1517 1518 1014)
4(997 1015 1519 1501)
4(1014 1518 1519 1015)
4(998 1016 1520 1502)
4(1015 1519 1520 1016)
4(999 1017 1521 1503)
4(1016 1520 1521 1017)
4(1000 1018 1522 1504)
4(1017 1521 1522 1018)
4(1018 1522 1523 1019)
4(1001 1019 1523 1505)
4(1002 1020 1524 1506)
4(164 584 1524 1020)
4(1003 1021 1525 1507)
4(1020 1524 1525 1021)
4(1004 1022 1526 1508)
4(1021 1525 1526 1022)
4(1005 1023 1527 1509)
4(1022 1526 1527 1023)
4(1006 1024 1528 1510)
4(1023 1527 1528 1024)
4(1007 1025 1529 1511)
4(1024 1528 1529 1025)
4(1008 1026 1530 1512)
4(1025 1529 1530 1026)
4(1009 1027 1531 1513)
4(1026 1530 1531 1027)
4(1010 1028 1532 1514)
4(1027 1531 1532 1028)
4(1011 1029 1533 1515)
4(1028 1532 1533 1029)
4(1012 1030 1534 1516)
4(1029 1533 1534 1030)
4(1013 1031 1535 1517)
4(1030 1534 1535 1031)
4(1014 1032 1536 1518)
4(1031 1535 1536 1032)
4(1015 1033 1537 1519)
4(1032 1536 1537 1033)
4(1016 1034 1538 1520)
4(1033 1537 1538 1034)
4(1017 1035 1539 1521)
4(1034 1538 1539 1035)
4(1018 1036 1540 1522)
4(1035 1539 1540 1036)
4(1036 1540 1541 1037)
4(1019 1037 1541 1523)
4(1020 1038 1542 1524)
4(179 599 1542 1038)
4(1021 1039 1543 1525)
4(1038 1542 1543 1039)
4(1022 1040 1544 1526)
4(1039 1543 1544 1040)
4(1023 1041 1545 1527)
4(1040 1544 1545 1041)
4(1024 1042 1546 1528)
4(1041 1545 1546 1042)
4(1025 1043 1547 1529)
4(1042 1546 1547 1043)
4(1026 1044 1548 1530)
4(1043 1547 1548 1044)
4(1027 1045 1549 1531)
4(1044 1548 1549 1045)
4(1028 1046 1550 1532)
4(1045 1549 1550 1046)
4(1029 1047 1551 1533)
4(1046 1550 1551 1047)
4(1030 1048 1552 1534)
4(1047 1551 1552 1048)
4(1031 1049 1553 1535)
4(1048 1552 1553 1049)
4(1032 1050 1554 1536)
4(1049 1553 1554 1050)
4(1033 1051 1555 1537)
4(1050 1554 1555 1051)
4(1034 1052 1556 1538)
4(1051 1555 1556 1052)
4(1035 1053 1557 1539)
4(1052 1556 1557 1053)
4(1036 1054 1558 1540)
4(1053 1557 1558 1054)
4(1054 1558 1559 1055)
4(1037 1055 1559 1541)
4(1038 1056 1560 1542)
4(194 614 1560 1056)
4(1039 1057 1561 1543)
4(1056 1560 1561 1057)
4(1040 1058 1562 1544)
4(1057 1561 1562 1058)
4(1041 1059 1563 1545)
4(1058 1562 1563 1059)
4(1042 1060 1564 1546)
4(1059 1563 1564 1060)
4(1043 1061 1565 1547)
4(1060 1564 1565 1061)
4(1044 1062 1566 1548)
4(1061 1565 1566 1062)
4(1045 1063 1567 1549)
4(1062 1566 1567 1063)
4(1046 1064 1568 1550)
4(1063 1567 1568 1064)
4(1047 1065 1569 1551)
4(1064 1568 1569 1065)
4(1048 1066 1570 1552)
4(1065 1569 1570 1066)
4(1049 1067 1571 1553)
4(1066 1570 1571 1067)
4(1050 1068 1572 1554)
4(1067 1571 1572 1068)
4(1051 1069 1573 1555)
4(1068 1572 1573 1069)
4(1052 1070 1574 1556)
4(1069 1573 1574 1070)
4(1053 1071 1575 1557)
4(1070 1574 1575 1071)
4(1054 1072 1576 1558)
4(1071 1575 1576 1072)
4(1072 1576 1577 1073)
4(1055 1073 1577 1559)
4(1056 1074 1578 1560)
4(209 629 1578 1074)
4(1057 1075 1579 1561)
4(1074 1578 1579 1075)
4(1058 1076 1580 1562)
4(1075 1579 1580 1076)
4(1059 1077 1581 1563)
4(1076 1580 1581 1077)
4(1060 1078 1582 1564)
4(1077 1581 1582 1078)
4(1061 1079 1583 1565)
4(1078 1582 1583 1079)
4(1062 1080 1584 1566)
4(1079 1583 1584 1080)
4(1063 1081 1585 1567)
4(1080 1584 1585 1081)
4(1064 1082 1586 1568)
4(1081 1585 1586 1082)
4(1065 1083 1587 1569)
4(1082 1586 1587 1083)
4(1066 1084 1588 1570)
4(1083 1587 1588 1084)
4(1067 1085 1589 1571)
4(1084 1588 1589 1085)
4(1068 1086 1590 1572)
4(1085 1589 1590 1086)
4(1069 1087 1591 1573)
4(1086 1590 1591 1087)
4(1070 1088 1592 1574)
4(1087 1591 1592 1088)
4(1071 1089 1593 1575)
4(1088 1592 1593 1089)
4(1072 1090 1594 1576)
4(1089 1593 1594 1090)
4(1090 1594 1595 1091)
4(1073 1091 1595 1577)
4(1074 1092 1596 1578)
4(224 644 1596 1092)
4(1075 1093 1597 1579)
4(1092 1596 1597 1093)
4(1076 1094 1598 1580)
4(1093 1597 1598 1094)
4(1077 1095 1599 1581)
4(1094 1598 1599 1095)
4(1078 1096 1600 1582)
4(1095 1599 1600 1096)
4(1079 1097 1601 1583)
4(1096 1600 1601 1097)
4(1080 1098 1602 1584)
4(1097 1601 1602 1098)
4(1081 1099 1603 1585)
4(1098 1602 1603 1099)
4(1082 1100 1604 1586)
4(1099 1603 1604 1100)
4(1083 1101 1605 1587)
4(1100 1604 1605 1101)
4(1084 1102 1606 1588)
4(1101 1605 1606 1102)
4(1085 1103 1607 1589)
4(1102 1606 1607 1103)
4(1086 1104 1608 1590)
4(1103 1607 1608 1104)
4(1087 1105 1609 1591)
4(1104 1608 1609 1105)
4(1088 1106 1610 1592)
4(1105 1609 1610 1106)
4(1089 1107 1611 1593)
4(1106 1610 1611 1107)
4(1090 1108 1612 1594)
4(1107 1611 1612 1108)
4(1108 1612 1613 1109)
4(1091 1109 1613 1595)
4(1092 1110 1614 1596)
4(239 659 1614 1110)
4(1093 1111 1615 1597)
4(1110 1614 1615 1111)
4(1094 1112 1616 1598)
4(1111 1615 1616 1112)
4(1095 1113 1617 1599)
4(1112 1616 1617 1113)
4(1096 1114 1618 1600)
4(1113 1617 1618 1114)
4(1097 1115 1619 1601)
4(1114 1618 1619 1115)
4(1098 1116 1620 1602)
4(1115 1619 1620 1116)
4(1099 1117 1621 1603)
4(1116 1620 1621 1117)
4(1100 1118 1622 1604)
4(1117 1621 1622 1118)
4(1101 1119 1623 1605)
4(1118 1622 1623 1119)
4(1102 1120 1624 1606)
4(1119 1623 1624 1120)
4(1103 1121 1625 1607)
4(1120 1624 1625 1121)
4(1104 1122 1626 1608)
4(1121 1625 1626 1122)
4(1105 1123 1627 1609)
4(1122 1626 1627 1123)
4(1106 1124 1628 1610)
4(1123 1627 1628 1124)
4(1107 1125 1629 1611)
4(1124 1628 1629 1125)
4(1108 1126 1630 1612)
4(1125 1629 1630 1126)
4(1126 1630 1631 1127)
4(1109 1127 1631 1613)
4(1110 1128 1632 1614)
4(254 674 1632 1128)
4(1111 1129 1633 1615)
4(1128 1632 1633 1129)
4(1112 1130 1634 1616)
4(1129 1633 1634 1130)
4(1113 1131 1635 1617)
4(1130 1634 1635 1131)
4(1114 1132 1636 1618)
4(1131 1635 1636 1132)
4(1115 1133 1637 1619)
4(1132 1636 1637 1133)
4(1116 1134 1638 1620)
4(1133 1637 1638 1134)
4(1117 1135 1639 1621)
4(1134 1638 1639 1135)
4(1118 1136 1640 1622)
4(1135 1639 1640 1136)
4(1119 1137 1641 1623)
4(1136 1640 1641 1137)
4(1120 1138 1642 1624)
4(1137 1641 1642 1138)
4(1121 1139 1643 1625)
4(1138 1642 1643 1139)
4(1122 1140 1644 1626)
4(1139 1643 1644 1140)
4(1123 1141 1645 1627)
4(1140 1644 1645 1141)
4(1124 1142 1646 1628)
4(1141 1645 1646 1142)
4(1125 1143 1647 1629)
4(1142 1646 1647 1143)
4(1126 1144 1648 1630)
4(1143 1647 1648 1144)
4(1144 1648 1649 1145)
4(1127 1145 1649 1631)
4(1128 1146 1650 1632)
4(269 689 1650 1146)
4(1129 1147 1651 1633)
4(1146 1650 1651 1147)
4(1130 1148 1652 1634)
4(1147 1651 1652 1148)
4(1131 1149 1653 1635)
4(1148 1652 1653 1149)
4(1132 1150 1654 1636)
4(1149 1653 1654 1150)
4(1133 1151 1655 1637)
4(1150 1654 1655 1151)
4(1134 1152 1656 1638)
4(1151 1655 1656 1152)
4(1135 1153 1657 1639)
4(1152 1656 1657 1153)
4(1136 1154 1658 1640)
4(1153 1657 1658 1154)
4(1137 1155 1659 1641)
4(1154 1658 1659 1155)
4(1138 1156 1660 1642)
4(1155 1659 1660 1156)
4(1139 1157 1661 1643)
4(1156 1660 1661 1157)
4(1140 1158 1662 1644)
4(1157 1661 1662 1158)
4(1141 1159 1663 1645)
4(1158 1662 1663 1159)
4(1142 1160 1664 1646)
4(1159 1663 1664 1160)
4(1143 1161 1665 1647)
4(1160 1664 1665 1161)
4(1144 1162 1666 1648)
4(1161 1665 1666 1162)
4(1162 1666 1667 1163)
4(1145 1163 1667 1649)
4(1146 1164 1668 1650)
4(284 704 1668 1164)
4(1147 1165 1669 1651)
4(1164 1668 1669 1165)
4(1148 1166 1670 1652)
4(1165 1669 1670 1166)
4(1149 1167 1671 1653)
4(1166 1670 1671 1167)
4(1150 1168 1672 1654)
4(1167 1671 1672 1168)
4(1151 1169 1673 1655)
4(1168 1672 1673 1169)
4(1152 1170 1674 1656)
4(1169 1673 1674 1170)
4(1153 1171 1675 1657)
4(1170 1674 1675 1171)
4(1154 1172 1676 1658)
4(1171 1675 1676 1172)
4(1155 1173 1677 1659)
4(1172 1676 1677 1173)
4(1156 1174 1678 1660)
4(1173 1677 1678 1174)
4(1157 1175 1679 1661)
4(1174 1678 1679 1175)
4(1158 1176 1680 1662)
4(1175 1679 1680 1176)
4(1159 1177 1681 1663)
4(1176 1680 1681 1177)
4(1160 1178 1682 1664)
4(1177 1681 1682 1178)
4(1161 1179 1683 1665)
4(1178 1682 1683 1179)
4(1162 1180 1684 1666)
4(1179 1683 1684 1180)
4(1180 1684 1685 1181)
4(1163 1181 1685 1667)
4(1164 1182 1686 1668)
4(299 719 1686 1182)
4(1165 1183 1687 1669)
4(1182 1686 1687 1183)
4(1166 1184 1688 1670)
4(1183 1687 1688 1184)
4(1167 1185 1689 1671)
4(1184 1688 1689 1185)
4(1168 1186 1690 1672)
4(1185 1689 1690 1186)
4(1169 1187 1691 1673)
4(1186 1690 1691 1187)
4(1170 1188 1692 1674)
4(1187 1691 1692 1188)
4(1171 1189 1693 1675)
4(1188 1692 1693 1189)
4(1172 1190 1694 1676)
4(1189 1693 1694 1190)
4(1173 1191 1695 1677)
4(1190 1694 1695 1191)
4(1174 1192 1696 1678)
4(1191 1695 1696 1192)
4(1175 1193 1697 1679)
4(1192 1696 1697 1193)
4(1176 1194 1698 1680)
4(1193 1697 1698 1194)
4(1177 1195 1699 1681)
4(1194 1698 1699 1195)
4(1178 1196 1700 1682)
4(1195 1699 1700 1196)
4(1179 1197 1701 1683)
4(1196 1700 1701 1197)
4(1180 1198 1702 1684)
4(1197 1701 1702 1198)
4(1198 1702 1703 1199)
4(1181 1199 1703 1685)
4(1182 1200 1704 1686)
4(314 734 1704 1200)
4(1183 1201 1705 1687)
4(1200 1704 1705 1201)
4(1184 1202 1706 1688)
4(1201 1705 1706 1202)
4(1185 1203 1707 1689)
4(1202 1706 1707 1203)
4(1186 1204 1708 1690)
4(1203 1707 1708 1204)
4(1187 1205 1709 1691)
4(1204 1708 1709 1205)
4(1188 1206 1710 1692)
4(1205 1709 1710 1206)
4(1189 1207 1711 1693)
4(1206 1710 1711 1207)
4(1190 1208 1712 1694)
4(1207 1711 1712 1208)
4(1191 1209 1713 1695)
4(1208 1712 1713 1209)
4(1192 1210 1714 1696)
4(1209 1713 1714 1210)
4(1193 1211 1715 1697)
4(1210 1714 1715 1211)
4(1194 1212 1716 1698)
4(1211 1715 1716 1212)
4(1195 1213 1717 1699)
4(1212 1716 1717 1213)
4(1196 1214 1718 1700)
4(1213 1717 1718 1214)
4(1197 1215 1719 1701)
4(1214 1718 1719 1215)
4(1198 1216 1720 1702)
4(1215 1719 1720 1216)
4(1216 1720 1721 1217)
4(1199 1217 1721 1703)
4(1200 1218 1722 1704)
4(329 749 1722 1218)
4(1201 1219 1723 1705)
4(1218 1722 1723 1219)
4(1202 1220 1724 1706)
4(1219 1723 1724 1220)
4(1203 1221 1725 1707)
4(1220 1724 1725 1221)
4(1204 1222 1726 1708)
4(1221 1725 1726 1222)
4(1205 1223 1727 1709)
4(1222 1726 1727 1223)
4(1206 1224 1728 1710)
4(1223 1727 1728 1224)
4(1207 1225 1729 1711)
4(1224 1728 1729 1225)
4(1208 1226 1730 1712)
4(1225 1729 1730 1226)
4(1209 1227 1731 1713)
4(1226 1730 1731 1227)
4(1210 1228 1732 1714)
4(1227 1731 1732 1228)
4(1211 1229 1733 1715)
4(1228 1732 1733 1229)
4(1212 1230 1734 1716)
4(1229 1733 1734 1230)
4(1213 1231 1735 1717)
4(1230 1734 1735 1231)
4(1214 1232 1736 1718)
4(1231 1735 1736 1232)
4(1215 1233 1737 1719)
4(1232 1736 1737 1233)
4(1216 1234 1738 1720)
4(1233 1737 1738 1234)
4(1234 1738 1739 1235)
4(1217 1235 1739 1721)
4(1218 1236 1740 1722)
4(344 764 1740 1236)
4(1219 1237 1741 1723)
4(1236 1740 1741 1237)
4(1220 1238 1742 1724)
4(1237 1741 1742 1238)
4(1221 1239 1743 1725)
4(1238 1742 1743 1239)
4(1222 1240 1744 1726)
4(1239 1743 1744 1240)
4(1223 1241 1745 1727)
4(1240 1744 1745 1241)
4(1224 1242 1746 1728)
4(1241 1745 1746 1242)
4(1225 1243 1747 1729)
4(1242 1746 1747 1243)
4(1226 1244 1748 1730)
4(1243 1747 1748 1244)
4(1227 1245 1749 1731)
4(1244 1748 1749 1245)
4(1228 1246 1750 1732)
4(1245 1749 1750 1246)
4(1229 1247 1751 1733)
4(1246 1750 1751 1247)
4(1230 1248 1752 1734)
4(1247 1751 1752 1248)
4(1231 1249 1753 1735)
4(1248 1752 1753 1249)
4(1232 1250 1754 1736)
4(1249 1753 1754 1250)
4(1233 1251 1755 1737)
4(1250 1754 1755 1251)
4(1234 1252 1756 1738)
4(1251 1755 1756 1252)
4(1252 1756 1757 1253)
4(1235 1253 1757 1739)
4(1236 1254 1758 1740)
4(359 779 1758 1254)
4(1237 1255 1759 1741)
4(1254 1758 1759 1255)
4(1238 1256 1760 1742)
4(1255 1759 1760 1256)
4(1239 1257 1761 1743)
4(1256 1760 1761 1257)
4(1240 1258 1762 1744)
4(1257 1761 1762 1258)
4(1241 1259 1763 1745)
4(1258 1762 1763 1259)
4(1242 1260 1764 1746)
4(1259 1763 1764 1260)
4(1243 1261 1765 1747)
4(1260 1764 1765 1261)
4(1244 1262 1766 1748)
4(1261 1765 1766 1262)
4(1245 1263 1767 1749)
4(1262 1766 1767 1263)
4(1246 1264 1768 1750)
4(1263 1767 1768 1264)
4(1247 1265 1769 1751)
4(1264 1768 1769 1265)
4(1248 1266 1770 1752)
4(1265 1769 1770 1266)
4(1249 1267 1771 1753)
4(1266 1770 1771 1267)
4(1250 1268 1772 1754)
4(1267 1771 1772 1268)
4(1251 1269 1773 1755)
4(1268 1772 1773 1269)
4(1252 1270 1774 1756)
4(1269 1773 1774 1270)
4(1270 1774 1775 1271)
4(1253 1271 1775 1757)
4(1254 1272 1776 1758)
4(374 794 1776 1272)
4(1255 1273 1777 1759)
4(1272 1776 1777 1273)
4(1256 1274 1778 1760)
4(1273 1777 1778 1274)
4(1257 1275 1779 1761)
4(1274 1778 1779 1275)
4(1258 1276 1780 1762)
4(1275 1779 1780 1276)
4(1259 1277 1781 1763)
4(1276 1780 1781 1277)
4(1260 1278 1782 1764)
4(1277 1781 1782 1278)
4(1261 1279 1783 1765)
4(1278 1782 1783 1279)
4(1262 1280 1784 1766)
4(1279 1783 1784 1280)
4(1263 1281 1785 1767)
4(1280 1784 1785 1281)
4(1264 1282 1786 1768)
4(1281 1785 1786 1282)
4(1265 1283 1787 1769)
4(1282 1786 1787 1283)
4(1266 1284 1788 1770)
4(1283 1787 1788 1284)
4(1267 1285 1789 1771)
4(1284 1788 1789 1285)
4(1268 1286 1790 1772)
4(1285 1789 1790 1286)
4(1269 1287 1791 1773)
4(1286 1790 1791 1287)
4(1270 1288 1792 1774)
4(1287 1791 1792 1288)
4(1288 1792 1793 1289)
4(1271 1289 1793 1775)
4(1272 1290 1794 1776)
4(389 809 1794 1290)
4(1273 1291 1795 1777)
4(1290 1794 1795 1291)
4(1274 1292 1796 1778)
4(1291 1795 1796 1292)
4(1275 1293 1797 1779)
4(1292 1796 1797 1293)
4(1276 1294 1798 1780)
4(1293 1797 1798 1294)
4(1277 1295 1799 1781)
4(1294 1798 1799 1295)
4(1278 1296 1800 1782)
4(1295 1799 1800 1296)
4(1279 1297 1801 1783)
4(1296 1800 1801 1297)
4(1280 1298 1802 1784)
4(1297 1801 1802 1298)
4(1281 1299 1803 1785)
4(1298 1802 1803 1299)
4(1282 1300 1804 1786)
4(1299 1803 1804 1300)
4(1283 1301 1805 1787)
4(1300 1804 1805 1301)
4(1284 1302 1806 1788)
4(1301 1805 1806 1302)
4(1285 1303 1807 1789)
4(1302 1806 1807 1303)
4(1286 1304 1808 1790)
4(1303 1807 1808 1304)
4(1287 1305 1809 1791)
4(1304 1808 1809 1305)
4(1288 1306 1810 1792)
4(1305 1809 1810 1306)
4(1306 1810 1811 1307)
4(1289 1307 1811 1793)
4(1290 1308 1812 1794)
4(404 824 1812 1308)
4(1291 1309 1813 1795)
4(1308 1812 1813 1309)
4(1292 1310 1814 1796)
4(1309 1813 1814 1310)
4(1293 1311 1815 1797)
4(1310 1814 1815 1311)
4(1294 1312 1816 1798)
4(1311 1815 1816 1312)
4(1295 1313 1817 1799)
4(1312 1816 1817 1313)
4(1296 1314 1818 1800)
4(1313 1817 1818 1314)
4(1297 1315 1819 1801)
4(1314 1818 1819 1315)
4(1298 1316 1820 1802)
4(1315 1819 1820 1316)
4(1299 1317 1821 1803)
4(1316 1820 1821 1317)
4(1300 1318 1822 1804)
4(1317 1821 1822 1318)
4(1301 1319 1823 1805)
4(1318 1822 1823 1319)
4(1302 1320 1824 1806)
4(1319 1823 1824 1320)
4(1303 1321 1825 1807)
4(1320 1824 1825 1321)
4(1304 1322 1826 1808)
4(1321 1825 1826 1322)
4(1305 1323 1827 1809)
4(1322 1826 1827 1323)
4(1306 1324 1828 1810)
4(1323 1827 1828 1324)
4(1324 1828 1829 1325)
4(1307 1325 1829 1811)
4(1308 1326 1830 1812)
4(1309 1327 1831 1813)
4(1310 1328 1832 1814)
4(1311 1329 1833 1815)
4(1312 1330 1834 1816)
4(1313 1331 1835 1817)
4(1314 1332 1836 1818)
4(1315 1333 1837 1819)
4(1316 1334 1838 1820)
4(1317 1335 1839 1821)
4(1318 1336 1840 1822)
4(1319 1337 1841 1823)
4(1320 1338 1842 1824)
4(1321 1339 1843 1825)
4(1322 1340 1844 1826)
4(1323 1341 1845 1827)
4(1324 1342 1846 1828)
4(1325 1343 1847 1829)
4(1848 1856 2080 2072)
4(875 1379 2080 1856)
4(1849 1857 2081 2073)
4(1856 2080 2081 1857)
4(1850 1858 2082 2074)
4(1857 2081 2082 1858)
4(1851 1859 2083 2075)
4(1858 2082 2083 1859)
4(1852 1860 2084 2076)
4(1859 2083 2084 1860)
4(1853 1861 2085 2077)
4(1860 2084 2085 1861)
4(1854 1862 2086 2078)
4(1861 2085 2086 1862)
4(1862 2086 2087 1863)
4(1855 1863 2087 2079)
4(1856 1864 2088 2080)
4(893 1397 2088 1864)
4(1857 1865 2089 2081)
4(1864 2088 2089 1865)
4(1858 1866 2090 2082)
4(1865 2089 2090 1866)
4(1859 1867 2091 2083)
4(1866 2090 2091 1867)
4(1860 1868 2092 2084)
4(1867 2091 2092 1868)
4(1861 1869 2093 2085)
4(1868 2092 2093 1869)
4(1862 1870 2094 2086)
4(1869 2093 2094 1870)
4(1870 2094 2095 1871)
4(1863 1871 2095 2087)
4(1864 1872 2096 2088)
4(911 1415 2096 1872)
4(1865 1873 2097 2089)
4(1872 2096 2097 1873)
4(1866 1874 2098 2090)
4(1873 2097 2098 1874)
4(1867 1875 2099 2091)
4(1874 2098 2099 1875)
4(1868 1876 2100 2092)
4(1875 2099 2100 1876)
4(1869 1877 2101 2093)
4(1876 2100 2101 1877)
4(1870 1878 2102 2094)
4(1877 2101 2102 1878)
4(1878 2102 2103 1879)
4(1871 1879 2103 2095)
4(1872 1880 2104 2096)
4(929 1433 2104 1880)
4(1873 1881 2105 2097)
4(1880 2104 2105 1881)
4(1874 1882 2106 2098)
4(1881 2105 2106 1882)
4(1875 1883 2107 2099)
4(1882 2106 2107 1883)
4(1876 1884 2108 2100)
4(1883 2107 2108 1884)
4(1877 1885 2109 2101)
4(1884 2108 2109 1885)
4(1878 1886 2110 2102)
4(1885 2109 2110 1886)
4(1886 2110 2111 1887)
4(1879 1887 2111 2103)
4(1880 1888 2112 2104)
4(947 1451 2112 1888)
4(1881 1889 2113 2105)
4(1888 2112 2113 1889)
4(1882 1890 2114 2106)
4(1889 2113 2114 1890)
4(1883 1891 2115 2107)
4(1890 2114 2115 1891)
4(1884 1892 2116 2108)
4(1891 2115 2116 1892)
4(1885 1893 2117 2109)
4(1892 2116 2117 1893)
4(1886 1894 2118 2110)
4(1893 2117 2118 1894)
4(1894 2118 2119 1895)
4(1887 1895 2119 2111)
4(1888 1896 2120 2112)
4(965 1469 2120 1896)
4(1889 1897 2121 2113)
4(1896 2120 2121 1897)
4(1890 1898 2122 2114)
4(1897 2121 2122 1898)
4(1891 1899 2123 2115)
4(1898 2122 2123 1899)
4(1892 1900 2124 2116)
4(1899 2123 2124 1900)
4(1893 1901 2125 2117)
4(1900 2124 2125 1901)
4(1894 1902 2126 2118)
4(1901 2125 2126 1902)
4(1902 2126 2127 1903)
4(1895 1903 2127 2119)
4(1896 1904 2128 2120)
4(983 1487 2128 1904)
4(1897 1905 2129 2121)
4(1904 2128 2129 1905)
4(1898 1906 2130 2122)
4(1905 2129 2130 1906)
4(1899 1907 2131 2123)
4(1906 2130 2131 1907)
4(1900 1908 2132 2124)
4(1907 2131 2132 1908)
4(1901 1909 2133 2125)
4(1908 2132 2133 1909)
4(1902 1910 2134 2126)
4(1909 2133 2134 1910)
4(1910 2134 2135 1911)
4(1903 1911 2135 2127)
4(1904 1912 2136 2128)
4(1001 1505 2136 1912)
4(1905 1913 2137 2129)
4(1912 2136 2137 1913)
4(1906 1914 2138 2130)
4(1913 2137 2138 1914)
4(1907 1915 2139 2131)
4(1914 2138 2139 1915)
4(1908 1916 2140 2132)
4(1915 2139 2140 1916)
4(1909 1917 2141 2133)
4(1916 2140 2141 1917)
4(1910 1918 2142 2134)
4(1917 2141 2142 1918)
4(1918 2142 2143 1919)
4(1911 1919 2143 2135)
4(1912 1920 2144 2136)
4(1019 1523 2144 1920)
4(1913 1921 2145 2137)
4(1920 2144 2145 1921)
4(1914 1922 2146 2138)
4(1921 2145 2146 1922)
4(1915 1923 2147 2139)
4(1922 2146 2147 1923)
4(1916 1924 2148 2140)
4(1923 2147 2148 1924)
4(1917 1925 2149 2141)
4(1924 2148 2149 1925)
4(1918 1926 2150 2142)
4(1925 2149 2150 1926)
4(1926 2150 2151 1927)
4(1919 1927 2151 2143)
4(1920 1928 2152 2144)
4(1037 1541 2152 1928)
4(1921 1929 2153 2145)
4(1928 2152 2153 1929)
4(1922 1930 2154 2146)
4(1929 2153 2154 1930)
4(1923 1931 2155 2147)
4(1930 2154 2155 1931)
4(1924 1932 2156 2148)
4(1931 2155 2156 1932)
4(1925 1933 2157 2149)
4(1932 2156 2157 1933)
4(1926 1934 2158 2150)
4(1933 2157 2158 1934)
4(1934 2158 2159 1935)
4(1927 1935 2159 2151)
4(1928 1936 2160 2152)
4(1055 1559 2160 1936)
4(1929 1937 2161 2153)
4(1936 2160 2161 1937)
4(1930 1938 2162 2154)
4(1937 2161 2162 1938)
4(1931 1939 2163 2155)
4(1938 2162 2163 1939)
4(1932 1940 2164 2156)
4(1939 2163 2164 1940)
4(1933 1941 2165 2157)
4(1940 2164 2165 1941)
4(1934 1942 2166 2158)
4(1941 2165 2166 1942)
4(1942 2166 2167 1943)
4(1935 1943 2167 2159)
4(1936 1944 2168 2160)
4(1073 1577 2168 1944)
4(1937 1945 2169 2161)
4(1944 2168 2169 1945)
4(1938 1946 2170 2162)
4(1945 2169 2170 1946)
4(1939 1947 2171 2163)
4(1946 2170 2171 1947)
4(1940 1948 2172 2164)
4(1947 2171 2172 1948)
4(1941 1949 2173 2165)
4(1948 2172 2173 1949)
4(1942 1950 2174 2166)
4(1949 2173 2174 1950)
4(1950 2174 2175 1951)
4(1943 1951 2175 2167)
4(1944 1952 2176 2168)
4(1091 1595 2176 1952)
4(1945 1953 2177 2169)
4(1952 2176 2177 1953)
4(1946 1954 2178 2170)
4(1953 2177 2178 1954)
4(1947 1955 2179 2171)
4(1954 2178 2179 1955)
4(1948 1956 2180 2172)
4(1955 2179 2180 1956)
4(1949 1957 2181 2173)
4(1956 2180 2181 1957)
4(1950 1958 2182 2174)
4(1957 2181 2182 1958)
4(1958 2182 2183 1959)
4(1951 1959 2183 2175)
4(1952 1960 2184 2176)
4(1109 1613 2184 1960)
4(1953 1961 2185 2177)
4(1960 2184 2185 1961)
4(1954 1962 2186 2178)
4(1961 2185 2186 1962)
4(1955 1963 2187 2179)
4(1962 2186 2187 1963)
4(1956 1964 2188 2180)
4(1963 2187 2188 1964)
4(1957 1965 2189 2181)
4(1964 2188 2189 1965)
4(1958 1966 2190 2182)
4(1965 2189 2190 1966)
4(1966 2190 2191 1967)
4(1959 1967 2191 2183)
4(1960 1968 2192 2184)
4(1127 1631 2192 1968)
4(1961 1969 2193 2185)
4(1968 2192 2193 1969)
4(1962 1970 2194 2186)
4(1969 2193 2194 1970)
4(1963 1971 2195 2187)
4(1970 2194 2195 1971)
4(1964 1972 2196 2188)
4(1971 2195 2196 1972)
4(1965 1973 2197 2189)
4(1972 2196 2197 1973)
4(1966 1974 2198 2190)
4(1973 2197 2198 1974)
4(1974 2198 2199 1975)
4(1967 1975 2199 2191)
4(1968 1976 2200 2192)
4(1145 1649 2200 1976)
4(1969 1977 2201 2193)
4(1976 2200 2201 1977)
4(1970 1978 2202 2194)
4(1977 2201 2202 1978)
4(1971 1979 2203 2195)
4(1978 2202 2203 1979)
4(1972 1980 2204 2196)
4(1979 2203 2204 1980)
4(1973 1981 2205 2197)
4(1980 2204 2205 1981)
4(1974 1982 2206 2198)
4(1981 2205 2206 1982)
4(1982 2206 2207 1983)
4(1975 1983 2207 2199)
4(1976 1984 2208 2200)
4(1163 1667 2208 1984)
4(1977 1985 2209 2201)
4(1984 2208 2209 1985)
4(1978 1986 2210 2202)
4(1985 2209 2210 1986)
4(1979 1987 2211 2203)
4(1986 2210 2211 1987)
4(1980 1988 2212 2204)
4(1987 2211 2212 1988)
4(1981 1989 2213 2205)
4(1988 2212 2213 1989)
4(1982 1990 2214 2206)
4(1989 2213 2214 1990)
4(1990 2214 2215 1991)
4(1983 1991 2215 2207)
4(1984 1992 2216 2208)
4(1181 1685 2216 1992)
4(1985 1993 2217 2209)
4(1992 2216 2217 1993)
4(1986 1994 2218 2210)
4(1993 2217 2218 1994)
4(1987 1995 2219 2211)
4(1994 2218 2219 1995)
4(1988 1996 2220 2212)
4(1995 2219 2220 1996)
4(1989 1997 2221 2213)
4(1996 2220 2221 1997)
4(1990 1998 2222 2214)
4(1997 2221 2222 1998)
4(1998 2222 2223 1999)
4(1991 1999 2223 2215)
4(1992 2000 2224 2216)
4(1199 1703 2224 2000)
4(1993 2001 2225 2217)
4(2000 2224 2225 2001)
4(1994 2002 2226 2218)
4(2001 2225 2226 2002)
4(1995 2003 2227 2219)
4(2002 2226 2227 2003)
4(1996 2004 2228 2220)
4(2003 2227 2228 2004)
4(1997 2005 2229 2221)
4(2004 2228 2229 2005)
4(1998 2006 2230 2222)
4(2005 2229 2230 2006)
4(2006 2230 2231 2007)
4(1999 2007 2231 2223)
4(2000 2008 2232 2224)
4(1217 1721 2232 2008)
4(2001 2009 2233 2225)
4(2008 2232 2233 2009)
4(2002 2010 2234 2226)
4(2009 2233 2234 2010)
4(2003 2011 2235 2227)
4(2010 2234 2235 2011)
4(2004 2012 2236 2228)
4(2011 2235 2236 2012)
4(2005 2013 2237 2229)
4(2012 2236 2237 2013)
4(2006 2014 2238 2230)
4(2013 2237 2238 2014)
4(2014 2238 2239 2015)
4(2007 2015 2239 2231)
4(2008 2016 2240 2232)
4(1235 1739 2240 2016)
4(2009 2017 2241 2233)
4(2016 2240 2241 2017)
4(2010 2018 2242 2234)
4(2017 2241 2242 2018)
4(2011 2019 2243 2235)
4(2018 2242 2243 2019)
4(2012 2020 2244 2236)
4(2019 2243 2244 2020)
4(2013 2021 2245 2237)
4(2020 2244 2245 2021)
4(2014 2022 2246 2238)
4(2021 2245 2246 2022)
4(2022 2246 2247 2023)
4(2015 2023 2247 2239)
4(2016 2024 2248 2240)
4(1253 1757 2248 2024)
4(2017 2025 2249 2241)
4(2024 2248 2249 2025)
4(2018 2026 2250 2242)
4(2025 2249 2250 2026)
4(2019 2027 2251 2243)
4(2026 2250 2251 2027)
4(2020 2028 2252 2244)
4(2027 2251 2252 2028)
4(2021 2029 2253 2245)
4(2028 2252 2253 2029)
4(2022 2030 2254 2246)
4(2029 2253 2254 2030)
4(2030 2254 2255 2031)
4(2023 2031 2255 2247)
4(2024 2032 2256 2248)
4(1271 1775 2256 2032)
4(2025 2033 2257 2249)
4(2032 2256 2257 2033)
4(2026 2034 2258 2250)
4(2033 2257 2258 2034)
4(2027 2035 2259 2251)
4(2034 2258 2259 2035)
4(2028 2036 2260 2252)
4(2035 2259 2260 2036)
4(2029 2037 2261 2253)
4(2036 2260 2261 2037)
4(2030 2038 2262 2254)
4(2037 2261 2262 2038)
4(2038 2262 2263 2039)
4(2031 2039 2263 2255)
4(2032 2040 2264 2256)
4(1289 1793 2264 2040)
4(2033 2041 2265 2257)
4(2040 2264 2265 2041)
4(2034 2042 2266 2258)
4(2041 2265 2266 2042)
4(2035 2043 2267 2259)
4(2042 2266 2267 2043)
4(2036 2044 2268 2260)
4(2043 2267 2268 2044)
4(2037 2045 2269 2261)
4(2044 2268 2269 2045)
4(2038 2046 2270 2262)
4(2045 2269 2270 2046)
4(2046 2270 2271 2047)
4(2039 2047 2271 2263)
4(2040 2048 2272 2264)
4(1307 1811 2272 2048)
4(2041 2049 2273 2265)
4(2048 2272 2273 2049)
4(2042 2050 2274 2266)
4(2049 2273 2274 2050)
4(2043 2051 2275 2267)
4(2050 2274 2275 2051)
4(2044 2052 2276 2268)
4(2051 2275 2276 2052)
4(2045 2053 2277 2269)
4(2052 2276 2277 2053)
4(2046 2054 2278 2270)
4(2053 2277 2278 2054)
4(2054 2278 2279 2055)
4(2047 2055 2279 2271)
4(2048 2056 2280 2272)
4(1325 1829 2280 2056)
4(2049 2057 2281 2273)
4(2056 2280 2281 2057)
4(2050 2058 2282 2274)
4(2057 2281 2282 2058)
4(2051 2059 2283 2275)
4(2058 2282 2283 2059)
4(2052 2060 2284 2276)
4(2059 2283 2284 2060)
4(2053 2061 2285 2277)
4(2060 2284 2285 2061)
4(2054 2062 2286 2278)
4(2061 2285 2286 2062)
4(2062 2286 2287 2063)
4(2055 2063 2287 2279)
4(2056 2064 2288 2280)
4(2057 2065 2289 2281)
4(2058 2066 2290 2282)
4(2059 2067 2291 2283)
4(2060 2068 2292 2284)
4(2061 2069 2293 2285)
4(2062 2070 2294 2286)
4(2063 2071 2295 2287)
4(2296 2304 2528 2520)
4(1863 2087 2528 2304)
4(2297 2305 2529 2521)
4(2304 2528 2529 2305)
4(2298 2306 2530 2522)
4(2305 2529 2530 2306)
4(2299 2307 2531 2523)
4(2306 2530 2531 2307)
4(2300 2308 2532 2524)
4(2307 2531 2532 2308)
4(2301 2309 2533 2525)
4(2308 2532 2533 2309)
4(2302 2310 2534 2526)
4(2309 2533 2534 2310)
4(2310 2534 2535 2311)
4(2303 2311 2535 2527)
4(2304 2312 2536 2528)
4(1871 2095 2536 2312)
4(2305 2313 2537 2529)
4(2312 2536 2537 2313)
4(2306 2314 2538 2530)
4(2313 2537 2538 2314)
4(2307 2315 2539 2531)
4(2314 2538 2539 2315)
4(2308 2316 2540 2532)
4(2315 2539 2540 2316)
4(2309 2317 2541 2533)
4(2316 2540 2541 2317)
4(2310 2318 2542 2534)
4(2317 2541 2542 2318)
4(2318 2542 2543 2319)
4(2311 2319 2543 2535)
4(2312 2320 2544 2536)
4(1879 2103 2544 2320)
4(2313 2321 2545 2537)
4(2320 2544 2545 2321)
4(2314 2322 2546 2538)
4(2321 2545 2546 2322)
4(2315 2323 2547 2539)
4(2322 2546 2547 2323)
4(2316 2324 2548 2540)
4(2323 2547 2548 2324)
4(2317 2325 2549 2541)
4(2324 2548 2549 2325)
4(2318 2326 2550 2542)
4(2325 2549 2550 2326)
4(2326 2550 2551 2327)
4(2319 2327 2551 2543)
4(2320 2328 2552 2544)
4(1887 2111 2552 2328)
4(2321 2329 2553 2545)
4(2328 2552 2553 2329)
4(2322 2330 2554 2546)
4(2329 2553 2554 2330)
4(2323 2331 2555 2547)
4(2330 2554 2555 2331)
4(2324 2332 2556 2548)
4(2331 2555 2556 2332)
4(2325 2333 2557 2549)
4(2332 2556 2557 2333)
4(2326 2334 2558 2550)
4(2333 2557 2558 2334)
4(2334 2558 2559 2335)
4(2327 2335 2559 2551)
4(2328 2336 2560 2552)
4(1895 2119 2560 2336)
4(2329 2337 2561 2553)
4(2336 2560 2561 2337)
4(2330 2338 2562 2554)
4(2337 2561 2562 2338)
4(2331 2339 2563 2555)
4(2338 2562 2563 2339)
4(2332 2340 2564 2556)
4(2339 2563 2564 2340)
4(2333 2341 2565 2557)
4(2340 2564 2565 2341)
4(2334 2342 2566 2558)
4(2341 2565 2566 2342)
4(2342 2566 2567 2343)
4(2335 2343 2567 2559)
4(2336 2344 2568 2560)
4(1903 2127 2568 2344)
4(2337 2345 2569 2561)
4(2344 2568 2569 2345)
4(2338 2346 2570 2562)
4(2345 2569 2570 2346)
4(2339 2347 2571 2563)
4(2346 2570 2571 2347)
4(2340 2348 2572 2564)
4(2347 2571 2572 2348)
4(2341 2349 2573 2565)
4(2348 2572 2573 2349)
4(2342 2350 2574 2566)
4(2349 2573 2574 2350)
4(2350 2574 2575 2351)
4(2343 2351 2575 2567)
4(2344 2352 2576 2568)
4(1911 2135 2576 2352)
4(2345 2353 2577 2569)
4(2352 2576 2577 2353)
4(2346 2354 2578 2570)
4(2353 2577 2578 2354)
4(2347 2355 2579 2571)
4(2354 2578 2579 2355)
4(2348 2356 2580 2572)
4(2355 2579 2580 2356)
4(2349 2357 2581 2573)
4(2356 2580 2581 2357)
4(2350 2358 2582 2574)
4(2357 2581 2582 2358)
4(2358 2582 2583 2359)
4(2351 2359 2583 2575)
4(2352 2360 2584 2576)
4(1919 2143 2584 2360)
4(2353 2361 2585 2577)
4(2360 2584 2585 2361)
4(2354 2362 2586 2578)
4(2361 2585 2586 2362)
4(2355 2363 2587 2579)
4(2362 2586 2587 2363)
4(2356 2364 2588 2580)
4(2363 2587 2588 2364)
4(2357 2365 2589 2581)
4(2364 2588 2589 2365)
4(2358 2366 2590 2582)
4(2365 2589 2590 2366)
4(2366 2590 2591 2367)
4(2359 2367 2591 2583)
4(2360 2368 2592 2584)
4(1927 2151 2592 2368)
4(2361 2369 2593 2585)
4(2368 2592 2593 2369)
4(2362 2370 2594 2586)
4(2369 2593 2594 2370)
4(2363 2371 2595 2587)
4(2370 2594 2595 2371)
4(2364 2372 2596 2588)
4(2371 2595 2596 2372)
4(2365 2373 2597 2589)
4(2372 2596 2597 2373)
4(2366 2374 2598 2590)
4(2373 2597 2598 2374)
4(2374 2598 2599 2375)
4(2367 2375 2599 2591)
4(2368 2376 2600 2592)
4(1935 2159 2600 2376)
4(2369 2377 2601 2593)
4(2376 2600 2601 2377)
4(2370 2378 2602 2594)
4(2377 2601 2602 2378)
4(2371 2379 2603 2595)
4(2378 2602 2603 2379)
4(2372 2380 2604 2596)
4(2379 2603 2604 2380)
4(2373 2381 2605 2597)
4(2380 2604 2605 2381)
4(2374 2382 2606 2598)
4(2381 2605 2606 2382)
4(2382 2606 2607 2383)
4(2375 2383 2607 2599)
4(2376 2384 2608 2600)
4(1943 2167 2608 2384)
4(2377 2385 2609 2601)
4(2384 2608 2609 2385)
4(2378 2386 2610 2602)
4(2385 2609 2610 2386)
4(2379 2387 2611 2603)
4(2386 2610 2611 2387)
4(2380 2388 2612 2604)
4(2387 2611 2612 2388)
4(2381 2389 2613 2605)
4(2388 2612 2613 2389)
4(2382 2390 2614 2606)
4(2389 2613 2614 2390)
4(2390 2614 2615 2391)
4(2383 2391 2615 2607)
4(2384 2392 2616 2608)
4(1951 2175 2616 2392)
4(2385 2393 2617 2609)
4(2392 2616 2617 2393)
4(2386 2394 2618 2610)
4(2393 2617 2618 2394)
4(2387 2395 2619 2611)
4(2394 2618 2619 2395)
4(2388 2396 2620 2612)
4(2395 2619 2620 2396)
4(2389 2397 2621 2613)
4(2396 2620 2621 2397)
4(2390 2398 2622 2614)
4(2397 2621 2622 2398)
4(2398 2622 2623 2399)
4(2391 2399 2623 2615)
4(2392 2400 2624 2616)
4(1959 2183 2624 2400)
4(2393 2401 2625 2617)
4(2400 2624 2625 2401)
4(2394 2402 2626 2618)
4(2401 2625 2626 2402)
4(2395 2403 2627 2619)
4(2402 2626 2627 2403)
4(2396 2404 2628 2620)
4(2403 2627 2628 2404)
4(2397 2405 2629 2621)
4(2404 2628 2629 2405)
4(2398 2406 2630 2622)
4(2405 2629 2630 2406)
4(2406 2630 2631 2407)
4(2399 2407 2631 2623)
4(2400 2408 2632 2624)
4(1967 2191 2632 2408)
4(2401 2409 2633 2625)
4(2408 2632 2633 2409)
4(2402 2410 2634 2626)
4(2409 2633 2634 2410)
4(2403 2411 2635 2627)
4(2410 2634 2635 2411)
4(2404 2412 2636 2628)
4(2411 2635 2636 2412)
4(2405 2413 2637 2629)
4(2412 2636 2637 2413)
4(2406 2414 2638 2630)
4(2413 2637 2638 2414)
4(2414 2638 2639 2415)
4(2407 2415 2639 2631)
4(2408 2416 2640 2632)
4(1975 2199 2640 2416)
4(2409 2417 2641 2633)
4(2416 2640 2641 2417)
4(2410 2418 2642 2634)
4(2417 2641 2642 2418)
4(2411 2419 2643 2635)
4(2418 2642 2643 2419)
4(2412 2420 2644 2636)
4(2419 2643 2644 2420)
4(2413 2421 2645 2637)
4(2420 2644 2645 2421)
4(2414 2422 2646 2638)
4(2421 2645 2646 2422)
4(2422 2646 2647 2423)
4(2415 2423 2647 2639)
4(2416 2424 2648 2640)
4(1983 2207 2648 2424)
4(2417 2425 2649 2641)
4(2424 2648 2649 2425)
4(2418 2426 2650 2642)
4(2425 2649 2650 2426)
4(2419 2427 2651 2643)
4(2426 2650 2651 2427)
4(2420 2428 2652 2644)
4(2427 2651 2652 2428)
4(2421 2429 2653 2645)
4(2428 2652 2653 2429)
4(2422 2430 2654 2646)
4(2429 2653 2654 2430)
4(2430 2654 2655 2431)
4(2423 2431 2655 2647)
4(2424 2432 2656 2648)
4(1991 2215 2656 2432)
4(2425 2433 2657 2649)
4(2432 2656 2657 2433)
4(2426 2434 2658 2650)
4(2433 2657 2658 2434)
4(2427 2435 2659 2651)
4(2434 2658 2659 2435)
4(2428 2436 2660 2652)
4(2435 2659 2660 2436)
4(2429 2437 2661 2653)
4(2436 2660 2661 2437)
4(2430 2438 2662 2654)
4(2437 2661 2662 2438)
4(2438 2662 2663 2439)
4(2431 2439 2663 2655)
4(2432 2440 2664 2656)
4(1999 2223 2664 2440)
4(2433 2441 2665 2657)
4(2440 2664 2665 2441)
4(2434 2442 2666 2658)
4(2441 2665 2666 2442)
4(2435 2443 2667 2659)
4(2442 2666 2667 2443)
4(2436 2444 2668 2660)
4(2443 2667 2668 2444)
4(2437 2445 2669 2661)
4(2444 2668 2669 2445)
4(2438 2446 2670 2662)
4(2445 2669 2670 2446)
4(2446 2670 2671 2447)
4(2439 2447 2671 2663)
4(2440 2448 2672 2664)
4(2007 2231 2672 2448)
4(2441 2449 2673 2665)
4(2448 2672 2673 2449)
4(2442 2450 2674 2666)
4(2449 2673 2674 2450)
4(2443 2451 2675 2667)
4(2450 2674 2675 2451)
4(2444 2452 2676 2668)
4(2451 2675 2676 2452)
4(2445 2453 2677 2669)
4(2452 2676 2677 2453)
4(2446 2454 2678 2670)
4(2453 2677 2678 2454)
4(2454 2678 2679 2455)
4(2447 2455 2679 2671)
4(2448 2456 2680 2672)
4(2015 2239 2680 2456)
4(2449 2457 2681 2673)
4(2456 2680 2681 2457)
4(2450 2458 2682 2674)
4(2457 2681 2682 2458)
4(2451 2459 2683 2675)
4(2458 2682 2683 2459)
4(2452 2460 2684 2676)
4(2459 2683 2684 2460)
4(2453 2461 2685 2677)
4(2460 2684 2685 2461)
4(2454 2462 2686 2678)
4(2461 2685 2686 2462)
4(2462 2686 2687 2463)
4(2455 2463 2687 2679)
4(2456 2464 2688 2680)
4(2023 2247 2688 2464)
4(2457 2465 2689 2681)
4(2464 2688 2689 2465)
4(2458 2466 2690 2682)
4(2465 2689 2690 2466)
4(2459 2467 2691 2683)
4(2466 2690 2691 2467)
4(2460 2468 2692 2684)
4(2467 2691 2692 2468)
4(2461 2469 2693 2685)
4(2468 2692 2693 2469)
4(2462 2470 2694 2686)
4(2469 2693 2694 2470)
4(2470 2694 2695 2471)
4(2463 2471 2695 2687)
4(2464 2472 2696 2688)
4(2031 2255 2696 2472)
4(2465 2473 2697 2689)
4(2472 2696 2697 2473)
4(2466 2474 2698 2690)
4(2473 2697 2698 2474)
4(2467 2475 2699 2691)
4(2474 2698 2699 2475)
4(2468 2476 2700 2692)
4(2475 2699 2700 2476)
4(2469 2477 2701 2693)
4(2476 2700 2701 2477)
4(2470 2478 2702 2694)
4(2477 2701 2702 2478)
4(2478 2702 2703 2479)
4(2471 2479 2703 2695)
4(2472 2480 2704 2696)
4(2039 2263 2704 2480)
4(2473 2481 2705 2697)
4(2480 2704 2705 2481)
4(2474 2482 2706 2698)
4(2481 2705 2706 2482)
4(2475 2483 2707 2699)
4(2482 2706 2707 2483)
4(2476 2484 2708 2700)
4(2483 2707 2708 2484)
4(2477 2485 2709 2701)
4(2484 2708 2709 2485)
4(2478 2486 2710 2702)
4(2485 2709 2710 2486)
4(2486 2710 2711 2487)
4(2479 2487 2711 2703)
4(2480 2488 2712 2704)
4(2047 2271 2712 2488)
4(2481 2489 2713 2705)
4(2488 2712 2713 2489)
4(2482 2490 2714 2706)
4(2489 2713 2714 2490)
4(2483 2491 2715 2707)
4(2490 2714 2715 2491)
4(2484 2492 2716 2708)
4(2491 2715 2716 2492)
4(2485 2493 2717 2709)
4(2492 2716 2717 2493)
4(2486 2494 2718 2710)
4(2493 2717 2718 2494)
4(2494 2718 2719 2495)
4(2487 2495 2719 2711)
4(2488 2496 2720 2712)
4(2055 2279 2720 2496)
4(2489 2497 2721 2713)
4(2496 2720 2721 2497)
4(2490 2498 2722 2714)
4(2497 2721 2722 2498)
4(2491 2499 2723 2715)
4(2498 2722 2723 2499)
4(2492 2500 2724 2716)
4(2499 2723 2724 2500)
4(2493 2501 2725 2717)
4(2500 2724 2725 2501)
4(2494 2502 2726 2718)
4(2501 2725 2726 2502)
4(2502 2726 2727 2503)
4(2495 2503 2727 2719)
4(2496 2504 2728 2720)
4(2063 2287 2728 2504)
4(2497 2505 2729 2721)
4(2504 2728 2729 2505)
4(2498 2506 2730 2722)
4(2505 2729 2730 2506)
4(2499 2507 2731 2723)
4(2506 2730 2731 2507)
4(2500 2508 2732 2724)
4(2507 2731 2732 2508)
4(2501 2509 2733 2725)
4(2508 2732 2733 2509)
4(2502 2510 2734 2726)
4(2509 2733 2734 2510)
4(2510 2734 2735 2511)
4(2503 2511 2735 2727)
4(2504 2512 2736 2728)
4(2505 2513 2737 2729)
4(2506 2514 2738 2730)
4(2507 2515 2739 2731)
4(2508 2516 2740 2732)
4(2509 2517 2741 2733)
4(2510 2518 2742 2734)
4(2511 2519 2743 2735)
4(2744 2772 3556 3528)
4(2311 2535 3556 2772)
4(2745 2773 3557 3529)
4(2772 3556 3557 2773)
4(2746 2774 3558 3530)
4(2773 3557 3558 2774)
4(2747 2775 3559 3531)
4(2774 3558 3559 2775)
4(2748 2776 3560 3532)
4(2775 3559 3560 2776)
4(2749 2777 3561 3533)
4(2776 3560 3561 2777)
4(2750 2778 3562 3534)
4(2777 3561 3562 2778)
4(2751 2779 3563 3535)
4(2778 3562 3563 2779)
4(2752 2780 3564 3536)
4(2779 3563 3564 2780)
4(2753 2781 3565 3537)
4(2780 3564 3565 2781)
4(2754 2782 3566 3538)
4(2781 3565 3566 2782)
4(2755 2783 3567 3539)
4(2782 3566 3567 2783)
4(2756 2784 3568 3540)
4(2783 3567 3568 2784)
4(2757 2785 3569 3541)
4(2784 3568 3569 2785)
4(2758 2786 3570 3542)
4(2785 3569 3570 2786)
4(2759 2787 3571 3543)
4(2786 3570 3571 2787)
4(2760 2788 3572 3544)
4(2787 3571 3572 2788)
4(2761 2789 3573 3545)
4(2788 3572 3573 2789)
4(2762 2790 3574 3546)
4(2789 3573 3574 2790)
4(2763 2791 3575 3547)
4(2790 3574 3575 2791)
4(2764 2792 3576 3548)
4(2791 3575 3576 2792)
4(2765 2793 3577 3549)
4(2792 3576 3577 2793)
4(2766 2794 3578 3550)
4(2793 3577 3578 2794)
4(2767 2795 3579 3551)
4(2794 3578 3579 2795)
4(2768 2796 3580 3552)
4(2795 3579 3580 2796)
4(2769 2797 3581 3553)
4(2796 3580 3581 2797)
4(2770 2798 3582 3554)
4(2797 3581 3582 2798)
4(2798 3582 3583 2799)
4(2772 2800 3584 3556)
4(2319 2543 3584 2800)
4(2773 2801 3585 3557)
4(2800 3584 3585 2801)
4(2774 2802 3586 3558)
4(2801 3585 3586 2802)
4(2775 2803 3587 3559)
4(2802 3586 3587 2803)
4(2776 2804 3588 3560)
4(2803 3587 3588 2804)
4(2777 2805 3589 3561)
4(2804 3588 3589 2805)
4(2778 2806 3590 3562)
4(2805 3589 3590 2806)
4(2779 2807 3591 3563)
4(2806 3590 3591 2807)
4(2780 2808 3592 3564)
4(2807 3591 3592 2808)
4(2781 2809 3593 3565)
4(2808 3592 3593 2809)
4(2782 2810 3594 3566)
4(2809 3593 3594 2810)
4(2783 2811 3595 3567)
4(2810 3594 3595 2811)
4(2784 2812 3596 3568)
4(2811 3595 3596 2812)
4(2785 2813 3597 3569)
4(2812 3596 3597 2813)
4(2786 2814 3598 3570)
4(2813 3597 3598 2814)
4(2787 2815 3599 3571)
4(2814 3598 3599 2815)
4(2788 2816 3600 3572)
4(2815 3599 3600 2816)
4(2789 2817 3601 3573)
4(2816 3600 3601 2817)
4(2790 2818 3602 3574)
4(2817 3601 3602 2818)
4(2791 2819 3603 3575)
4(2818 3602 3603 2819)
4(2792 2820 3604 3576)
4(2819 3603 3604 2820)
4(2793 2821 3605 3577)
4(2820 3604 3605 2821)
4(2794 2822 3606 3578)
4(2821 3605 3606 2822)
4(2795 2823 3607 3579)
4(2822 3606 3607 2823)
4(2796 2824 3608 3580)
4(2823 3607 3608 2824)
4(2797 2825 3609 3581)
4(2824 3608 3609 2825)
4(2798 2826 3610 3582)
4(2825 3609 3610 2826)
4(2826 3610 3611 2827)
4(2800 2828 3612 3584)
4(2327 2551 3612 2828)
4(2801 2829 3613 3585)
4(2828 3612 3613 2829)
4(2802 2830 3614 3586)
4(2829 3613 3614 2830)
4(2803 2831 3615 3587)
4(2830 3614 3615 2831)
4(2804 2832 3616 3588)
4(2831 3615 3616 2832)
4(2805 2833 3617 3589)
4(2832 3616 3617 2833)
4(2806 2834 3618 3590)
4(2833 3617 3618 2834)
4(2807 2835 3619 3591)
4(2834 3618 3619 2835)
4(2808 2836 3620 3592)
4(2835 3619 3620 2836)
4(2809 2837 3621 3593)
4(2836 3620 3621 2837)
4(2810 2838 3622 3594)
4(2837 3621 3622 2838)
4(2811 2839 3623 3595)
4(2838 3622 3623 2839)
4(2812 2840 3624 3596)
4(2839 3623 3624 2840)
4(2813 2841 3625 3597)
4(2840 3624 3625 2841)
4(2814 2842 3626 3598)
4(2841 3625 3626 2842)
4(2815 2843 3627 3599)
4(2842 3626 3627 2843)
4(2816 2844 3628 3600)
4(2843 3627 3628 2844)
4(2817 2845 3629 3601)
4(2844 3628 3629 2845)
4(2818 2846 3630 3602)
4(2845 3629 3630 2846)
4(2819 2847 3631 3603)
4(2846 3630 3631 2847)
4(2820 2848 3632 3604)
4(2847 3631 3632 2848)
4(2821 2849 3633 3605)
4(2848 3632 3633 2849)
4(2822 2850 3634 3606)
4(2849 3633 3634 2850)
4(2823 2851 3635 3607)
4(2850 3634 3635 2851)
4(2824 2852 3636 3608)
4(2851 3635 3636 2852)
4(2825 2853 3637 3609)
4(2852 3636 3637 2853)
4(2826 2854 3638 3610)
4(2853 3637 3638 2854)
4(2854 3638 3639 2855)
4(2828 2856 3640 3612)
4(2335 2559 3640 2856)
4(2829 2857 3641 3613)
4(2856 3640 3641 2857)
4(2830 2858 3642 3614)
4(2857 3641 3642 2858)
4(2831 2859 3643 3615)
4(2858 3642 3643 2859)
4(2832 2860 3644 3616)
4(2859 3643 3644 2860)
4(2833 2861 3645 3617)
4(2860 3644 3645 2861)
4(2834 2862 3646 3618)
4(2861 3645 3646 2862)
4(2835 2863 3647 3619)
4(2862 3646 3647 2863)
4(2836 2864 3648 3620)
4(2863 3647 3648 2864)
4(2837 2865 3649 3621)
4(2864 3648 3649 2865)
4(2838 2866 3650 3622)
4(2865 3649 3650 2866)
4(2839 2867 3651 3623)
4(2866 3650 3651 2867)
4(2840 2868 3652 3624)
4(2867 3651 3652 2868)
4(2841 2869 3653 3625)
4(2868 3652 3653 2869)
4(2842 2870 3654 3626)
4(2869 3653 3654 2870)
4(2843 2871 3655 3627)
4(2870 3654 3655 2871)
4(2844 2872 3656 3628)
4(2871 3655 3656 2872)
4(2845 2873 3657 3629)
4(2872 3656 3657 2873)
4(2846 2874 3658 3630)
4(2873 3657 3658 2874)
4(2847 2875 3659 3631)
4(2874 3658 3659 2875)
4(2848 2876 3660 3632)
4(2875 3659 3660 2876)
4(2849 2877 3661 3633)
4(2876 3660 3661 2877)
4(2850 2878 3662 3634)
4(2877 3661 3662 2878)
4(2851 2879 3663 3635)
4(2878 3662 3663 2879)
4(2852 2880 3664 3636)
4(2879 3663 3664 2880)
4(2853 2881 3665 3637)
4(2880 3664 3665 2881)
4(2854 2882 3666 3638)
4(2881 3665 3666 2882)
4(2882 3666 3667 2883)
4(2856 2884 3668 3640)
4(2343 2567 3668 2884)
4(2857 2885 3669 3641)
4(2884 3668 3669 2885)
4(2858 2886 3670 3642)
4(2885 3669 3670 2886)
4(2859 2887 3671 3643)
4(2886 3670 3671 2887)
4(2860 2888 3672 3644)
4(2887 3671 3672 2888)
4(2861 2889 3673 3645)
4(2888 3672 3673 2889)
4(2862 2890 3674 3646)
4(2889 3673 3674 2890)
4(2863 2891 3675 3647)
4(2890 3674 3675 2891)
4(2864 2892 3676 3648)
4(2891 3675 3676 2892)
4(2865 2893 3677 3649)
4(2892 3676 3677 2893)
4(2866 2894 3678 3650)
4(2893 3677 3678 2894)
4(2867 2895 3679 3651)
4(2894 3678 3679 2895)
4(2868 2896 3680 3652)
4(2895 3679 3680 2896)
4(2869 2897 3681 3653)
4(2896 3680 3681 2897)
4(2870 2898 3682 3654)
4(2897 3681 3682 2898)
4(2871 2899 3683 3655)
4(2898 3682 3683 2899)
4(2872 2900 3684 3656)
4(2899 3683 3684 2900)
4(2873 2901 3685 3657)
4(2900 3684 3685 2901)
4(2874 2902 3686 3658)
4(2901 3685 3686 2902)
4(2875 2903 3687 3659)
4(2902 3686 3687 2903)
4(2876 2904 3688 3660)
4(2903 3687 3688 2904)
4(2877 2905 3689 3661)
4(2904 3688 3689 2905)
4(2878 2906 3690 3662)
4(2905 3689 3690 2906)
4(2879 2907 3691 3663)
4(2906 3690 3691 2907)
4(2880 2908 3692 3664)
4(2907 3691 3692 2908)
4(2881 2909 3693 3665)
4(2908 3692 3693 2909)
4(2882 2910 3694 3666)
4(2909 3693 3694 2910)
4(2910 3694 3695 2911)
4(2884 2912 3696 3668)
4(2351 2575 3696 2912)
4(2885 2913 3697 3669)
4(2912 3696 3697 2913)
4(2886 2914 3698 3670)
4(2913 3697 3698 2914)
4(2887 2915 3699 3671)
4(2914 3698 3699 2915)
4(2888 2916 3700 3672)
4(2915 3699 3700 2916)
4(2889 2917 3701 3673)
4(2916 3700 3701 2917)
4(2890 2918 3702 3674)
4(2917 3701 3702 2918)
4(2891 2919 3703 3675)
4(2918 3702 3703 2919)
4(2892 2920 3704 3676)
4(2919 3703 3704 2920)
4(2893 2921 3705 3677)
4(2920 3704 3705 2921)
4(2894 2922 3706 3678)
4(2921 3705 3706 2922)
4(2895 2923 3707 3679)
4(2922 3706 3707 2923)
4(2896 2924 3708 3680)
4(2923 3707 3708 2924)
4(2897 2925 3709 3681)
4(2924 3708 3709 2925)
4(2898 2926 3710 3682)
4(2925 3709 3710 2926)
4(2899 2927 3711 3683)
4(2926 3710 3711 2927)
4(2900 2928 3712 3684)
4(2927 3711 3712 2928)
4(2901 2929 3713 3685)
4(2928 3712 3713 2929)
4(2902 2930 3714 3686)
4(2929 3713 3714 2930)
4(2903 2931 3715 3687)
4(2930 3714 3715 2931)
4(2904 2932 3716 3688)
4(2931 3715 3716 2932)
4(2905 2933 3717 3689)
4(2932 3716 3717 2933)
4(2906 2934 3718 3690)
4(2933 3717 3718 2934)
4(2907 2935 3719 3691)
4(2934 3718 3719 2935)
4(2908 2936 3720 3692)
4(2935 3719 3720 2936)
4(2909 2937 3721 3693)
4(2936 3720 3721 2937)
4(2910 2938 3722 3694)
4(2937 3721 3722 2938)
4(2938 3722 3723 2939)
4(2912 2940 3724 3696)
4(2359 2583 3724 2940)
4(2913 2941 3725 3697)
4(2940 3724 3725 2941)
4(2914 2942 3726 3698)
4(2941 3725 3726 2942)
4(2915 2943 3727 3699)
4(2942 3726 3727 2943)
4(2916 2944 3728 3700)
4(2943 3727 3728 2944)
4(2917 2945 3729 3701)
4(2944 3728 3729 2945)
4(2918 2946 3730 3702)
4(2945 3729 3730 2946)
4(2919 2947 3731 3703)
4(2946 3730 3731 2947)
4(2920 2948 3732 3704)
4(2947 3731 3732 2948)
4(2921 2949 3733 3705)
4(2948 3732 3733 2949)
4(2922 2950 3734 3706)
4(2949 3733 3734 2950)
4(2923 2951 3735 3707)
4(2950 3734 3735 2951)
4(2924 2952 3736 3708)
4(2951 3735 3736 2952)
4(2925 2953 3737 3709)
4(2952 3736 3737 2953)
4(2926 2954 3738 3710)
4(2953 3737 3738 2954)
4(2927 2955 3739 3711)
4(2954 3738 3739 2955)
4(2928 2956 3740 3712)
4(2955 3739 3740 2956)
4(2929 2957 3741 3713)
4(2956 3740 3741 2957)
4(2930 2958 3742 3714)
4(2957 3741 3742 2958)
4(2931 2959 3743 3715)
4(2958 3742 3743 2959)
4(2932 2960 3744 3716)
4(2959 3743 3744 2960)
4(2933 2961 3745 3717)
4(2960 3744 3745 2961)
4(2934 2962 3746 3718)
4(2961 3745 3746 2962)
4(2935 2963 3747 3719)
4(2962 3746 3747 2963)
4(2936 2964 3748 3720)
4(2963 3747 3748 2964)
4(2937 2965 3749 3721)
4(2964 3748 3749 2965)
4(2938 2966 3750 3722)
4(2965 3749 3750 2966)
4(2966 3750 3751 2967)
4(2940 2968 3752 3724)
4(2367 2591 3752 2968)
4(2941 2969 3753 3725)
4(2968 3752 3753 2969)
4(2942 2970 3754 3726)
4(2969 3753 3754 2970)
4(2943 2971 3755 3727)
4(2970 3754 3755 2971)
4(2944 2972 3756 3728)
4(2971 3755 3756 2972)
4(2945 2973 3757 3729)
4(2972 3756 3757 2973)
4(2946 2974 3758 3730)
4(2973 3757 3758 2974)
4(2947 2975 3759 3731)
4(2974 3758 3759 2975)
4(2948 2976 3760 3732)
4(2975 3759 3760 2976)
4(2949 2977 3761 3733)
4(2976 3760 3761 2977)
4(2950 2978 3762 3734)
4(2977 3761 3762 2978)
4(2951 2979 3763 3735)
4(2978 3762 3763 2979)
4(2952 2980 3764 3736)
4(2979 3763 3764 2980)
4(2953 2981 3765 3737)
4(2980 3764 3765 2981)
4(2954 2982 3766 3738)
4(2981 3765 3766 2982)
4(2955 2983 3767 3739)
4(2982 3766 3767 2983)
4(2956 2984 3768 3740)
4(2983 3767 3768 2984)
4(2957 2985 3769 3741)
4(2984 3768 3769 2985)
4(2958 2986 3770 3742)
4(2985 3769 3770 2986)
4(2959 2987 3771 3743)
4(2986 3770 3771 2987)
4(2960 2988 3772 3744)
4(2987 3771 3772 2988)
4(2961 2989 3773 3745)
4(2988 3772 3773 2989)
4(2962 2990 3774 3746)
4(2989 3773 3774 2990)
4(2963 2991 3775 3747)
4(2990 3774 3775 2991)
4(2964 2992 3776 3748)
4(2991 3775 3776 2992)
4(2965 2993 3777 3749)
4(2992 3776 3777 2993)
4(2966 2994 3778 3750)
4(2993 3777 3778 2994)
4(2994 3778 3779 2995)
4(2968 2996 3780 3752)
4(2375 2599 3780 2996)
4(2969 2997 3781 3753)
4(2996 3780 3781 2997)
4(2970 2998 3782 3754)
4(2997 3781 3782 2998)
4(2971 2999 3783 3755)
4(2998 3782 3783 2999)
4(2972 3000 3784 3756)
4(2999 3783 3784 3000)
4(2973 3001 3785 3757)
4(3000 3784 3785 3001)
4(2974 3002 3786 3758)
4(3001 3785 3786 3002)
4(2975 3003 3787 3759)
4(3002 3786 3787 3003)
4(2976 3004 3788 3760)
4(3003 3787 3788 3004)
4(2977 3005 3789 3761)
4(3004 3788 3789 3005)
4(2978 3006 3790 3762)
4(3005 3789 3790 3006)
4(2979 3007 3791 3763)
4(3006 3790 3791 3007)
4(2980 3008 3792 3764)
4(3007 3791 3792 3008)
4(2981 3009 3793 3765)
4(3008 3792 3793 3009)
4(2982 3010 3794 3766)
4(3009 3793 3794 3010)
4(2983 3011 3795 3767)
4(3010 3794 3795 3011)
4(2984 3012 3796 3768)
4(3011 3795 3796 3012)
4(2985 3013 3797 3769)
4(3012 3796 3797 3013)
4(2986 3014 3798 3770)
4(3013 3797 3798 3014)
4(2987 3015 3799 3771)
4(3014 3798 3799 3015)
4(2988 3016 3800 3772)
4(3015 3799 3800 3016)
4(2989 3017 3801 3773)
4(3016 3800 3801 3017)
4(2990 3018 3802 3774)
4(3017 3801 3802 3018)
4(2991 3019 3803 3775)
4(3018 3802 3803 3019)
4(2992 3020 3804 3776)
4(3019 3803 3804 3020)
4(2993 3021 3805 3777)
4(3020 3804 3805 3021)
4(2994 3022 3806 3778)
4(3021 3805 3806 3022)
4(3022 3806 3807 3023)
4(2996 3024 3808 3780)
4(2383 2607 3808 3024)
4(2997 3025 3809 3781)
4(3024 3808 3809 3025)
4(2998 3026 3810 3782)
4(3025 3809 3810 3026)
4(2999 3027 3811 3783)
4(3026 3810 3811 3027)
4(3000 3028 3812 3784)
4(3027 3811 3812 3028)
4(3001 3029 3813 3785)
4(3028 3812 3813 3029)
4(3002 3030 3814 3786)
4(3029 3813 3814 3030)
4(3003 3031 3815 3787)
4(3030 3814 3815 3031)
4(3004 3032 3816 3788)
4(3031 3815 3816 3032)
4(3005 3033 3817 3789)
4(3032 3816 3817 3033)
4(3006 3034 3818 3790)
4(3033 3817 3818 3034)
4(3007 3035 3819 3791)
4(3034 3818 3819 3035)
4(3008 3036 3820 3792)
4(3035 3819 3820 3036)
4(3009 3037 3821 3793)
4(3036 3820 3821 3037)
4(3010 3038 3822 3794)
4(3037 3821 3822 3038)
4(3011 3039 3823 3795)
4(3038 3822 3823 3039)
4(3012 3040 3824 3796)
4(3039 3823 3824 3040)
4(3013 3041 3825 3797)
4(3040 3824 3825 3041)
4(3014 3042 3826 3798)
4(3041 3825 3826 3042)
4(3015 3043 3827 3799)
4(3042 3826 3827 3043)
4(3016 3044 3828 3800)
4(3043 3827 3828 3044)
4(3017 3045 3829 3801)
4(3044 3828 3829 3045)
4(3018 3046 3830 3802)
4(3045 3829 3830 3046)
4(3019 3047 3831 3803)
4(3046 3830 3831 3047)
4(3020 3048 3832 3804)
4(3047 3831 3832 3048)
4(3021 3049 3833 3805)
4(3048 3832 3833 3049)
4(3022 3050 3834 3806)
4(3049 3833 3834 3050)
4(3050 3834 3835 3051)
4(3024 3052 3836 3808)
4(2391 2615 3836 3052)
4(3025 3053 3837 3809)
4(3052 3836 3837 3053)
4(3026 3054 3838 3810)
4(3053 3837 3838 3054)
4(3027 3055 3839 3811)
4(3054 3838 3839 3055)
4(3028 3056 3840 3812)
4(3055 3839 3840 3056)
4(3029 3057 3841 3813)
4(3056 3840 3841 3057)
4(3030 3058 3842 3814)
4(3057 3841 3842 3058)
4(3031 3059 3843 3815)
4(3058 3842 3843 3059)
4(3032 3060 3844 3816)
4(3059 3843 3844 3060)
4(3033 3061 3845 3817)
4(3060 3844 3845 3061)
4(3034 3062 3846 3818)
4(3061 3845 3846 3062)
4(3035 3063 3847 3819)
4(3062 3846 3847 3063)
4(3036 3064 3848 3820)
4(3063 3847 3848 3064)
4(3037 3065 3849 3821)
4(3064 3848 3849 3065)
4(3038 3066 3850 3822)
4(3065 3849 3850 3066)
4(3039 3067 3851 3823)
4(3066 3850 3851 3067)
4(3040 3068 3852 3824)
4(3067 3851 3852 3068)
4(3041 3069 3853 3825)
4(3068 3852 3853 3069)
4(3042 3070 3854 3826)
4(3069 3853 3854 3070)
4(3043 3071 3855 3827)
4(3070 3854 3855 3071)
4(3044 3072 3856 3828)
4(3071 3855 3856 3072)
4(3045 3073 3857 3829)
4(3072 3856 3857 3073)
4(3046 3074 3858 3830)
4(3073 3857 3858 3074)
4(3047 3075 3859 3831)
4(3074 3858 3859 3075)
4(3048 3076 3860 3832)
4(3075 3859 3860 3076)
4(3049 3077 3861 3833)
4(3076 3860 3861 3077)
4(3050 3078 3862 3834)
4(3077 3861 3862 3078)
4(3078 3862 3863 3079)
4(3052 3080 3864 3836)
4(2399 2623 3864 3080)
4(3053 3081 3865 3837)
4(3080 3864 3865 3081)
4(3054 3082 3866 3838)
4(3081 3865 3866 3082)
4(3055 3083 3867 3839)
4(3082 3866 3867 3083)
4(3056 3084 3868 3840)
4(3083 3867 3868 3084)
4(3057 3085 3869 3841)
4(3084 3868 3869 3085)
4(3058 3086 3870 3842)
4(3085 3869 3870 3086)
4(3059 3087 3871 3843)
4(3086 3870 3871 3087)
4(3060 3088 3872 3844)
4(3087 3871 3872 3088)
4(3061 3089 3873 3845)
4(3088 3872 3873 3089)
4(3062 3090 3874 3846)
4(3089 3873 3874 3090)
4(3063 3091 3875 3847)
4(3090 3874 3875 3091)
4(3064 3092 3876 3848)
4(3091 3875 3876 3092)
4(3065 3093 3877 3849)
4(3092 3876 3877 3093)
4(3066 3094 3878 3850)
4(3093 3877 3878 3094)
4(3067 3095 3879 3851)
4(3094 3878 3879 3095)
4(3068 3096 3880 3852)
4(3095 3879 3880 3096)
4(3069 3097 3881 3853)
4(3096 3880 3881 3097)
4(3070 3098 3882 3854)
4(3097 3881 3882 3098)
4(3071 3099 3883 3855)
4(3098 3882 3883 3099)
4(3072 3100 3884 3856)
4(3099 3883 3884 3100)
4(3073 3101 3885 3857)
4(3100 3884 3885 3101)
4(3074 3102 3886 3858)
4(3101 3885 3886 3102)
4(3075 3103 3887 3859)
4(3102 3886 3887 3103)
4(3076 3104 3888 3860)
4(3103 3887 3888 3104)
4(3077 3105 3889 3861)
4(3104 3888 3889 3105)
4(3078 3106 3890 3862)
4(3105 3889 3890 3106)
4(3106 3890 3891 3107)
4(3080 3108 3892 3864)
4(2407 2631 3892 3108)
4(3081 3109 3893 3865)
4(3108 3892 3893 3109)
4(3082 3110 3894 3866)
4(3109 3893 3894 3110)
4(3083 3111 3895 3867)
4(3110 3894 3895 3111)
4(3084 3112 3896 3868)
4(3111 3895 3896 3112)
4(3085 3113 3897 3869)
4(3112 3896 3897 3113)
4(3086 3114 3898 3870)
4(3113 3897 3898 3114)
4(3087 3115 3899 3871)
4(3114 3898 3899 3115)
4(3088 3116 3900 3872)
4(3115 3899 3900 3116)
4(3089 3117 3901 3873)
4(3116 3900 3901 3117)
4(3090 3118 3902 3874)
4(3117 3901 3902 3118)
4(3091 3119 3903 3875)
4(3118 3902 3903 3119)
4(3092 3120 3904 3876)
4(3119 3903 3904 3120)
4(3093 3121 3905 3877)
4(3120 3904 3905 3121)
4(3094 3122 3906 3878)
4(3121 3905 3906 3122)
4(3095 3123 3907 3879)
4(3122 3906 3907 3123)
4(3096 3124 3908 3880)
4(3123 3907 3908 3124)
4(3097 3125 3909 3881)
4(3124 3908 3909 3125)
4(3098 3126 3910 3882)
4(3125 3909 3910 3126)
4(3099 3127 3911 3883)
4(3126 3910 3911 3127)
4(3100 3128 3912 3884)
4(3127 3911 3912 3128)
4(3101 3129 3913 3885)
4(3128 3912 3913 3129)
4(3102 3130 3914 3886)
4(3129 3913 3914 3130)
4(3103 3131 3915 3887)
4(3130 3914 3915 3131)
4(3104 3132 3916 3888)
4(3131 3915 3916 3132)
4(3105 3133 3917 3889)
4(3132 3916 3917 3133)
4(3106 3134 3918 3890)
4(3133 3917 3918 3134)
4(3134 3918 3919 3135)
4(3108 3136 3920 3892)
4(2415 2639 3920 3136)
4(3109 3137 3921 3893)
4(3136 3920 3921 3137)
4(3110 3138 3922 3894)
4(3137 3921 3922 3138)
4(3111 3139 3923 3895)
4(3138 3922 3923 3139)
4(3112 3140 3924 3896)
4(3139 3923 3924 3140)
4(3113 3141 3925 3897)
4(3140 3924 3925 3141)
4(3114 3142 3926 3898)
4(3141 3925 3926 3142)
4(3115 3143 3927 3899)
4(3142 3926 3927 3143)
4(3116 3144 3928 3900)
4(3143 3927 3928 3144)
4(3117 3145 3929 3901)
4(3144 3928 3929 3145)
4(3118 3146 3930 3902)
4(3145 3929 3930 3146)
4(3119 3147 3931 3903)
4(3146 3930 3931 3147)
4(3120 3148 3932 3904)
4(3147 3931 3932 3148)
4(3121 3149 3933 3905)
4(3148 3932 3933 3149)
4(3122 3150 3934 3906)
4(3149 3933 3934 3150)
4(3123 3151 3935 3907)
4(3150 3934 3935 3151)
4(3124 3152 3936 3908)
4(3151 3935 3936 3152)
4(3125 3153 3937 3909)
4(3152 3936 3937 3153)
4(3126 3154 3938 3910)
4(3153 3937 3938 3154)
4(3127 3155 3939 3911)
4(3154 3938 3939 3155)
4(3128 3156 3940 3912)
4(3155 3939 3940 3156)
4(3129 3157 3941 3913)
4(3156 3940 3941 3157)
4(3130 3158 3942 3914)
4(3157 3941 3942 3158)
4(3131 3159 3943 3915)
4(3158 3942 3943 3159)
4(3132 3160 3944 3916)
4(3159 3943 3944 3160)
4(3133 3161 3945 3917)
4(3160 3944 3945 3161)
4(3134 3162 3946 3918)
4(3161 3945 3946 3162)
4(3162 3946 3947 3163)
4(3136 3164 3948 3920)
4(2423 2647 3948 3164)
4(3137 3165 3949 3921)
4(3164 3948 3949 3165)
4(3138 3166 3950 3922)
4(3165 3949 3950 3166)
4(3139 3167 3951 3923)
4(3166 3950 3951 3167)
4(3140 3168 3952 3924)
4(3167 3951 3952 3168)
4(3141 3169 3953 3925)
4(3168 3952 3953 3169)
4(3142 3170 3954 3926)
4(3169 3953 3954 3170)
4(3143 3171 3955 3927)
4(3170 3954 3955 3171)
4(3144 3172 3956 3928)
4(3171 3955 3956 3172)
4(3145 3173 3957 3929)
4(3172 3956 3957 3173)
4(3146 3174 3958 3930)
4(3173 3957 3958 3174)
4(3147 3175 3959 3931)
4(3174 3958 3959 3175)
4(3148 3176 3960 3932)
4(3175 3959 3960 3176)
4(3149 3177 3961 3933)
4(3176 3960 3961 3177)
4(3150 3178 3962 3934)
4(3177 3961 3962 3178)
4(3151 3179 3963 3935)
4(3178 3962 3963 3179)
4(3152 3180 3964 3936)
4(3179 3963 3964 3180)
4(3153 3181 3965 3937)
4(3180 3964 3965 3181)
4(3154 3182 3966 3938)
4(3181 3965 3966 3182)
4(3155 3183 3967 3939)
4(3182 3966 3967 3183)
4(3156 3184 3968 3940)
4(3183 3967 3968 3184)
4(3157 3185 3969 3941)
4(3184 3968 3969 3185)
4(3158 3186 3970 3942)
4(3185 3969 3970 3186)
4(3159 3187 3971 3943)
4(3186 3970 3971 3187)
4(3160 3188 3972 3944)
4(3187 3971 3972 3188)
4(3161 3189 3973 3945)
4(3188 3972 3973 3189)
4(3162 3190 3974 3946)
4(3189 3973 3974 3190)
4(3190 3974 3975 3191)
4(3164 3192 3976 3948)
4(2431 2655 3976 3192)
4(3165 3193 3977 3949)
4(3192 3976 3977 3193)
4(3166 3194 3978 3950)
4(3193 3977 3978 3194)
4(3167 3195 3979 3951)
4(3194 3978 3979 3195)
4(3168 3196 3980 3952)
4(3195 3979 3980 3196)
4(3169 3197 3981 3953)
4(3196 3980 3981 3197)
4(3170 3198 3982 3954)
4(3197 3981 3982 3198)
4(3171 3199 3983 3955)
4(3198 3982 3983 3199)
4(3172 3200 3984 3956)
4(3199 3983 3984 3200)
4(3173 3201 3985 3957)
4(3200 3984 3985 3201)
4(3174 3202 3986 3958)
4(3201 3985 3986 3202)
4(3175 3203 3987 3959)
4(3202 3986 3987 3203)
4(3176 3204 3988 3960)
4(3203 3987 3988 3204)
4(3177 3205 3989 3961)
4(3204 3988 3989 3205)
4(3178 3206 3990 3962)
4(3205 3989 3990 3206)
4(3179 3207 3991 3963)
4(3206 3990 3991 3207)
4(3180 3208 3992 3964)
4(3207 3991 3992 3208)
4(3181 3209 3993 3965)
4(3208 3992 3993 3209)
4(3182 3210 3994 3966)
4(3209 3993 3994 3210)
4(3183 3211 3995 3967)
4(3210 3994 3995 3211)
4(3184 3212 3996 3968)
4(3211 3995 3996 3212)
4(3185 3213 3997 3969)
4(3212 3996 3997 3213)
4(3186 3214 3998 3970)
4(3213 3997 3998 3214)
4(3187 3215 3999 3971)
4(3214 3998 3999 3215)
4(3188 3216 4000 3972)
4(3215 3999 4000 3216)
4(3189 3217 4001 3973)
4(3216 4000 4001 3217)
4(3190 3218 4002 3974)
4(3217 4001 4002 3218)
4(3218 4002 4003 3219)
4(3192 3220 4004 3976)
4(2439 2663 4004 3220)
4(3193 3221 4005 3977)
4(3220 4004 4005 3221)
4(3194 3222 4006 3978)
4(3221 4005 4006 3222)
4(3195 3223 4007 3979)
4(3222 4006 4007 3223)
4(3196 3224 4008 3980)
4(3223 4007 4008 3224)
4(3197 3225 4009 3981)
4(3224 4008 4009 3225)
4(3198 3226 4010 3982)
4(3225 4009 4010 3226)
4(3199 3227 4011 3983)
4(3226 4010 4011 3227)
4(3200 3228 4012 3984)
4(3227 4011 4012 3228)
4(3201 3229 4013 3985)
4(3228 4012 4013 3229)
4(3202 3230 4014 3986)
4(3229 4013 4014 3230)
4(3203 3231 4015 3987)
4(3230 4014 4015 3231)
4(3204 3232 4016 3988)
4(3231 4015 4016 3232)
4(3205 3233 4017 3989)
4(3232 4016 4017 3233)
4(3206 3234 4018 3990)
4(3233 4017 4018 3234)
4(3207 3235 4019 3991)
4(3234 4018 4019 3235)
4(3208 3236 4020 3992)
4(3235 4019 4020 3236)
4(3209 3237 4021 3993)
4(3236 4020 4021 3237)
4(3210 3238 4022 3994)
4(3237 4021 4022 3238)
4(3211 3239 4023 3995)
4(3238 4022 4023 3239)
4(3212 3240 4024 3996)
4(3239 4023 4024 3240)
4(3213 3241 4025 3997)
4(3240 4024 4025 3241)
4(3214 3242 4026 3998)
4(3241 4025 4026 3242)
4(3215 3243 4027 3999)
4(3242 4026 4027 3243)
4(3216 3244 4028 4000)
4(3243 4027 4028 3244)
4(3217 3245 4029 4001)
4(3244 4028 4029 3245)
4(3218 3246 4030 4002)
4(3245 4029 4030 3246)
4(3246 4030 4031 3247)
4(3220 3248 4032 4004)
4(2447 2671 4032 3248)
4(3221 3249 4033 4005)
4(3248 4032 4033 3249)
4(3222 3250 4034 4006)
4(3249 4033 4034 3250)
4(3223 3251 4035 4007)
4(3250 4034 4035 3251)
4(3224 3252 4036 4008)
4(3251 4035 4036 3252)
4(3225 3253 4037 4009)
4(3252 4036 4037 3253)
4(3226 3254 4038 4010)
4(3253 4037 4038 3254)
4(3227 3255 4039 4011)
4(3254 4038 4039 3255)
4(3228 3256 4040 4012)
4(3255 4039 4040 3256)
4(3229 3257 4041 4013)
4(3256 4040 4041 3257)
4(3230 3258 4042 4014)
4(3257 4041 4042 3258)
4(3231 3259 4043 4015)
4(3258 4042 4043 3259)
4(3232 3260 4044 4016)
4(3259 4043 4044 3260)
4(3233 3261 4045 4017)
4(3260 4044 4045 3261)
4(3234 3262 4046 4018)
4(3261 4045 4046 3262)
4(3235 3263 4047 4019)
4(3262 4046 4047 3263)
4(3236 3264 4048 4020)
4(3263 4047 4048 3264)
4(3237 3265 4049 4021)
4(3264 4048 4049 3265)
4(3238 3266 4050 4022)
4(3265 4049 4050 3266)
4(3239 3267 4051 4023)
4(3266 4050 4051 3267)
4(3240 3268 4052 4024)
4(3267 4051 4052 3268)
4(3241 3269 4053 4025)
4(3268 4052 4053 3269)
4(3242 3270 4054 4026)
4(3269 4053 4054 3270)
4(3243 3271 4055 4027)
4(3270 4054 4055 3271)
4(3244 3272 4056 4028)
4(3271 4055 4056 3272)
4(3245 3273 4057 4029)
4(3272 4056 4057 3273)
4(3246 3274 4058 4030)
4(3273 4057 4058 3274)
4(3274 4058 4059 3275)
4(3248 3276 4060 4032)
4(2455 2679 4060 3276)
4(3249 3277 4061 4033)
4(3276 4060 4061 3277)
4(3250 3278 4062 4034)
4(3277 4061 4062 3278)
4(3251 3279 4063 4035)
4(3278 4062 4063 3279)
4(3252 3280 4064 4036)
4(3279 4063 4064 3280)
4(3253 3281 4065 4037)
4(3280 4064 4065 3281)
4(3254 3282 4066 4038)
4(3281 4065 4066 3282)
4(3255 3283 4067 4039)
4(3282 4066 4067 3283)
4(3256 3284 4068 4040)
4(3283 4067 4068 3284)
4(3257 3285 4069 4041)
4(3284 4068 4069 3285)
4(3258 3286 4070 4042)
4(3285 4069 4070 3286)
4(3259 3287 4071 4043)
4(3286 4070 4071 3287)
4(3260 3288 4072 4044)
4(3287 4071 4072 3288)
4(3261 3289 4073 4045)
4(3288 4072 4073 3289)
4(3262 3290 4074 4046)
4(3289 4073 4074 3290)
4(3263 3291 4075 4047)
4(3290 4074 4075 3291)
4(3264 3292 4076 4048)
4(3291 4075 4076 3292)
4(3265 3293 4077 4049)
4(3292 4076 4077 3293)
4(3266 3294 4078 4050)
4(3293 4077 4078 3294)
4(3267 3295 4079 4051)
4(3294 4078 4079 3295)
4(3268 3296 4080 4052)
4(3295 4079 4080 3296)
4(3269 3297 4081 4053)
4(3296 4080 4081 3297)
4(3270 3298 4082 4054)
4(3297 4081 4082 3298)
4(3271 3299 4083 4055)
4(3298 4082 4083 3299)
4(3272 3300 4084 4056)
4(3299 4083 4084 3300)
4(3273 3301 4085 4057)
4(3300 4084 4085 3301)
4(3274 3302 4086 4058)
4(3301 4085 4086 3302)
4(3302 4086 4087 3303)
4(3276 3304 4088 4060)
4(2463 2687 4088 3304)
4(3277 3305 4089 4061)
4(3304 4088 4089 3305)
4(3278 3306 4090 4062)
4(3305 4089 4090 3306)
4(3279 3307 4091 4063)
4(3306 4090 4091 3307)
4(3280 3308 4092 4064)
4(3307 4091 4092 3308)
4(3281 3309 4093 4065)
4(3308 4092 4093 3309)
4(3282 3310 4094 4066)
4(3309 4093 4094 3310)
4(3283 3311 4095 4067)
4(3310 4094 4095 3311)
4(3284 3312 4096 4068)
4(3311 4095 4096 3312)
4(3285 3313 4097 4069)
4(3312 4096 4097 3313)
4(3286 3314 4098 4070)
4(3313 4097 4098 3314)
4(3287 3315 4099 4071)
4(3314 4098 4099 3315)
4(3288 3316 4100 4072)
4(3315 4099 4100 3316)
4(3289 3317 4101 4073)
4(3316 4100 4101 3317)
4(3290 3318 4102 4074)
4(3317 4101 4102 3318)
4(3291 3319 4103 4075)
4(3318 4102 4103 3319)
4(3292 3320 4104 4076)
4(3319 4103 4104 3320)
4(3293 3321 4105 4077)
4(3320 4104 4105 3321)
4(3294 3322 4106 4078)
4(3321 4105 4106 3322)
4(3295 3323 4107 4079)
4(3322 4106 4107 3323)
4(3296 3324 4108 4080)
4(3323 4107 4108 3324)
4(3297 3325 4109 4081)
4(3324 4108 4109 3325)
4(3298 3326 4110 4082)
4(3325 4109 4110 3326)
4(3299 3327 4111 4083)
4(3326 4110 4111 3327)
4(3300 3328 4112 4084)
4(3327 4111 4112 3328)
4(3301 3329 4113 4085)
4(3328 4112 4113 3329)
4(3302 3330 4114 4086)
4(3329 4113 4114 3330)
4(3330 4114 4115 3331)
4(3304 3332 4116 4088)
4(2471 2695 4116 3332)
4(3305 3333 4117 4089)
4(3332 4116 4117 3333)
4(3306 3334 4118 4090)
4(3333 4117 4118 3334)
4(3307 3335 4119 4091)
4(3334 4118 4119 3335)
4(3308 3336 4120 4092)
4(3335 4119 4120 3336)
4(3309 3337 4121 4093)
4(3336 4120 4121 3337)
4(3310 3338 4122 4094)
4(3337 4121 4122 3338)
4(3311 3339 4123 4095)
4(3338 4122 4123 3339)
4(3312 3340 4124 4096)
4(3339 4123 4124 3340)
4(3313 3341 4125 4097)
4(3340 4124 4125 3341)
4(3314 3342 4126 4098)
4(3341 4125 4126 3342)
4(3315 3343 4127 4099)
4(3342 4126 4127 3343)
4(3316 3344 4128 4100)
4(3343 4127 4128 3344)
4(3317 3345 4129 4101)
4(3344 4128 4129 3345)
4(3318 3346 4130 4102)
4(3345 4129 4130 3346)
4(3319 3347 4131 4103)
4(3346 4130 4131 3347)
4(3320 3348 4132 4104)
4(3347 4131 4132 3348)
4(3321 3349 4133 4105)
4(3348 4132 4133 3349)
4(3322 3350 4134 4106)
4(3349 4133 4134 3350)
4(3323 3351 4135 4107)
4(3350 4134 4135 3351)
4(3324 3352 4136 4108)
4(3351 4135 4136 3352)
4(3325 3353 4137 4109)
4(3352 4136 4137 3353)
4(3326 3354 4138 4110)
4(3353 4137 4138 3354)
4(3327 3355 4139 4111)
4(3354 4138 4139 3355)
4(3328 3356 4140 4112)
4(3355 4139 4140 3356)
4(3329 3357 4141 4113)
4(3356 4140 4141 3357)
4(3330 3358 4142 4114)
4(3357 4141 4142 3358)
4(3358 4142 4143 3359)
4(3332 3360 4144 4116)
4(2479 2703 4144 3360)
4(3333 3361 4145 4117)
4(3360 4144 4145 3361)
4(3334 3362 4146 4118)
4(3361 4145 4146 3362)
4(3335 3363 4147 4119)
4(3362 4146 4147 3363)
4(3336 3364 4148 4120)
4(3363 4147 4148 3364)
4(3337 3365 4149 4121)
4(3364 4148 4149 3365)
4(3338 3366 4150 4122)
4(3365 4149 4150 3366)
4(3339 3367 4151 4123)
4(3366 4150 4151 3367)
4(3340 3368 4152 4124)
4(3367 4151 4152 3368)
4(3341 3369 4153 4125)
4(3368 4152 4153 3369)
4(3342 3370 4154 4126)
4(3369 4153 4154 3370)
4(3343 3371 4155 4127)
4(3370 4154 4155 3371)
4(3344 3372 4156 4128)
4(3371 4155 4156 3372)
4(3345 3373 4157 4129)
4(3372 4156 4157 3373)
4(3346 3374 4158 4130)
4(3373 4157 4158 3374)
4(3347 3375 4159 4131)
4(3374 4158 4159 3375)
4(3348 3376 4160 4132)
4(3375 4159 4160 3376)
4(3349 3377 4161 4133)
4(3376 4160 4161 3377)
4(3350 3378 4162 4134)
4(3377 4161 4162 3378)
4(3351 3379 4163 4135)
4(3378 4162 4163 3379)
4(3352 3380 4164 4136)
4(3379 4163 4164 3380)
4(3353 3381 4165 4137)
4(3380 4164 4165 3381)
4(3354 3382 4166 4138)
4(3381 4165 4166 3382)
4(3355 3383 4167 4139)
4(3382 4166 4167 3383)
4(3356 3384 4168 4140)
4(3383 4167 4168 3384)
4(3357 3385 4169 4141)
4(3384 4168 4169 3385)
4(3358 3386 4170 4142)
4(3385 4169 4170 3386)
4(3386 4170 4171 3387)
4(3360 3388 4172 4144)
4(2487 2711 4172 3388)
4(3361 3389 4173 4145)
4(3388 4172 4173 3389)
4(3362 3390 4174 4146)
4(3389 4173 4174 3390)
4(3363 3391 4175 4147)
4(3390 4174 4175 3391)
4(3364 3392 4176 4148)
4(3391 4175 4176 3392)
4(3365 3393 4177 4149)
4(3392 4176 4177 3393)
4(3366 3394 4178 4150)
4(3393 4177 4178 3394)
4(3367 3395 4179 4151)
4(3394 4178 4179 3395)
4(3368 3396 4180 4152)
4(3395 4179 4180 3396)
4(3369 3397 4181 4153)
4(3396 4180 4181 3397)
4(3370 3398 4182 4154)
4(3397 4181 4182 3398)
4(3371 3399 4183 4155)
4(3398 4182 4183 3399)
4(3372 3400 4184 4156)
4(3399 4183 4184 3400)
4(3373 3401 4185 4157)
4(3400 4184 4185 3401)
4(3374 3402 4186 4158)
4(3401 4185 4186 3402)
4(3375 3403 4187 4159)
4(3402 4186 4187 3403)
4(3376 3404 4188 4160)
4(3403 4187 4188 3404)
4(3377 3405 4189 4161)
4(3404 4188 4189 3405)
4(3378 3406 4190 4162)
4(3405 4189 4190 3406)
4(3379 3407 4191 4163)
4(3406 4190 4191 3407)
4(3380 3408 4192 4164)
4(3407 4191 4192 3408)
4(3381 3409 4193 4165)
4(3408 4192 4193 3409)
4(3382 3410 4194 4166)
4(3409 4193 4194 3410)
4(3383 3411 4195 4167)
4(3410 4194 4195 3411)
4(3384 3412 4196 4168)
4(3411 4195 4196 3412)
4(3385 3413 4197 4169)
4(3412 4196 4197 3413)
4(3386 3414 4198 4170)
4(3413 4197 4198 3414)
4(3414 4198 4199 3415)
4(3388 3416 4200 4172)
4(2495 2719 4200 3416)
4(3389 3417 4201 4173)
4(3416 4200 4201 3417)
4(3390 3418 4202 4174)
4(3417 4201 4202 3418)
4(3391 3419 4203 4175)
4(3418 4202 4203 3419)
4(3392 3420 4204 4176)
4(3419 4203 4204 3420)
4(3393 3421 4205 4177)
4(3420 4204 4205 3421)
4(3394 3422 4206 4178)
4(3421 4205 4206 3422)
4(3395 3423 4207 4179)
4(3422 4206 4207 3423)
4(3396 3424 4208 4180)
4(3423 4207 4208 3424)
4(3397 3425 4209 4181)
4(3424 4208 4209 3425)
4(3398 3426 4210 4182)
4(3425 4209 4210 3426)
4(3399 3427 4211 4183)
4(3426 4210 4211 3427)
4(3400 3428 4212 4184)
4(3427 4211 4212 3428)
4(3401 3429 4213 4185)
4(3428 4212 4213 3429)
4(3402 3430 4214 4186)
4(3429 4213 4214 3430)
4(3403 3431 4215 4187)
4(3430 4214 4215 3431)
4(3404 3432 4216 4188)
4(3431 4215 4216 3432)
4(3405 3433 4217 4189)
4(3432 4216 4217 3433)
4(3406 3434 4218 4190)
4(3433 4217 4218 3434)
4(3407 3435 4219 4191)
4(3434 4218 4219 3435)
4(3408 3436 4220 4192)
4(3435 4219 4220 3436)
4(3409 3437 4221 4193)
4(3436 4220 4221 3437)
4(3410 3438 4222 4194)
4(3437 4221 4222 3438)
4(3411 3439 4223 4195)
4(3438 4222 4223 3439)
4(3412 3440 4224 4196)
4(3439 4223 4224 3440)
4(3413 3441 4225 4197)
4(3440 4224 4225 3441)
4(3414 3442 4226 4198)
4(3441 4225 4226 3442)
4(3442 4226 4227 3443)
4(3416 3444 4228 4200)
4(2503 2727 4228 3444)
4(3417 3445 4229 4201)
4(3444 4228 4229 3445)
4(3418 3446 4230 4202)
4(3445 4229 4230 3446)
4(3419 3447 4231 4203)
4(3446 4230 4231 3447)
4(3420 3448 4232 4204)
4(3447 4231 4232 3448)
4(3421 3449 4233 4205)
4(3448 4232 4233 3449)
4(3422 3450 4234 4206)
4(3449 4233 4234 3450)
4(3423 3451 4235 4207)
4(3450 4234 4235 3451)
4(3424 3452 4236 4208)
4(3451 4235 4236 3452)
4(3425 3453 4237 4209)
4(3452 4236 4237 3453)
4(3426 3454 4238 4210)
4(3453 4237 4238 3454)
4(3427 3455 4239 4211)
4(3454 4238 4239 3455)
4(3428 3456 4240 4212)
4(3455 4239 4240 3456)
4(3429 3457 4241 4213)
4(3456 4240 4241 3457)
4(3430 3458 4242 4214)
4(3457 4241 4242 3458)
4(3431 3459 4243 4215)
4(3458 4242 4243 3459)
4(3432 3460 4244 4216)
4(3459 4243 4244 3460)
4(3433 3461 4245 4217)
4(3460 4244 4245 3461)
4(3434 3462 4246 4218)
4(3461 4245 4246 3462)
4(3435 3463 4247 4219)
4(3462 4246 4247 3463)
4(3436 3464 4248 4220)
4(3463 4247 4248 3464)
4(3437 3465 4249 4221)
4(3464 4248 4249 3465)
4(3438 3466 4250 4222)
4(3465 4249 4250 3466)
4(3439 3467 4251 4223)
4(3466 4250 4251 3467)
4(3440 3468 4252 4224)
4(3467 4251 4252 3468)
4(3441 3469 4253 4225)
4(3468 4252 4253 3469)
4(3442 3470 4254 4226)
4(3469 4253 4254 3470)
4(3470 4254 4255 3471)
4(3444 3472 4256 4228)
4(2511 2735 4256 3472)
4(3445 3473 4257 4229)
4(3472 4256 4257 3473)
4(3446 3474 4258 4230)
4(3473 4257 4258 3474)
4(3447 3475 4259 4231)
4(3474 4258 4259 3475)
4(3448 3476 4260 4232)
4(3475 4259 4260 3476)
4(3449 3477 4261 4233)
4(3476 4260 4261 3477)
4(3450 3478 4262 4234)
4(3477 4261 4262 3478)
4(3451 3479 4263 4235)
4(3478 4262 4263 3479)
4(3452 3480 4264 4236)
4(3479 4263 4264 3480)
4(3453 3481 4265 4237)
4(3480 4264 4265 3481)
4(3454 3482 4266 4238)
4(3481 4265 4266 3482)
4(3455 3483 4267 4239)
4(3482 4266 4267 3483)
4(3456 3484 4268 4240)
4(3483 4267 4268 3484)
4(3457 3485 4269 4241)
4(3484 4268 4269 3485)
4(3458 3486 4270 4242)
4(3485 4269 4270 3486)
4(3459 3487 4271 4243)
4(3486 4270 4271 3487)
4(3460 3488 4272 4244)
4(3487 4271 4272 3488)
4(3461 3489 4273 4245)
4(3488 4272 4273 3489)
4(3462 3490 4274 4246)
4(3489 4273 4274 3490)
4(3463 3491 4275 4247)
4(3490 4274 4275 3491)
4(3464 3492 4276 4248)
4(3491 4275 4276 3492)
4(3465 3493 4277 4249)
4(3492 4276 4277 3493)
4(3466 3494 4278 4250)
4(3493 4277 4278 3494)
4(3467 3495 4279 4251)
4(3494 4278 4279 3495)
4(3468 3496 4280 4252)
4(3495 4279 4280 3496)
4(3469 3497 4281 4253)
4(3496 4280 4281 3497)
4(3470 3498 4282 4254)
4(3497 4281 4282 3498)
4(3498 4282 4283 3499)
4(3472 3500 4284 4256)
4(3473 3501 4285 4257)
4(3474 3502 4286 4258)
4(3475 3503 4287 4259)
4(3476 3504 4288 4260)
4(3477 3505 4289 4261)
4(3478 3506 4290 4262)
4(3479 3507 4291 4263)
4(3480 3508 4292 4264)
4(3481 3509 4293 4265)
4(3482 3510 4294 4266)
4(3483 3511 4295 4267)
4(3484 3512 4296 4268)
4(3485 3513 4297 4269)
4(3486 3514 4298 4270)
4(3487 3515 4299 4271)
4(3488 3516 4300 4272)
4(3489 3517 4301 4273)
4(3490 3518 4302 4274)
4(3491 3519 4303 4275)
4(3492 3520 4304 4276)
4(3493 3521 4305 4277)
4(3494 3522 4306 4278)
4(3495 3523 4307 4279)
4(3496 3524 4308 4280)
4(3497 3525 4309 4281)
4(3498 3526 4310 4282)
4(0 420 435 15)
4(15 435 450 30)
4(30 450 465 45)
4(45 465 480 60)
4(60 480 495 75)
4(75 495 510 90)
4(90 510 525 105)
4(105 525 540 120)
4(120 540 555 135)
4(135 555 570 150)
4(150 570 585 165)
4(165 585 600 180)
4(180 600 615 195)
4(195 615 630 210)
4(210 630 645 225)
4(225 645 660 240)
4(240 660 675 255)
4(255 675 690 270)
4(270 690 705 285)
4(285 705 720 300)
4(300 720 735 315)
4(315 735 750 330)
4(330 750 765 345)
4(345 765 780 360)
4(360 780 795 375)
4(375 795 810 390)
4(390 810 825 405)
4(2771 2799 3583 3555)
4(2799 2827 3611 3583)
4(2827 2855 3639 3611)
4(2855 2883 3667 3639)
4(2883 2911 3695 3667)
4(2911 2939 3723 3695)
4(2939 2967 3751 3723)
4(2967 2995 3779 3751)
4(2995 3023 3807 3779)
4(3023 3051 3835 3807)
4(3051 3079 3863 3835)
4(3079 3107 3891 3863)
4(3107 3135 3919 3891)
4(3135 3163 3947 3919)
4(3163 3191 3975 3947)
4(3191 3219 4003 3975)
4(3219 3247 4031 4003)
4(3247 3275 4059 4031)
4(3275 3303 4087 4059)
4(3303 3331 4115 4087)
4(3331 3359 4143 4115)
4(3359 3387 4171 4143)
4(3387 3415 4199 4171)
4(3415 3443 4227 4199)
4(3443 3471 4255 4227)
4(3471 3499 4283 4255)
4(3499 3527 4311 4283)
4(0 1 421 420)
4(1 2 422 421)
4(2 3 423 422)
4(3 4 424 423)
4(4 5 425 424)
4(5 6 426 425)
4(6 7 427 426)
4(7 8 428 427)
4(8 9 429 428)
4(9 10 430 429)
4(10 11 431 430)
4(11 12 432 431)
4(12 13 433 432)
4(13 14 434 433)
4(14 840 1344 434)
4(840 841 1345 1344)
4(841 842 1346 1345)
4(842 843 1347 1346)
4(843 844 1348 1347)
4(844 845 1349 1348)
4(845 846 1350 1349)
4(846 847 1351 1350)
4(847 848 1352 1351)
4(848 849 1353 1352)
4(849 850 1354 1353)
4(850 851 1355 1354)
4(851 852 1356 1355)
4(852 853 1357 1356)
4(853 854 1358 1357)
4(854 855 1359 1358)
4(855 856 1360 1359)
4(856 857 1361 1360)
4(857 1848 2072 1361)
4(1848 1849 2073 2072)
4(1849 1850 2074 2073)
4(1850 1851 2075 2074)
4(1851 1852 2076 2075)
4(1852 1853 2077 2076)
4(1853 1854 2078 2077)
4(1854 1855 2079 2078)
4(1855 2296 2520 2079)
4(2296 2297 2521 2520)
4(2297 2298 2522 2521)
4(2298 2299 2523 2522)
4(2299 2300 2524 2523)
4(2300 2301 2525 2524)
4(2301 2302 2526 2525)
4(2302 2303 2527 2526)
4(2303 2744 3528 2527)
4(2744 2745 3529 3528)
4(2745 2746 3530 3529)
4(2746 2747 3531 3530)
4(2747 2748 3532 3531)
4(2748 2749 3533 3532)
4(2749 2750 3534 3533)
4(2750 2751 3535 3534)
4(2751 2752 3536 3535)
4(2752 2753 3537 3536)
4(2753 2754 3538 3537)
4(2754 2755 3539 3538)
4(2755 2756 3540 3539)
4(2756 2757 3541 3540)
4(2757 2758 3542 3541)
4(2758 2759 3543 3542)
4(2759 2760 3544 3543)
4(2760 2761 3545 3544)
4(2761 2762 3546 3545)
4(2762 2763 3547 3546)
4(2763 2764 3548 3547)
4(2764 2765 3549 3548)
4(2765 2766 3550 3549)
4(2766 2767 3551 3550)
4(2767 2768 3552 3551)
4(2768 2769 3553 3552)
4(2769 2770 3554 3553)
4(2770 2771 3555 3554)
4(405 825 826 406)
4(406 826 827 407)
4(407 827 828 408)
4(408 828 829 409)
4(409 829 830 410)
4(410 830 831 411)
4(411 831 832 412)
4(412 832 833 413)
4(413 833 834 414)
4(414 834 835 415)
4(415 835 836 416)
4(416 836 837 417)
4(417 837 838 418)
4(418 838 839 419)
4(419 839 1830 1326)
4(1326 1830 1831 1327)
4(1327 1831 1832 1328)
4(1328 1832 1833 1329)
4(1329 1833 1834 1330)
4(1330 1834 1835 1331)
4(1331 1835 1836 1332)
4(1332 1836 1837 1333)
4(1333 1837 1838 1334)
4(1334 1838 1839 1335)
4(1335 1839 1840 1336)
4(1336 1840 1841 1337)
4(1337 1841 1842 1338)
4(1338 1842 1843 1339)
4(1339 1843 1844 1340)
4(1340 1844 1845 1341)
4(1341 1845 1846 1342)
4(1342 1846 1847 1343)
4(1343 1847 2288 2064)
4(2064 2288 2289 2065)
4(2065 2289 2290 2066)
4(2066 2290 2291 2067)
4(2067 2291 2292 2068)
4(2068 2292 2293 2069)
4(2069 2293 2294 2070)
4(2070 2294 2295 2071)
4(2071 2295 2736 2512)
4(2512 2736 2737 2513)
4(2513 2737 2738 2514)
4(2514 2738 2739 2515)
4(2515 2739 2740 2516)
4(2516 2740 2741 2517)
4(2517 2741 2742 2518)
4(2518 2742 2743 2519)
4(2519 2743 4284 3500)
4(3500 4284 4285 3501)
4(3501 4285 4286 3502)
4(3502 4286 4287 3503)
4(3503 4287 4288 3504)
4(3504 4288 4289 3505)
4(3505 4289 4290 3506)
4(3506 4290 4291 3507)
4(3507 4291 4292 3508)
4(3508 4292 4293 3509)
4(3509 4293 4294 3510)
4(3510 4294 4295 3511)
4(3511 4295 4296 3512)
4(3512 4296 4297 3513)
4(3513 4297 4298 3514)
4(3514 4298 4299 3515)
4(3515 4299 4300 3516)
4(3516 4300 4301 3517)
4(3517 4301 4302 3518)
4(3518 4302 4303 3519)
4(3519 4303 4304 3520)
4(3520 4304 4305 3521)
4(3521 4305 4306 3522)
4(3522 4306 4307 3523)
4(3523 4307 4308 3524)
4(3524 4308 4309 3525)
4(3525 4309 4310 3526)
4(3526 4310 4311 3527)
4(0 15 16 1)
4(15 30 31 16)
4(30 45 46 31)
4(45 60 61 46)
4(60 75 76 61)
4(75 90 91 76)
4(90 105 106 91)
4(105 120 121 106)
4(120 135 136 121)
4(135 150 151 136)
4(150 165 166 151)
4(165 180 181 166)
4(180 195 196 181)
4(195 210 211 196)
4(210 225 226 211)
4(225 240 241 226)
4(240 255 256 241)
4(255 270 271 256)
4(270 285 286 271)
4(285 300 301 286)
4(300 315 316 301)
4(315 330 331 316)
4(330 345 346 331)
4(345 360 361 346)
4(360 375 376 361)
4(375 390 391 376)
4(390 405 406 391)
4(1 16 17 2)
4(16 31 32 17)
4(31 46 47 32)
4(46 61 62 47)
4(61 76 77 62)
4(76 91 92 77)
4(91 106 107 92)
4(106 121 122 107)
4(121 136 137 122)
4(136 151 152 137)
4(151 166 167 152)
4(166 181 182 167)
4(181 196 197 182)
4(196 211 212 197)
4(211 226 227 212)
4(226 241 242 227)
4(241 256 257 242)
4(256 271 272 257)
4(271 286 287 272)
4(286 301 302 287)
4(301 316 317 302)
4(316 331 332 317)
4(331 346 347 332)
4(346 361 362 347)
4(361 376 377 362)
4(376 391 392 377)
4(391 406 407 392)
4(2 17 18 3)
4(17 32 33 18)
4(32 47 48 33)
4(47 62 63 48)
4(62 77 78 63)
4(77 92 93 78)
4(92 107 108 93)
4(107 122 123 108)
4(122 137 138 123)
4(137 152 153 138)
4(152 167 168 153)
4(167 182 183 168)
4(182 197 198 183)
4(197 212 213 198)
4(212 227 228 213)
4(227 242 243 228)
4(242 257 258 243)
4(257 272 273 258)
4(272 287 288 273)
4(287 302 303 288)
4(302 317 318 303)
4(317 332 333 318)
4(332 347 348 333)
4(347 362 363 348)
4(362 377 378 363)
4(377 392 393 378)
4(392 407 408 393)
4(3 18 19 4)
4(18 33 34 19)
4(33 48 49 34)
4(48 63 64 49)
4(63 78 79 64)
4(78 93 94 79)
4(93 108 109 94)
4(108 123 124 109)
4(123 138 139 124)
4(138 153 154 139)
4(153 168 169 154)
4(168 183 184 169)
4(183 198 199 184)
4(198 213 214 199)
4(213 228 229 214)
4(228 243 244 229)
4(243 258 259 244)
4(258 273 274 259)
4(273 288 289 274)
4(288 303 304 289)
4(303 318 319 304)
4(318 333 334 319)
4(333 348 349 334)
4(348 363 364 349)
4(363 378 379 364)
4(378 393 394 379)
4(393 408 409 394)
4(4 19 20 5)
4(19 34 35 20)
4(34 49 50 35)
4(49 64 65 50)
4(64 79 80 65)
4(79 94 95 80)
4(94 109 110 95)
4(109 124 125 110)
4(124 139 140 125)
4(139 154 155 140)
4(154 169 170 155)
4(169 184 185 170)
4(184 199 200 185)
4(199 214 215 200)
4(214 229 230 215)
4(229 244 245 230)
4(244 259 260 245)
4(259 274 275 260)
4(274 289 290 275)
4(289 304 305 290)
4(304 319 320 305)
4(319 334 335 320)
4(334 349 350 335)
4(349 364 365 350)
4(364 379 380 365)
4(379 394 395 380)
4(394 409 410 395)
4(5 20 21 6)
4(20 35 36 21)
4(35 50 51 36)
4(50 65 66 51)
4(65 80 81 66)
4(80 95 96 81)
4(95 110 111 96)
4(110 125 126 111)
4(125 140 141 126)
4(140 155 156 141)
4(155 170 171 156)
4(170 185 186 171)
4(185 200 201 186)
4(200 215 216 201)
4(215 230 231 216)
4(230 245 246 231)
4(245 260 261 246)
4(260 275 276 261)
4(275 290 291 276)
4(290 305 306 291)
4(305 320 321 306)
4(320 335 336 321)
4(335 350 351 336)
4(350 365 366 351)
4(365 380 381 366)
4(380 395 396 381)
4(395 410 411 396)
4(6 21 22 7)
4(21 36 37 22)
4(36 51 52 37)
4(51 66 67 52)
4(66 81 82 67)
4(81 96 97 82)
4(96 111 112 97)
4(111 126 127 112)
4(126 141 142 127)
4(141 156 157 142)
4(156 171 172 157)
4(171 186 187 172)
4(186 201 202 187)
4(201 216 217 202)
4(216 231 232 217)
4(231 246 247 232)
4(246 261 262 247)
4(261 276 277 262)
4(276 291 292 277)
4(291 306 307 292)
4(306 321 322 307)
4(321 336 337 322)
4(336 351 352 337)
4(351 366 367 352)
4(366 381 382 367)
4(381 396 397 382)
4(396 411 412 397)
4(7 22 23 8)
4(22 37 38 23)
4(37 52 53 38)
4(52 67 68 53)
4(67 82 83 68)
4(82 97 98 83)
4(97 112 113 98)
4(112 127 128 113)
4(127 142 143 128)
4(142 157 158 143)
4(157 172 173 158)
4(172 187 188 173)
4(187 202 203 188)
4(202 217 218 203)
4(217 232 233 218)
4(232 247 248 233)
4(247 262 263 248)
4(262 277 278 263)
4(277 292 293 278)
4(292 307 308 293)
4(307 322 323 308)
4(322 337 338 323)
4(337 352 353 338)
4(352 367 368 353)
4(367 382 383 368)
4(382 397 398 383)
4(397 412 413 398)
4(8 23 24 9)
4(23 38 39 24)
4(38 53 54 39)
4(53 68 69 54)
4(68 83 84 69)
4(83 98 99 84)
4(98 113 114 99)
4(113 128 129 114)
4(128 143 144 129)
4(143 158 159 144)
4(158 173 174 159)
4(173 188 189 174)
4(188 203 204 189)
4(203 218 219 204)
4(218 233 234 219)
4(233 248 249 234)
4(248 263 264 249)
4(263 278 279 264)
4(278 293 294 279)
4(293 308 309 294)
4(308 323 324 309)
4(323 338 339 324)
4(338 353 354 339)
4(353 368 369 354)
4(368 383 384 369)
4(383 398 399 384)
4(398 413 414 399)
4(9 24 25 10)
4(24 39 40 25)
4(39 54 55 40)
4(54 69 70 55)
4(69 84 85 70)
4(84 99 100 85)
4(99 114 115 100)
4(114 129 130 115)
4(129 144 145 130)
4(144 159 160 145)
4(159 174 175 160)
4(174 189 190 175)
4(189 204 205 190)
4(204 219 220 205)
4(219 234 235 220)
4(234 249 250 235)
4(249 264 265 250)
4(264 279 280 265)
4(279 294 295 280)
4(294 309 310 295)
4(309 324 325 310)
4(324 339 340 325)
4(339 354 355 340)
4(354 369 370 355)
4(369 384 385 370)
4(384 399 400 385)
4(399 414 415 400)
4(10 25 26 11)
4(25 40 41 26)
4(40 55 56 41)
4(55 70 71 56)
4(70 85 86 71)
4(85 100 101 86)
4(100 115 116 101)
4(115 130 131 116)
4(130 145 146 131)
4(145 160 161 146)
4(160 175 176 161)
4(175 190 191 176)
4(190 205 206 191)
4(205 220 221 206)
4(220 235 236 221)
4(235 250 251 236)
4(250 265 266 251)
4(265 280 281 266)
4(280 295 296 281)
4(295 310 311 296)
4(310 325 326 311)
4(325 340 341 326)
4(340 355 356 341)
4(355 370 371 356)
4(370 385 386 371)
4(385 400 401 386)
4(400 415 416 401)
4(11 26 27 12)
4(26 41 42 27)
4(41 56 57 42)
4(56 71 72 57)
4(71 86 87 72)
4(86 101 102 87)
4(101 116 117 102)
4(116 131 132 117)
4(131 146 147 132)
4(146 161 162 147)
4(161 176 177 162)
4(176 191 192 177)
4(191 206 207 192)
4(206 221 222 207)
4(221 236 237 222)
4(236 251 252 237)
4(251 266 267 252)
4(266 281 282 267)
4(281 296 297 282)
4(296 311 312 297)
4(311 326 327 312)
4(326 341 342 327)
4(341 356 357 342)
4(356 371 372 357)
4(371 386 387 372)
4(386 401 402 387)
4(401 416 417 402)
4(12 27 28 13)
4(27 42 43 28)
4(42 57 58 43)
4(57 72 73 58)
4(72 87 88 73)
4(87 102 103 88)
4(102 117 118 103)
4(117 132 133 118)
4(132 147 148 133)
4(147 162 163 148)
4(162 177 178 163)
4(177 192 193 178)
4(192 207 208 193)
4(207 222 223 208)
4(222 237 238 223)
4(237 252 253 238)
4(252 267 268 253)
4(267 282 283 268)
4(282 297 298 283)
4(297 312 313 298)
4(312 327 328 313)
4(327 342 343 328)
4(342 357 358 343)
4(357 372 373 358)
4(372 387 388 373)
4(387 402 403 388)
4(402 417 418 403)
4(13 28 29 14)
4(28 43 44 29)
4(43 58 59 44)
4(58 73 74 59)
4(73 88 89 74)
4(88 103 104 89)
4(103 118 119 104)
4(118 133 134 119)
4(133 148 149 134)
4(148 163 164 149)
4(163 178 179 164)
4(178 193 194 179)
4(193 208 209 194)
4(208 223 224 209)
4(223 238 239 224)
4(238 253 254 239)
4(253 268 269 254)
4(268 283 284 269)
4(283 298 299 284)
4(298 313 314 299)
4(313 328 329 314)
4(328 343 344 329)
4(343 358 359 344)
4(358 373 374 359)
4(373 388 389 374)
4(388 403 404 389)
4(403 418 419 404)
4(14 29 858 840)
4(29 44 876 858)
4(44 59 894 876)
4(59 74 912 894)
4(74 89 930 912)
4(89 104 948 930)
4(104 119 966 948)
4(119 134 984 966)
4(134 149 1002 984)
4(149 164 1020 1002)
4(164 179 1038 1020)
4(179 194 1056 1038)
4(194 209 1074 1056)
4(209 224 1092 1074)
4(224 239 1110 1092)
4(239 254 1128 1110)
4(254 269 1146 1128)
4(269 284 1164 1146)
4(284 299 1182 1164)
4(299 314 1200 1182)
4(314 329 1218 1200)
4(329 344 1236 1218)
4(344 359 1254 1236)
4(359 374 1272 1254)
4(374 389 1290 1272)
4(389 404 1308 1290)
4(404 419 1326 1308)
4(840 858 859 841)
4(858 876 877 859)
4(876 894 895 877)
4(894 912 913 895)
4(912 930 931 913)
4(930 948 949 931)
4(948 966 967 949)
4(966 984 985 967)
4(984 1002 1003 985)
4(1002 1020 1021 1003)
4(1020 1038 1039 1021)
4(1038 1056 1057 1039)
4(1056 1074 1075 1057)
4(1074 1092 1093 1075)
4(1092 1110 1111 1093)
4(1110 1128 1129 1111)
4(1128 1146 1147 1129)
4(1146 1164 1165 1147)
4(1164 1182 1183 1165)
4(1182 1200 1201 1183)
4(1200 1218 1219 1201)
4(1218 1236 1237 1219)
4(1236 1254 1255 1237)
4(1254 1272 1273 1255)
4(1272 1290 1291 1273)
4(1290 1308 1309 1291)
4(1308 1326 1327 1309)
4(841 859 860 842)
4(859 877 878 860)
4(877 895 896 878)
4(895 913 914 896)
4(913 931 932 914)
4(931 949 950 932)
4(949 967 968 950)
4(967 985 986 968)
4(985 1003 1004 986)
4(1003 1021 1022 1004)
4(1021 1039 1040 1022)
4(1039 1057 1058 1040)
4(1057 1075 1076 1058)
4(1075 1093 1094 1076)
4(1093 1111 1112 1094)
4(1111 1129 1130 1112)
4(1129 1147 1148 1130)
4(1147 1165 1166 1148)
4(1165 1183 1184 1166)
4(1183 1201 1202 1184)
4(1201 1219 1220 1202)
4(1219 1237 1238 1220)
4(1237 1255 1256 1238)
4(1255 1273 1274 1256)
4(1273 1291 1292 1274)
4(1291 1309 1310 1292)
4(1309 1327 1328 1310)
4(842 860 861 843)
4(860 878 879 861)
4(878 896 897 879)
4(896 914 915 897)
4(914 932 933 915)
4(932 950 951 933)
4(950 968 969 951)
4(968 986 987 969)
4(986 1004 1005 987)
4(1004 1022 1023 1005)
4(1022 1040 1041 1023)
4(1040 1058 1059 1041)
4(1058 1076 1077 1059)
4(1076 1094 1095 1077)
4(1094 1112 1113 1095)
4(1112 1130 1131 1113)
4(1130 1148 1149 1131)
4(1148 1166 1167 1149)
4(1166 1184 1185 1167)
4(1184 1202 1203 1185)
4(1202 1220 1221 1203)
4(1220 1238 1239 1221)
4(1238 1256 1257 1239)
4(1256 1274 1275 1257)
4(1274 1292 1293 1275)
4(1292 1310 1311 1293)
4(1310 1328 1329 1311)
4(843 861 862 844)
4(861 879 880 862)
4(879 897 898 880)
4(897 915 916 898)
4(915 933 934 916)
4(933 951 952 934)
4(951 969 970 952)
4(969 987 988 970)
4(987 1005 1006 988)
4(1005 1023 1024 1006)
4(1023 1041 1042 1024)
4(1041 1059 1060 1042)
4(1059 1077 1078 1060)
4(1077 1095 1096 1078)
4(1095 1113 1114 1096)
4(1113 1131 1132 1114)
4(1131 1149 1150 1132)
4(1149 1167 1168 1150)
4(1167 1185 1186 1168)
4(1185 1203 1204 1186)
4(1203 1221 1222 1204)
4(1221 1239 1240 1222)
4(1239 1257 1258 1240)
4(1257 1275 1276 1258)
4(1275 1293 1294 1276)
4(1293 1311 1312 1294)
4(1311 1329 1330 1312)
4(844 862 863 845)
4(862 880 881 863)
4(880 898 899 881)
4(898 916 917 899)
4(916 934 935 917)
4(934 952 953 935)
4(952 970 971 953)
4(970 988 989 971)
4(988 1006 1007 989)
4(1006 1024 1025 1007)
4(1024 1042 1043 1025)
4(1042 1060 1061 1043)
4(1060 1078 1079 1061)
4(1078 1096 1097 1079)
4(1096 1114 1115 1097)
4(1114 1132 1133 1115)
4(1132 1150 1151 1133)
4(1150 1168 1169 1151)
4(1168 1186 1187 1169)
4(1186 1204 1205 1187)
4(1204 1222 1223 1205)
4(1222 1240 1241 1223)
4(1240 1258 1259 1241)
4(1258 1276 1277 1259)
4(1276 1294 1295 1277)
4(1294 1312 1313 1295)
4(1312 1330 1331 1313)
4(845 863 864 846)
4(863 881 882 864)
4(881 899 900 882)
4(899 917 918 900)
4(917 935 936 918)
4(935 953 954 936)
4(953 971 972 954)
4(971 989 990 972)
4(989 1007 1008 990)
4(1007 1025 1026 1008)
4(1025 1043 1044 1026)
4(1043 1061 1062 1044)
4(1061 1079 1080 1062)
4(1079 1097 1098 1080)
4(1097 1115 1116 1098)
4(1115 1133 1134 1116)
4(1133 1151 1152 1134)
4(1151 1169 1170 1152)
4(1169 1187 1188 1170)
4(1187 1205 1206 1188)
4(1205 1223 1224 1206)
4(1223 1241 1242 1224)
4(1241 1259 1260 1242)
4(1259 1277 1278 1260)
4(1277 1295 1296 1278)
4(1295 1313 1314 1296)
4(1313 1331 1332 1314)
4(846 864 865 847)
4(864 882 883 865)
4(882 900 901 883)
4(900 918 919 901)
4(918 936 937 919)
4(936 954 955 937)
4(954 972 973 955)
4(972 990 991 973)
4(990 1008 1009 991)
4(1008 1026 1027 1009)
4(1026 1044 1045 1027)
4(1044 1062 1063 1045)
4(1062 1080 1081 1063)
4(1080 1098 1099 1081)
4(1098 1116 1117 1099)
4(1116 1134 1135 1117)
4(1134 1152 1153 1135)
4(1152 1170 1171 1153)
4(1170 1188 1189 1171)
4(1188 1206 1207 1189)
4(1206 1224 1225 1207)
4(1224 1242 1243 1225)
4(1242 1260 1261 1243)
4(1260 1278 1279 1261)
4(1278 1296 1297 1279)
4(1296 1314 1315 1297)
4(1314 1332 1333 1315)
4(847 865 866 848)
4(865 883 884 866)
4(883 901 902 884)
4(901 919 920 902)
4(919 937 938 920)
4(937 955 956 938)
4(955 973 974 956)
4(973 991 992 974)
4(991 1009 1010 992)
4(1009 1027 1028 1010)
4(1027 1045 1046 1028)
4(1045 1063 1064 1046)
4(1063 1081 1082 1064)
4(1081 1099 1100 1082)
4(1099 1117 1118 1100)
4(1117 1135 1136 1118)
4(1135 1153 1154 1136)
4(1153 1171 1172 1154)
4(1171 1189 1190 1172)
4(1189 1207 1208 1190)
4(1207 1225 1226 1208)
4(1225 1243 1244 1226)
4(1243 1261 1262 1244)
4(1261 1279 1280 1262)
4(1279 1297 1298 1280)
4(1297 1315 1316 1298)
4(1315 1333 1334 1316)
4(848 866 867 849)
4(866 884 885 867)
4(884 902 903 885)
4(902 920 921 903)
4(920 938 939 921)
4(938 956 957 939)
4(956 974 975 957)
4(974 992 993 975)
4(992 1010 1011 993)
4(1010 1028 1029 1011)
4(1028 1046 1047 1029)
4(1046 1064 1065 1047)
4(1064 1082 1083 1065)
4(1082 1100 1101 1083)
4(1100 1118 1119 1101)
4(1118 1136 1137 1119)
4(1136 1154 1155 1137)
4(1154 1172 1173 1155)
4(1172 1190 1191 1173)
4(1190 1208 1209 1191)
4(1208 1226 1227 1209)
4(1226 1244 1245 1227)
4(1244 1262 1263 1245)
4(1262 1280 1281 1263)
4(1280 1298 1299 1281)
4(1298 1316 1317 1299)
4(1316 1334 1335 1317)
4(849 867 868 850)
4(867 885 886 868)
4(885 903 904 886)
4(903 921 922 904)
4(921 939 940 922)
4(939 957 958 940)
4(957 975 976 958)
4(975 993 994 976)
4(993 1011 1012 994)
4(1011 1029 1030 1012)
4(1029 1047 1048 1030)
4(1047 1065 1066 1048)
4(1065 1083 1084 1066)
4(1083 1101 1102 1084)
4(1101 1119 1120 1102)
4(1119 1137 1138 1120)
4(1137 1155 1156 1138)
4(1155 1173 1174 1156)
4(1173 1191 1192 1174)
4(1191 1209 1210 1192)
4(1209 1227 1228 1210)
4(1227 1245 1246 1228)
4(1245 1263 1264 1246)
4(1263 1281 1282 1264)
4(1281 1299 1300 1282)
4(1299 1317 1318 1300)
4(1317 1335 1336 1318)
4(850 868 869 851)
4(868 886 887 869)
4(886 904 905 887)
4(904 922 923 905)
4(922 940 941 923)
4(940 958 959 941)
4(958 976 977 959)
4(976 994 995 977)
4(994 1012 1013 995)
4(1012 1030 1031 1013)
4(1030 1048 1049 1031)
4(1048 1066 1067 1049)
4(1066 1084 1085 1067)
4(1084 1102 1103 1085)
4(1102 1120 1121 1103)
4(1120 1138 1139 1121)
4(1138 1156 1157 1139)
4(1156 1174 1175 1157)
4(1174 1192 1193 1175)
4(1192 1210 1211 1193)
4(1210 1228 1229 1211)
4(1228 1246 1247 1229)
4(1246 1264 1265 1247)
4(1264 1282 1283 1265)
4(1282 1300 1301 1283)
4(1300 1318 1319 1301)
4(1318 1336 1337 1319)
4(851 869 870 852)
4(869 887 888 870)
4(887 905 906 888)
4(905 923 924 906)
4(923 941 942 924)
4(941 959 960 942)
4(959 977 978 960)
4(977 995 996 978)
4(995 1013 1014 996)
4(1013 1031 1032 1014)
4(1031 1049 1050 1032)
4(1049 1067 1068 1050)
4(1067 1085 1086 1068)
4(1085 1103 1104 1086)
4(1103 1121 1122 1104)
4(1121 1139 1140 1122)
4(1139 1157 1158 1140)
4(1157 1175 1176 1158)
4(1175 1193 1194 1176)
4(1193 1211 1212 1194)
4(1211 1229 1230 1212)
4(1229 1247 1248 1230)
4(1247 1265 1266 1248)
4(1265 1283 1284 1266)
4(1283 1301 1302 1284)
4(1301 1319 1320 1302)
4(1319 1337 1338 1320)
4(852 870 871 853)
4(870 888 889 871)
4(888 906 907 889)
4(906 924 925 907)
4(924 942 943 925)
4(942 960 961 943)
4(960 978 979 961)
4(978 996 997 979)
4(996 1014 1015 997)
4(1014 1032 1033 1015)
4(1032 1050 1051 1033)
4(1050 1068 1069 1051)
4(1068 1086 1087 1069)
4(1086 1104 1105 1087)
4(1104 1122 1123 1105)
4(1122 1140 1141 1123)
4(1140 1158 1159 1141)
4(1158 1176 1177 1159)
4(1176 1194 1195 1177)
4(1194 1212 1213 1195)
4(1212 1230 1231 1213)
4(1230 1248 1249 1231)
4(1248 1266 1267 1249)
4(1266 1284 1285 1267)
4(1284 1302 1303 1285)
4(1302 1320 1321 1303)
4(1320 1338 1339 1321)
4(853 871 872 854)
4(871 889 890 872)
4(889 907 908 890)
4(907 925 926 908)
4(925 943 944 926)
4(943 961 962 944)
4(961 979 980 962)
4(979 997 998 980)
4(997 1015 1016 998)
4(1015 1033 1034 1016)
4(1033 1051 1052 1034)
4(1051 1069 1070 1052)
4(1069 1087 1088 1070)
4(1087 1105 1106 1088)
4(1105 1123 1124 1106)
4(1123 1141 1142 1124)
4(1141 1159 1160 1142)
4(1159 1177 1178 1160)
4(1177 1195 1196 1178)
4(1195 1213 1214 1196)
4(1213 1231 1232 1214)
4(1231 1249 1250 1232)
4(1249 1267 1268 1250)
4(1267 1285 1286 1268)
4(1285 1303 1304 1286)
4(1303 1321 1322 1304)
4(1321 1339 1340 1322)
4(854 872 873 855)
4(872 890 891 873)
4(890 908 909 891)
4(908 926 927 909)
4(926 944 945 927)
4(944 962 963 945)
4(962 980 981 963)
4(980 998 999 981)
4(998 1016 1017 999)
4(1016 1034 1035 1017)
4(1034 1052 1053 1035)
4(1052 1070 1071 1053)
4(1070 1088 1089 1071)
4(1088 1106 1107 1089)
4(1106 1124 1125 1107)
4(1124 1142 1143 1125)
4(1142 1160 1161 1143)
4(1160 1178 1179 1161)
4(1178 1196 1197 1179)
4(1196 1214 1215 1197)
4(1214 1232 1233 1215)
4(1232 1250 1251 1233)
4(1250 1268 1269 1251)
4(1268 1286 1287 1269)
4(1286 1304 1305 1287)
4(1304 1322 1323 1305)
4(1322 1340 1341 1323)
4(855 873 874 856)
4(873 891 892 874)
4(891 909 910 892)
4(909 927 928 910)
4(927 945 946 928)
4(945 963 964 946)
4(963 981 982 964)
4(981 999 1000 982)
4(999 1017 1018 1000)
4(1017 1035 1036 1018)
4(1035 1053 1054 1036)
4(1053 1071 1072 1054)
4(1071 1089 1090 1072)
4(1089 1107 1108 1090)
4(1107 1125 1126 1108)
4(1125 1143 1144 1126)
4(1143 1161 1162 1144)
4(1161 1179 1180 1162)
4(1179 1197 1198 1180)
4(1197 1215 1216 1198)
4(1215 1233 1234 1216)
4(1233 1251 1252 1234)
4(1251 1269 1270 1252)
4(1269 1287 1288 1270)
4(1287 1305 1306 1288)
4(1305 1323 1324 1306)
4(1323 1341 1342 1324)
4(856 874 875 857)
4(874 892 893 875)
4(892 910 911 893)
4(910 928 929 911)
4(928 946 947 929)
4(946 964 965 947)
4(964 982 983 965)
4(982 1000 1001 983)
4(1000 1018 1019 1001)
4(1018 1036 1037 1019)
4(1036 1054 1055 1037)
4(1054 1072 1073 1055)
4(1072 1090 1091 1073)
4(1090 1108 1109 1091)
4(1108 1126 1127 1109)
4(1126 1144 1145 1127)
4(1144 1162 1163 1145)
4(1162 1180 1181 1163)
4(1180 1198 1199 1181)
4(1198 1216 1217 1199)
4(1216 1234 1235 1217)
4(1234 1252 1253 1235)
4(1252 1270 1271 1253)
4(1270 1288 1289 1271)
4(1288 1306 1307 1289)
4(1306 1324 1325 1307)
4(1324 1342 1343 1325)
4(857 875 1856 1848)
4(875 893 1864 1856)
4(893 911 1872 1864)
4(911 929 1880 1872)
4(929 947 1888 1880)
4(947 965 1896 1888)
4(965 983 1904 1896)
4(983 1001 1912 1904)
4(1001 1019 1920 1912)
4(1019 1037 1928 1920)
4(1037 1055 1936 1928)
4(1055 1073 1944 1936)
4(1073 1091 1952 1944)
4(1091 1109 1960 1952)
4(1109 1127 1968 1960)
4(1127 1145 1976 1968)
4(1145 1163 1984 1976)
4(1163 1181 1992 1984)
4(1181 1199 2000 1992)
4(1199 1217 2008 2000)
4(1217 1235 2016 2008)
4(1235 1253 2024 2016)
4(1253 1271 2032 2024)
4(1271 1289 2040 2032)
4(1289 1307 2048 2040)
4(1307 1325 2056 2048)
4(1325 1343 2064 2056)
4(1848 1856 1857 1849)
4(1856 1864 1865 1857)
4(1864 1872 1873 1865)
4(1872 1880 1881 1873)
4(1880 1888 1889 1881)
4(1888 1896 1897 1889)
4(1896 1904 1905 1897)
4(1904 1912 1913 1905)
4(1912 1920 1921 1913)
4(1920 1928 1929 1921)
4(1928 1936 1937 1929)
4(1936 1944 1945 1937)
4(1944 1952 1953 1945)
4(1952 1960 1961 1953)
4(1960 1968 1969 1961)
4(1968 1976 1977 1969)
4(1976 1984 1985 1977)
4(1984 1992 1993 1985)
4(1992 2000 2001 1993)
4(2000 2008 2009 2001)
4(2008 2016 2017 2009)
4(2016 2024 2025 2017)
4(2024 2032 2033 2025)
4(2032 2040 2041 2033)
4(2040 2048 2049 2041)
4(2048 2056 2057 2049)
4(2056 2064 2065 2057)
4(1849 1857 1858 1850)
4(1857 1865 1866 1858)
4(1865 1873 1874 1866)
4(1873 1881 1882 1874)
4(1881 1889 1890 1882)
4(1889 1897 1898 1890)
4(1897 1905 1906 1898)
4(1905 1913 1914 1906)
4(1913 1921 1922 1914)
4(1921 1929 1930 1922)
4(1929 1937 1938 1930)
4(1937 1945 1946 1938)
4(1945 1953 1954 1946)
4(1953 1961 1962 1954)
4(1961 1969 1970 1962)
4(1969 1977 1978 1970)
4(1977 1985 1986 1978)
4(1985 1993 1994 1986)
4(1993 2001 2002 1994)
4(2001 2009 2010 2002)
4(2009 2017 2018 2010)
4(2017 2025 2026 2018)
4(2025 2033 2034 2026)
4(2033 2041 2042 2034)
4(2041 2049 2050 2042)
4(2049 2057 2058 2050)
4(2057 2065 2066 2058)
4(1850 1858 1859 1851)
4(1858 1866 1867 1859)
4(1866 1874 1875 1867)
4(1874 1882 1883 1875)
4(1882 1890 1891 1883)
4(1890 1898 1899 1891)
4(1898 1906 1907 1899)
4(1906 1914 1915 1907)
4(1914 1922 1923 1915)
4(1922 1930 1931 1923)
4(1930 1938 1939 1931)
4(1938 1946 1947 1939)
4(1946 1954 1955 1947)
4(1954 1962 1963 1955)
4(1962 1970 1971 1963)
4(1970 1978 1979 1971)
4(1978 1986 1987 1979)
4(1986 1994 1995 1987)
4(1994 2002 2003 1995)
4(2002 2010 2011 2003)
4(2010 2018 2019 2011)
4(2018 2026 2027 2019)
4(2026 2034 2035 2027)
4(2034 2042 2043 2035)
4(2042 2050 2051 2043)
4(2050 2058 2059 2051)
4(2058 2066 2067 2059)
4(1851 1859 1860 1852)
4(1859 1867 1868 1860)
4(1867 1875 1876 1868)
4(1875 1883 1884 1876)
4(1883 1891 1892 1884)
4(1891 1899 1900 1892)
4(1899 1907 1908 1900)
4(1907 1915 1916 1908)
4(1915 1923 1924 1916)
4(1923 1931 1932 1924)
4(1931 1939 1940 1932)
4(1939 1947 1948 1940)
4(1947 1955 1956 1948)
4(1955 1963 1964 1956)
4(1963 1971 1972 1964)
4(1971 1979 1980 1972)
4(1979 1987 1988 1980)
4(1987 1995 1996 1988)
4(1995 2003 2004 1996)
4(2003 2011 2012 2004)
4(2011 2019 2020 2012)
4(2019 2027 2028 2020)
4(2027 2035 2036 2028)
4(2035 2043 2044 2036)
4(2043 2051 2052 2044)
4(2051 2059 2060 2052)
4(2059 2067 2068 2060)
4(1852 1860 1861 1853)
4(1860 1868 1869 1861)
4(1868 1876 1877 1869)
4(1876 1884 1885 1877)
4(1884 1892 1893 1885)
4(1892 1900 1901 1893)
4(1900 1908 1909 1901)
4(1908 1916 1917 1909)
4(1916 1924 1925 1917)
4(1924 1932 1933 1925)
4(1932 1940 1941 1933)
4(1940 1948 1949 1941)
4(1948 1956 1957 1949)
4(1956 1964 1965 1957)
4(1964 1972 1973 1965)
4(1972 1980 1981 1973)
4(1980 1988 1989 1981)
4(1988 1996 1997 1989)
4(1996 2004 2005 1997)
4(2004 2012 2013 2005)
4(2012 2020 2021 2013)
4(2020 2028 2029 2021)
4(2028 2036 2037 2029)
4(2036 2044 2045 2037)
4(2044 2052 2053 2045)
4(2052 2060 2061 2053)
4(2060 2068 2069 2061)
4(1853 1861 1862 1854)
4(1861 1869 1870 1862)
4(1869 1877 1878 1870)
4(1877 1885 1886 1878)
4(1885 1893 1894 1886)
4(1893 1901 1902 1894)
4(1901 1909 1910 1902)
4(1909 1917 1918 1910)
4(1917 1925 1926 1918)
4(1925 1933 1934 1926)
4(1933 1941 1942 1934)
4(1941 1949 1950 1942)
4(1949 1957 1958 1950)
4(1957 1965 1966 1958)
4(1965 1973 1974 1966)
4(1973 1981 1982 1974)
4(1981 1989 1990 1982)
4(1989 1997 1998 1990)
4(1997 2005 2006 1998)
4(2005 2013 2014 2006)
4(2013 2021 2022 2014)
4(2021 2029 2030 2022)
4(2029 2037 2038 2030)
4(2037 2045 2046 2038)
4(2045 2053 2054 2046)
4(2053 2061 2062 2054)
4(2061 2069 2070 2062)
4(1854 1862 1863 1855)
4(1862 1870 1871 1863)
4(1870 1878 1879 1871)
4(1878 1886 1887 1879)
4(1886 1894 1895 1887)
4(1894 1902 1903 1895)
4(1902 1910 1911 1903)
4(1910 1918 1919 1911)
4(1918 1926 1927 1919)
4(1926 1934 1935 1927)
4(1934 1942 1943 1935)
4(1942 1950 1951 1943)
4(1950 1958 1959 1951)
4(1958 1966 1967 1959)
4(1966 1974 1975 1967)
4(1974 1982 1983 1975)
4(1982 1990 1991 1983)
4(1990 1998 1999 1991)
4(1998 2006 2007 1999)
4(2006 2014 2015 2007)
4(2014 2022 2023 2015)
4(2022 2030 2031 2023)
4(2030 2038 2039 2031)
4(2038 2046 2047 2039)
4(2046 2054 2055 2047)
4(2054 2062 2063 2055)
4(2062 2070 2071 2063)
4(1855 1863 2304 2296)
4(1863 1871 2312 2304)
4(1871 1879 2320 2312)
4(1879 1887 2328 2320)
4(1887 1895 2336 2328)
4(1895 1903 2344 2336)
4(1903 1911 2352 2344)
4(1911 1919 2360 2352)
4(1919 1927 2368 2360)
4(1927 1935 2376 2368)
4(1935 1943 2384 2376)
4(1943 1951 2392 2384)
4(1951 1959 2400 2392)
4(1959 1967 2408 2400)
4(1967 1975 2416 2408)
4(1975 1983 2424 2416)
4(1983 1991 2432 2424)
4(1991 1999 2440 2432)
4(1999 2007 2448 2440)
4(2007 2015 2456 2448)
4(2015 2023 2464 2456)
4(2023 2031 2472 2464)
4(2031 2039 2480 2472)
4(2039 2047 2488 2480)
4(2047 2055 2496 2488)
4(2055 2063 2504 2496)
4(2063 2071 2512 2504)
4(2296 2304 2305 2297)
4(2304 2312 2313 2305)
4(2312 2320 2321 2313)
4(2320 2328 2329 2321)
4(2328 2336 2337 2329)
4(2336 2344 2345 2337)
4(2344 2352 2353 2345)
4(2352 2360 2361 2353)
4(2360 2368 2369 2361)
4(2368 2376 2377 2369)
4(2376 2384 2385 2377)
4(2384 2392 2393 2385)
4(2392 2400 2401 2393)
4(2400 2408 2409 2401)
4(2408 2416 2417 2409)
4(2416 2424 2425 2417)
4(2424 2432 2433 2425)
4(2432 2440 2441 2433)
4(2440 2448 2449 2441)
4(2448 2456 2457 2449)
4(2456 2464 2465 2457)
4(2464 2472 2473 2465)
4(2472 2480 2481 2473)
4(2480 2488 2489 2481)
4(2488 2496 2497 2489)
4(2496 2504 2505 2497)
4(2504 2512 2513 2505)
4(2297 2305 2306 2298)
4(2305 2313 2314 2306)
4(2313 2321 2322 2314)
4(2321 2329 2330 2322)
4(2329 2337 2338 2330)
4(2337 2345 2346 2338)
4(2345 2353 2354 2346)
4(2353 2361 2362 2354)
4(2361 2369 2370 2362)
4(2369 2377 2378 2370)
4(2377 2385 2386 2378)
4(2385 2393 2394 2386)
4(2393 2401 2402 2394)
4(2401 2409 2410 2402)
4(2409 2417 2418 2410)
4(2417 2425 2426 2418)
4(2425 2433 2434 2426)
4(2433 2441 2442 2434)
4(2441 2449 2450 2442)
4(2449 2457 2458 2450)
4(2457 2465 2466 2458)
4(2465 2473 2474 2466)
4(2473 2481 2482 2474)
4(2481 2489 2490 2482)
4(2489 2497 2498 2490)
4(2497 2505 2506 2498)
4(2505 2513 2514 2506)
4(2298 2306 2307 2299)
4(2306 2314 2315 2307)
4(2314 2322 2323 2315)
4(2322 2330 2331 2323)
4(2330 2338 2339 2331)
4(2338 2346 2347 2339)
4(2346 2354 2355 2347)
4(2354 2362 2363 2355)
4(2362 2370 2371 2363)
4(2370 2378 2379 2371)
4(2378 2386 2387 2379)
4(2386 2394 2395 2387)
4(2394 2402 2403 2395)
4(2402 2410 2411 2403)
4(2410 2418 2419 2411)
4(2418 2426 2427 2419)
4(2426 2434 2435 2427)
4(2434 2442 2443 2435)
4(2442 2450 2451 2443)
4(2450 2458 2459 2451)
4(2458 2466 2467 2459)
4(2466 2474 2475 2467)
4(2474 2482 2483 2475)
4(2482 2490 2491 2483)
4(2490 2498 2499 2491)
4(2498 2506 2507 2499)
4(2506 2514 2515 2507)
4(2299 2307 2308 2300)
4(2307 2315 2316 2308)
4(2315 2323 2324 2316)
4(2323 2331 2332 2324)
4(2331 2339 2340 2332)
4(2339 2347 2348 2340)
4(2347 2355 2356 2348)
4(2355 2363 2364 2356)
4(2363 2371 2372 2364)
4(2371 2379 2380 2372)
4(2379 2387 2388 2380)
4(2387 2395 2396 2388)
4(2395 2403 2404 2396)
4(2403 2411 2412 2404)
4(2411 2419 2420 2412)
4(2419 2427 2428 2420)
4(2427 2435 2436 2428)
4(2435 2443 2444 2436)
4(2443 2451 2452 2444)
4(2451 2459 2460 2452)
4(2459 2467 2468 2460)
4(2467 2475 2476 2468)
4(2475 2483 2484 2476)
4(2483 2491 2492 2484)
4(2491 2499 2500 2492)
4(2499 2507 2508 2500)
4(2507 2515 2516 2508)
4(2300 2308 2309 2301)
4(2308 2316 2317 2309)
4(2316 2324 2325 2317)
4(2324 2332 2333 2325)
4(2332 2340 2341 2333)
4(2340 2348 2349 2341)
4(2348 2356 2357 2349)
4(2356 2364 2365 2357)
4(2364 2372 2373 2365)
4(2372 2380 2381 2373)
4(2380 2388 2389 2381)
4(2388 2396 2397 2389)
4(2396 2404 2405 2397)
4(2404 2412 2413 2405)
4(2412 2420 2421 2413)
4(2420 2428 2429 2421)
4(2428 2436 2437 2429)
4(2436 2444 2445 2437)
4(2444 2452 2453 2445)
4(2452 2460 2461 2453)
4(2460 2468 2469 2461)
4(2468 2476 2477 2469)
4(2476 2484 2485 2477)
4(2484 2492 2493 2485)
4(2492 2500 2501 2493)
4(2500 2508 2509 2501)
4(2508 2516 2517 2509)
4(2301 2309 2310 2302)
4(2309 2317 2318 2310)
4(2317 2325 2326 2318)
4(2325 2333 2334 2326)
4(2333 2341 2342 2334)
4(2341 2349 2350 2342)
4(2349 2357 2358 2350)
4(2357 2365 2366 2358)
4(2365 2373 2374 2366)
4(2373 2381 2382 2374)
4(2381 2389 2390 2382)
4(2389 2397 2398 2390)
4(2397 2405 2406 2398)
4(2405 2413 2414 2406)
4(2413 2421 2422 2414)
4(2421 2429 2430 2422)
4(2429 2437 2438 2430)
4(2437 2445 2446 2438)
4(2445 2453 2454 2446)
4(2453 2461 2462 2454)
4(2461 2469 2470 2462)
4(2469 2477 2478 2470)
4(2477 2485 2486 2478)
4(2485 2493 2494 2486)
4(2493 2501 2502 2494)
4(2501 2509 2510 2502)
4(2509 2517 2518 2510)
4(2302 2310 2311 2303)
4(2310 2318 2319 2311)
4(2318 2326 2327 2319)
4(2326 2334 2335 2327)
4(2334 2342 2343 2335)
4(2342 2350 2351 2343)
4(2350 2358 2359 2351)
4(2358 2366 2367 2359)
4(2366 2374 2375 2367)
4(2374 2382 2383 2375)
4(2382 2390 2391 2383)
4(2390 2398 2399 2391)
4(2398 2406 2407 2399)
4(2406 2414 2415 2407)
4(2414 2422 2423 2415)
4(2422 2430 2431 2423)
4(2430 2438 2439 2431)
4(2438 2446 2447 2439)
4(2446 2454 2455 2447)
4(2454 2462 2463 2455)
4(2462 2470 2471 2463)
4(2470 2478 2479 2471)
4(2478 2486 2487 2479)
4(2486 2494 2495 2487)
4(2494 2502 2503 2495)
4(2502 2510 2511 2503)
4(2510 2518 2519 2511)
4(2303 2311 2772 2744)
4(2311 2319 2800 2772)
4(2319 2327 2828 2800)
4(2327 2335 2856 2828)
4(2335 2343 2884 2856)
4(2343 2351 2912 2884)
4(2351 2359 2940 2912)
4(2359 2367 2968 2940)
4(2367 2375 2996 2968)
4(2375 2383 3024 2996)
4(2383 2391 3052 3024)
4(2391 2399 3080 3052)
4(2399 2407 3108 3080)
4(2407 2415 3136 3108)
4(2415 2423 3164 3136)
4(2423 2431 3192 3164)
4(2431 2439 3220 3192)
4(2439 2447 3248 3220)
4(2447 2455 3276 3248)
4(2455 2463 3304 3276)
4(2463 2471 3332 3304)
4(2471 2479 3360 3332)
4(2479 2487 3388 3360)
4(2487 2495 3416 3388)
4(2495 2503 3444 3416)
4(2503 2511 3472 3444)
4(2511 2519 3500 3472)
4(2744 2772 2773 2745)
4(2772 2800 2801 2773)
4(2800 2828 2829 2801)
4(2828 2856 2857 2829)
4(2856 2884 2885 2857)
4(2884 2912 2913 2885)
4(2912 2940 2941 2913)
4(2940 2968 2969 2941)
4(2968 2996 2997 2969)
4(2996 3024 3025 2997)
4(3024 3052 3053 3025)
4(3052 3080 3081 3053)
4(3080 3108 3109 3081)
4(3108 3136 3137 3109)
4(3136 3164 3165 3137)
4(3164 3192 3193 3165)
4(3192 3220 3221 3193)
4(3220 3248 3249 3221)
4(3248 3276 3277 3249)
4(3276 3304 3305 3277)
4(3304 3332 3333 3305)
4(3332 3360 3361 3333)
4(3360 3388 3389 3361)
4(3388 3416 3417 3389)
4(3416 3444 3445 3417)
4(3444 3472 3473 3445)
4(3472 3500 3501 3473)
4(2745 2773 2774 2746)
4(2773 2801 2802 2774)
4(2801 2829 2830 2802)
4(2829 2857 2858 2830)
4(2857 2885 2886 2858)
4(2885 2913 2914 2886)
4(2913 2941 2942 2914)
4(2941 2969 2970 2942)
4(2969 2997 2998 2970)
4(2997 3025 3026 2998)
4(3025 3053 3054 3026)
4(3053 3081 3082 3054)
4(3081 3109 3110 3082)
4(3109 3137 3138 3110)
4(3137 3165 3166 3138)
4(3165 3193 3194 3166)
4(3193 3221 3222 3194)
4(3221 3249 3250 3222)
4(3249 3277 3278 3250)
4(3277 3305 3306 3278)
4(3305 3333 3334 3306)
4(3333 3361 3362 3334)
4(3361 3389 3390 3362)
4(3389 3417 3418 3390)
4(3417 3445 3446 3418)
4(3445 3473 3474 3446)
4(3473 3501 3502 3474)
4(2746 2774 2775 2747)
4(2774 2802 2803 2775)
4(2802 2830 2831 2803)
4(2830 2858 2859 2831)
4(2858 2886 2887 2859)
4(2886 2914 2915 2887)
4(2914 2942 2943 2915)
4(2942 2970 2971 2943)
4(2970 2998 2999 2971)
4(2998 3026 3027 2999)
4(3026 3054 3055 3027)
4(3054 3082 3083 3055)
4(3082 3110 3111 3083)
4(3110 3138 3139 3111)
4(3138 3166 3167 3139)
4(3166 3194 3195 3167)
4(3194 3222 3223 3195)
4(3222 3250 3251 3223)
4(3250 3278 3279 3251)
4(3278 3306 3307 3279)
4(3306 3334 3335 3307)
4(3334 3362 3363 3335)
4(3362 3390 3391 3363)
4(3390 3418 3419 3391)
4(3418 3446 3447 3419)
4(3446 3474 3475 3447)
4(3474 3502 3503 3475)
4(2747 2775 2776 2748)
4(2775 2803 2804 2776)
4(2803 2831 2832 2804)
4(2831 2859 2860 2832)
4(2859 2887 2888 2860)
4(2887 2915 2916 2888)
4(2915 2943 2944 2916)
4(2943 2971 2972 2944)
4(2971 2999 3000 2972)
4(2999 3027 3028 3000)
4(3027 3055 3056 3028)
4(3055 3083 3084 3056)
4(3083 3111 3112 3084)
4(3111 3139 3140 3112)
4(3139 3167 3168 3140)
4(3167 3195 3196 3168)
4(3195 3223 3224 3196)
4(3223 3251 3252 3224)
4(3251 3279 3280 3252)
4(3279 3307 3308 3280)
4(3307 3335 3336 3308)
4(3335 3363 3364 3336)
4(3363 3391 3392 3364)
4(3391 3419 3420 3392)
4(3419 3447 3448 3420)
4(3447 3475 3476 3448)
4(3475 3503 3504 3476)
4(2748 2776 2777 2749)
4(2776 2804 2805 2777)
4(2804 2832 2833 2805)
4(2832 2860 2861 2833)
4(2860 2888 2889 2861)
4(2888 2916 2917 2889)
4(2916 2944 2945 2917)
4(2944 2972 2973 2945)
4(2972 3000 3001 2973)
4(3000 3028 3029 3001)
4(3028 3056 3057 3029)
4(3056 3084 3085 3057)
4(3084 3112 3113 3085)
4(3112 3140 3141 3113)
4(3140 3168 3169 3141)
4(3168 3196 3197 3169)
4(3196 3224 3225 3197)
4(3224 3252 3253 3225)
4(3252 3280 3281 3253)
4(3280 3308 3309 3281)
4(3308 3336 3337 3309)
4(3336 3364 3365 3337)
4(3364 3392 3393 3365)
4(3392 3420 3421 3393)
4(3420 3448 3449 3421)
4(3448 3476 3477 3449)
4(3476 3504 3505 3477)
4(2749 2777 2778 2750)
4(2777 2805 2806 2778)
4(2805 2833 2834 2806)
4(2833 2861 2862 2834)
4(2861 2889 2890 2862)
4(2889 2917 2918 2890)
4(2917 2945 2946 2918)
4(2945 2973 2974 2946)
4(2973 3001 3002 2974)
4(3001 3029 3030 3002)
4(3029 3057 3058 3030)
4(3057 3085 3086 3058)
4(3085 3113 3114 3086)
4(3113 3141 3142 3114)
4(3141 3169 3170 3142)
4(3169 3197 3198 3170)
4(3197 3225 3226 3198)
4(3225 3253 3254 3226)
4(3253 3281 3282 3254)
4(3281 3309 3310 3282)
4(3309 3337 3338 3310)
4(3337 3365 3366 3338)
4(3365 3393 3394 3366)
4(3393 3421 3422 3394)
4(3421 3449 3450 3422)
4(3449 3477 3478 3450)
4(3477 3505 3506 3478)
4(2750 2778 2779 2751)
4(2778 2806 2807 2779)
4(2806 2834 2835 2807)
4(2834 2862 2863 2835)
4(2862 2890 2891 2863)
4(2890 2918 2919 2891)
4(2918 2946 2947 2919)
4(2946 2974 2975 2947)
4(2974 3002 3003 2975)
4(3002 3030 3031 3003)
4(3030 3058 3059 3031)
4(3058 3086 3087 3059)
4(3086 3114 3115 3087)
4(3114 3142 3143 3115)
4(3142 3170 3171 3143)
4(3170 3198 3199 3171)
4(3198 3226 3227 3199)
4(3226 3254 3255 3227)
4(3254 3282 3283 3255)
4(3282 3310 3311 3283)
4(3310 3338 3339 3311)
4(3338 3366 3367 3339)
4(3366 3394 3395 3367)
4(3394 3422 3423 3395)
4(3422 3450 3451 3423)
4(3450 3478 3479 3451)
4(3478 3506 3507 3479)
4(2751 2779 2780 2752)
4(2779 2807 2808 2780)
4(2807 2835 2836 2808)
4(2835 2863 2864 2836)
4(2863 2891 2892 2864)
4(2891 2919 2920 2892)
4(2919 2947 2948 2920)
4(2947 2975 2976 2948)
4(2975 3003 3004 2976)
4(3003 3031 3032 3004)
4(3031 3059 3060 3032)
4(3059 3087 3088 3060)
4(3087 3115 3116 3088)
4(3115 3143 3144 3116)
4(3143 3171 3172 3144)
4(3171 3199 3200 3172)
4(3199 3227 3228 3200)
4(3227 3255 3256 3228)
4(3255 3283 3284 3256)
4(3283 3311 3312 3284)
4(3311 3339 3340 3312)
4(3339 3367 3368 3340)
4(3367 3395 3396 3368)
4(3395 3423 3424 3396)
4(3423 3451 3452 3424)
4(3451 3479 3480 3452)
4(3479 3507 3508 3480)
4(2752 2780 2781 2753)
4(2780 2808 2809 2781)
4(2808 2836 2837 2809)
4(2836 2864 2865 2837)
4(2864 2892 2893 2865)
4(2892 2920 2921 2893)
4(2920 2948 2949 2921)
4(2948 2976 2977 2949)
4(2976 3004 3005 2977)
4(3004 3032 3033 3005)
4(3032 3060 3061 3033)
4(3060 3088 3089 3061)
4(3088 3116 3117 3089)
4(3116 3144 3145 3117)
4(3144 3172 3173 3145)
4(3172 3200 3201 3173)
4(3200 3228 3229 3201)
4(3228 3256 3257 3229)
4(3256 3284 3285 3257)
4(3284 3312 3313 3285)
4(3312 3340 3341 3313)
4(3340 3368 3369 3341)
4(3368 3396 3397 3369)
4(3396 3424 3425 3397)
4(3424 3452 3453 3425)
4(3452 3480 3481 3453)
4(3480 3508 3509 3481)
4(2753 2781 2782 2754)
4(2781 2809 2810 2782)
4(2809 2837 2838 2810)
4(2837 2865 2866 2838)
4(2865 2893 2894 2866)
4(2893 2921 2922 2894)
4(2921 2949 2950 2922)
4(2949 2977 2978 2950)
4(2977 3005 3006 2978)
4(3005 3033 3034 3006)
4(3033 3061 3062 3034)
4(3061 3089 3090 3062)
4(3089 3117 3118 3090)
4(3117 3145 3146 3118)
4(3145 3173 3174 3146)
4(3173 3201 3202 3174)
4(3201 3229 3230 3202)
4(3229 3257 3258 3230)
4(3257 3285 3286 3258)
4(3285 3313 3314 3286)
4(3313 3341 3342 3314)
4(3341 3369 3370 3342)
4(3369 3397 3398 3370)
4(3397 3425 3426 3398)
4(3425 3453 3454 3426)
4(3453 3481 3482 3454)
4(3481 3509 3510 3482)
4(2754 2782 2783 2755)
4(2782 2810 2811 2783)
4(2810 2838 2839 2811)
4(2838 2866 2867 2839)
4(2866 2894 2895 2867)
4(2894 2922 2923 2895)
4(2922 2950 2951 2923)
4(2950 2978 2979 2951)
4(2978 3006 3007 2979)
4(3006 3034 3035 3007)
4(3034 3062 3063 3035)
4(3062 3090 3091 3063)
4(3090 3118 3119 3091)
4(3118 3146 3147 3119)
4(3146 3174 3175 3147)
4(3174 3202 3203 3175)
4(3202 3230 3231 3203)
4(3230 3258 3259 3231)
4(3258 3286 3287 3259)
4(3286 3314 3315 3287)
4(3314 3342 3343 3315)
4(3342 3370 3371 3343)
4(3370 3398 3399 3371)
4(3398 3426 3427 3399)
4(3426 3454 3455 3427)
4(3454 3482 3483 3455)
4(3482 3510 3511 3483)
4(2755 2783 2784 2756)
4(2783 2811 2812 2784)
4(2811 2839 2840 2812)
4(2839 2867 2868 2840)
4(2867 2895 2896 2868)
4(2895 2923 2924 2896)
4(2923 2951 2952 2924)
4(2951 2979 2980 2952)
4(2979 3007 3008 2980)
4(3007 3035 3036 3008)
4(3035 3063 3064 3036)
4(3063 3091 3092 3064)
4(3091 3119 3120 3092)
4(3119 3147 3148 3120)
4(3147 3175 3176 3148)
4(3175 3203 3204 3176)
4(3203 3231 3232 3204)
4(3231 3259 3260 3232)
4(3259 3287 3288 3260)
4(3287 3315 3316 3288)
4(3315 3343 3344 3316)
4(3343 3371 3372 3344)
4(3371 3399 3400 3372)
4(3399 3427 3428 3400)
4(3427 3455 3456 3428)
4(3455 3483 3484 3456)
4(3483 3511 3512 3484)
4(2756 2784 2785 2757)
4(2784 2812 2813 2785)
4(2812 2840 2841 2813)
4(2840 2868 2869 2841)
4(2868 2896 2897 2869)
4(2896 2924 2925 2897)
4(2924 2952 2953 2925)
4(2952 2980 2981 2953)
4(2980 3008 3009 2981)
4(3008 3036 3037 3009)
4(3036 3064 3065 3037)
4(3064 3092 3093 3065)
4(3092 3120 3121 3093)
4(3120 3148 3149 3121)
4(3148 3176 3177 3149)
4(3176 3204 3205 3177)
4(3204 3232 3233 3205)
4(3232 3260 3261 3233)
4(3260 3288 3289 3261)
4(3288 3316 3317 3289)
4(3316 3344 3345 3317)
4(3344 3372 3373 3345)
4(3372 3400 3401 3373)
4(3400 3428 3429 3401)
4(3428 3456 3457 3429)
4(3456 3484 3485 3457)
4(3484 3512 3513 3485)
4(2757 2785 2786 2758)
4(2785 2813 2814 2786)
4(2813 2841 2842 2814)
4(2841 2869 2870 2842)
4(2869 2897 2898 2870)
4(2897 2925 2926 2898)
4(2925 2953 2954 2926)
4(2953 2981 2982 2954)
4(2981 3009 3010 2982)
4(3009 3037 3038 3010)
4(3037 3065 3066 3038)
4(3065 3093 3094 3066)
4(3093 3121 3122 3094)
4(3121 3149 3150 3122)
4(3149 3177 3178 3150)
4(3177 3205 3206 3178)
4(3205 3233 3234 3206)
4(3233 3261 3262 3234)
4(3261 3289 3290 3262)
4(3289 3317 3318 3290)
4(3317 3345 3346 3318)
4(3345 3373 3374 3346)
4(3373 3401 3402 3374)
4(3401 3429 3430 3402)
4(3429 3457 3458 3430)
4(3457 3485 3486 3458)
4(3485 3513 3514 3486)
4(2758 2786 2787 2759)
4(2786 2814 2815 2787)
4(2814 2842 2843 2815)
4(2842 2870 2871 2843)
4(2870 2898 2899 2871)
4(2898 2926 2927 2899)
4(2926 2954 2955 2927)
4(2954 2982 2983 2955)
4(2982 3010 3011 2983)
4(3010 3038 3039 3011)
4(3038 3066 3067 3039)
4(3066 3094 3095 3067)
4(3094 3122 3123 3095)
4(3122 3150 3151 3123)
4(3150 3178 3179 3151)
4(3178 3206 3207 3179)
4(3206 3234 3235 3207)
4(3234 3262 3263 3235)
4(3262 3290 3291 3263)
4(3290 3318 3319 3291)
4(3318 3346 3347 3319)
4(3346 3374 3375 3347)
4(3374 3402 3403 3375)
4(3402 3430 3431 3403)
4(3430 3458 3459 3431)
4(3458 3486 3487 3459)
4(3486 3514 3515 3487)
4(2759 2787 2788 2760)
4(2787 2815 2816 2788)
4(2815 2843 2844 2816)
4(2843 2871 2872 2844)
4(2871 2899 2900 2872)
4(2899 2927 2928 2900)
4(2927 2955 2956 2928)
4(2955 2983 2984 2956)
4(2983 3011 3012 2984)
4(3011 3039 3040 3012)
4(3039 3067 3068 3040)
4(3067 3095 3096 3068)
4(3095 3123 3124 3096)
4(3123 3151 3152 3124)
4(3151 3179 3180 3152)
4(3179 3207 3208 3180)
4(3207 3235 3236 3208)
4(3235 3263 3264 3236)
4(3263 3291 3292 3264)
4(3291 3319 3320 3292)
4(3319 3347 3348 3320)
4(3347 3375 3376 3348)
4(3375 3403 3404 3376)
4(3403 3431 3432 3404)
4(3431 3459 3460 3432)
4(3459 3487 3488 3460)
4(3487 3515 3516 3488)
4(2760 2788 2789 2761)
4(2788 2816 2817 2789)
4(2816 2844 2845 2817)
4(2844 2872 2873 2845)
4(2872 2900 2901 2873)
4(2900 2928 2929 2901)
4(2928 2956 2957 2929)
4(2956 2984 2985 2957)
4(2984 3012 3013 2985)
4(3012 3040 3041 3013)
4(3040 3068 3069 3041)
4(3068 3096 3097 3069)
4(3096 3124 3125 3097)
4(3124 3152 3153 3125)
4(3152 3180 3181 3153)
4(3180 3208 3209 3181)
4(3208 3236 3237 3209)
4(3236 3264 3265 3237)
4(3264 3292 3293 3265)
4(3292 3320 3321 3293)
4(3320 3348 3349 3321)
4(3348 3376 3377 3349)
4(3376 3404 3405 3377)
4(3404 3432 3433 3405)
4(3432 3460 3461 3433)
4(3460 3488 3489 3461)
4(3488 3516 3517 3489)
4(2761 2789 2790 2762)
4(2789 2817 2818 2790)
4(2817 2845 2846 2818)
4(2845 2873 2874 2846)
4(2873 2901 2902 2874)
4(2901 2929 2930 2902)
4(2929 2957 2958 2930)
4(2957 2985 2986 2958)
4(2985 3013 3014 2986)
4(3013 3041 3042 3014)
4(3041 3069 3070 3042)
4(3069 3097 3098 3070)
4(3097 3125 3126 3098)
4(3125 3153 3154 3126)
4(3153 3181 3182 3154)
4(3181 3209 3210 3182)
4(3209 3237 3238 3210)
4(3237 3265 3266 3238)
4(3265 3293 3294 3266)
4(3293 3321 3322 3294)
4(3321 3349 3350 3322)
4(3349 3377 3378 3350)
4(3377 3405 3406 3378)
4(3405 3433 3434 3406)
4(3433 3461 3462 3434)
4(3461 3489 3490 3462)
4(3489 3517 3518 3490)
4(2762 2790 2791 2763)
4(2790 2818 2819 2791)
4(2818 2846 2847 2819)
4(2846 2874 2875 2847)
4(2874 2902 2903 2875)
4(2902 2930 2931 2903)
4(2930 2958 2959 2931)
4(2958 2986 2987 2959)
4(2986 3014 3015 2987)
4(3014 3042 3043 3015)
4(3042 3070 3071 3043)
4(3070 3098 3099 3071)
4(3098 3126 3127 3099)
4(3126 3154 3155 3127)
4(3154 3182 3183 3155)
4(3182 3210 3211 3183)
4(3210 3238 3239 3211)
4(3238 3266 3267 3239)
4(3266 3294 3295 3267)
4(3294 3322 3323 3295)
4(3322 3350 3351 3323)
4(3350 3378 3379 3351)
4(3378 3406 3407 3379)
4(3406 3434 3435 3407)
4(3434 3462 3463 3435)
4(3462 3490 3491 3463)
4(3490 3518 3519 3491)
4(2763 2791 2792 2764)
4(2791 2819 2820 2792)
4(2819 2847 2848 2820)
4(2847 2875 2876 2848)
4(2875 2903 2904 2876)
4(2903 2931 2932 2904)
4(2931 2959 2960 2932)
4(2959 2987 2988 2960)
4(2987 3015 3016 2988)
4(3015 3043 3044 3016)
4(3043 3071 3072 3044)
4(3071 3099 3100 3072)
4(3099 3127 3128 3100)
4(3127 3155 3156 3128)
4(3155 3183 3184 3156)
4(3183 3211 3212 3184)
4(3211 3239 3240 3212)
4(3239 3267 3268 3240)
4(3267 3295 3296 3268)
4(3295 3323 3324 3296)
4(3323 3351 3352 3324)
4(3351 3379 3380 3352)
4(3379 3407 3408 3380)
4(3407 3435 3436 3408)
4(3435 3463 3464 3436)
4(3463 3491 3492 3464)
4(3491 3519 3520 3492)
4(2764 2792 2793 2765)
4(2792 2820 2821 2793)
4(2820 2848 2849 2821)
4(2848 2876 2877 2849)
4(2876 2904 2905 2877)
4(2904 2932 2933 2905)
4(2932 2960 2961 2933)
4(2960 2988 2989 2961)
4(2988 3016 3017 2989)
4(3016 3044 3045 3017)
4(3044 3072 3073 3045)
4(3072 3100 3101 3073)
4(3100 3128 3129 3101)
4(3128 3156 3157 3129)
4(3156 3184 3185 3157)
4(3184 3212 3213 3185)
4(3212 3240 3241 3213)
4(3240 3268 3269 3241)
4(3268 3296 3297 3269)
4(3296 3324 3325 3297)
4(3324 3352 3353 3325)
4(3352 3380 3381 3353)
4(3380 3408 3409 3381)
4(3408 3436 3437 3409)
4(3436 3464 3465 3437)
4(3464 3492 3493 3465)
4(3492 3520 3521 3493)
4(2765 2793 2794 2766)
4(2793 2821 2822 2794)
4(2821 2849 2850 2822)
4(2849 2877 2878 2850)
4(2877 2905 2906 2878)
4(2905 2933 2934 2906)
4(2933 2961 2962 2934)
4(2961 2989 2990 2962)
4(2989 3017 3018 2990)
4(3017 3045 3046 3018)
4(3045 3073 3074 3046)
4(3073 3101 3102 3074)
4(3101 3129 3130 3102)
4(3129 3157 3158 3130)
4(3157 3185 3186 3158)
4(3185 3213 3214 3186)
4(3213 3241 3242 3214)
4(3241 3269 3270 3242)
4(3269 3297 3298 3270)
4(3297 3325 3326 3298)
4(3325 3353 3354 3326)
4(3353 3381 3382 3354)
4(3381 3409 3410 3382)
4(3409 3437 3438 3410)
4(3437 3465 3466 3438)
4(3465 3493 3494 3466)
4(3493 3521 3522 3494)
4(2766 2794 2795 2767)
4(2794 2822 2823 2795)
4(2822 2850 2851 2823)
4(2850 2878 2879 2851)
4(2878 2906 2907 2879)
4(2906 2934 2935 2907)
4(2934 2962 2963 2935)
4(2962 2990 2991 2963)
4(2990 3018 3019 2991)
4(3018 3046 3047 3019)
4(3046 3074 3075 3047)
4(3074 3102 3103 3075)
4(3102 3130 3131 3103)
4(3130 3158 3159 3131)
4(3158 3186 3187 3159)
4(3186 3214 3215 3187)
4(3214 3242 3243 3215)
4(3242 3270 3271 3243)
4(3270 3298 3299 3271)
4(3298 3326 3327 3299)
4(3326 3354 3355 3327)
4(3354 3382 3383 3355)
4(3382 3410 3411 3383)
4(3410 3438 3439 3411)
4(3438 3466 3467 3439)
4(3466 3494 3495 3467)
4(3494 3522 3523 3495)
4(2767 2795 2796 2768)
4(2795 2823 2824 2796)
4(2823 2851 2852 2824)
4(2851 2879 2880 2852)
4(2879 2907 2908 2880)
4(2907 2935 2936 2908)
4(2935 2963 2964 2936)
4(2963 2991 2992 2964)
4(2991 3019 3020 2992)
4(3019 3047 3048 3020)
4(3047 3075 3076 3048)
4(3075 3103 3104 3076)
4(3103 3131 3132 3104)
4(3131 3159 3160 3132)
4(3159 3187 3188 3160)
4(3187 3215 3216 3188)
4(3215 3243 3244 3216)
4(3243 3271 3272 3244)
4(3271 3299 3300 3272)
4(3299 3327 3328 3300)
4(3327 3355 3356 3328)
4(3355 3383 3384 3356)
4(3383 3411 3412 3384)
4(3411 3439 3440 3412)
4(3439 3467 3468 3440)
4(3467 3495 3496 3468)
4(3495 3523 3524 3496)
4(2768 2796 2797 2769)
4(2796 2824 2825 2797)
4(2824 2852 2853 2825)
4(2852 2880 2881 2853)
4(2880 2908 2909 2881)
4(2908 2936 2937 2909)
4(2936 2964 2965 2937)
4(2964 2992 2993 2965)
4(2992 3020 3021 2993)
4(3020 3048 3049 3021)
4(3048 3076 3077 3049)
4(3076 3104 3105 3077)
4(3104 3132 3133 3105)
4(3132 3160 3161 3133)
4(3160 3188 3189 3161)
4(3188 3216 3217 3189)
4(3216 3244 3245 3217)
4(3244 3272 3273 3245)
4(3272 3300 3301 3273)
4(3300 3328 3329 3301)
4(3328 3356 3357 3329)
4(3356 3384 3385 3357)
4(3384 3412 3413 3385)
4(3412 3440 3441 3413)
4(3440 3468 3469 3441)
4(3468 3496 3497 3469)
4(3496 3524 3525 3497)
4(2769 2797 2798 2770)
4(2797 2825 2826 2798)
4(2825 2853 2854 2826)
4(2853 2881 2882 2854)
4(2881 2909 2910 2882)
4(2909 2937 2938 2910)
4(2937 2965 2966 2938)
4(2965 2993 2994 2966)
4(2993 3021 3022 2994)
4(3021 3049 3050 3022)
4(3049 3077 3078 3050)
4(3077 3105 3106 3078)
4(3105 3133 3134 3106)
4(3133 3161 3162 3134)
4(3161 3189 3190 3162)
4(3189 3217 3218 3190)
4(3217 3245 3246 3218)
4(3245 3273 3274 3246)
4(3273 3301 3302 3274)
4(3301 3329 3330 3302)
4(3329 3357 3358 3330)
4(3357 3385 3386 3358)
4(3385 3413 3414 3386)
4(3413 3441 3442 3414)
4(3441 3469 3470 3442)
4(3469 3497 3498 3470)
4(3497 3525 3526 3498)
4(2770 2798 2799 2771)
4(2798 2826 2827 2799)
4(2826 2854 2855 2827)
4(2854 2882 2883 2855)
4(2882 2910 2911 2883)
4(2910 2938 2939 2911)
4(2938 2966 2967 2939)
4(2966 2994 2995 2967)
4(2994 3022 3023 2995)
4(3022 3050 3051 3023)
4(3050 3078 3079 3051)
4(3078 3106 3107 3079)
4(3106 3134 3135 3107)
4(3134 3162 3163 3135)
4(3162 3190 3191 3163)
4(3190 3218 3219 3191)
4(3218 3246 3247 3219)
4(3246 3274 3275 3247)
4(3274 3302 3303 3275)
4(3302 3330 3331 3303)
4(3330 3358 3359 3331)
4(3358 3386 3387 3359)
4(3386 3414 3415 3387)
4(3414 3442 3443 3415)
4(3442 3470 3471 3443)
4(3470 3498 3499 3471)
4(3498 3526 3527 3499)
4(420 421 436 435)
4(435 436 451 450)
4(450 451 466 465)
4(465 466 481 480)
4(480 481 496 495)
4(495 496 511 510)
4(510 511 526 525)
4(525 526 541 540)
4(540 541 556 555)
4(555 556 571 570)
4(570 571 586 585)
4(585 586 601 600)
4(600 601 616 615)
4(615 616 631 630)
4(630 631 646 645)
4(645 646 661 660)
4(660 661 676 675)
4(675 676 691 690)
4(690 691 706 705)
4(705 706 721 720)
4(720 721 736 735)
4(735 736 751 750)
4(750 751 766 765)
4(765 766 781 780)
4(780 781 796 795)
4(795 796 811 810)
4(810 811 826 825)
4(421 422 437 436)
4(436 437 452 451)
4(451 452 467 466)
4(466 467 482 481)
4(481 482 497 496)
4(496 497 512 511)
4(511 512 527 526)
4(526 527 542 541)
4(541 542 557 556)
4(556 557 572 571)
4(571 572 587 586)
4(586 587 602 601)
4(601 602 617 616)
4(616 617 632 631)
4(631 632 647 646)
4(646 647 662 661)
4(661 662 677 676)
4(676 677 692 691)
4(691 692 707 706)
4(706 707 722 721)
4(721 722 737 736)
4(736 737 752 751)
4(751 752 767 766)
4(766 767 782 781)
4(781 782 797 796)
4(796 797 812 811)
4(811 812 827 826)
4(422 423 438 437)
4(437 438 453 452)
4(452 453 468 467)
4(467 468 483 482)
4(482 483 498 497)
4(497 498 513 512)
4(512 513 528 527)
4(527 528 543 542)
4(542 543 558 557)
4(557 558 573 572)
4(572 573 588 587)
4(587 588 603 602)
4(602 603 618 617)
4(617 618 633 632)
4(632 633 648 647)
4(647 648 663 662)
4(662 663 678 677)
4(677 678 693 692)
4(692 693 708 707)
4(707 708 723 722)
4(722 723 738 737)
4(737 738 753 752)
4(752 753 768 767)
4(767 768 783 782)
4(782 783 798 797)
4(797 798 813 812)
4(812 813 828 827)
4(423 424 439 438)
4(438 439 454 453)
4(453 454 469 468)
4(468 469 484 483)
4(483 484 499 498)
4(498 499 514 513)
4(513 514 529 528)
4(528 529 544 543)
4(543 544 559 558)
4(558 559 574 573)
4(573 574 589 588)
4(588 589 604 603)
4(603 604 619 618)
4(618 619 634 633)
4(633 634 649 648)
4(648 649 664 663)
4(663 664 679 678)
4(678 679 694 693)
4(693 694 709 708)
4(708 709 724 723)
4(723 724 739 738)
4(738 739 754 753)
4(753 754 769 768)
4(768 769 784 783)
4(783 784 799 798)
4(798 799 814 813)
4(813 814 829 828)
4(424 425 440 439)
4(439 440 455 454)
4(454 455 470 469)
4(469 470 485 484)
4(484 485 500 499)
4(499 500 515 514)
4(514 515 530 529)
4(529 530 545 544)
4(544 545 560 559)
4(559 560 575 574)
4(574 575 590 589)
4(589 590 605 604)
4(604 605 620 619)
4(619 620 635 634)
4(634 635 650 649)
4(649 650 665 664)
4(664 665 680 679)
4(679 680 695 694)
4(694 695 710 709)
4(709 710 725 724)
4(724 725 740 739)
4(739 740 755 754)
4(754 755 770 769)
4(769 770 785 784)
4(784 785 800 799)
4(799 800 815 814)
4(814 815 830 829)
4(425 426 441 440)
4(440 441 456 455)
4(455 456 471 470)
4(470 471 486 485)
4(485 486 501 500)
4(500 501 516 515)
4(515 516 531 530)
4(530 531 546 545)
4(545 546 561 560)
4(560 561 576 575)
4(575 576 591 590)
4(590 591 606 605)
4(605 606 621 620)
4(620 621 636 635)
4(635 636 651 650)
4(650 651 666 665)
4(665 666 681 680)
4(680 681 696 695)
4(695 696 711 710)
4(710 711 726 725)
4(725 726 741 740)
4(740 741 756 755)
4(755 756 771 770)
4(770 771 786 785)
4(785 786 801 800)
4(800 801 816 815)
4(815 816 831 830)
4(426 427 442 441)
4(441 442 457 456)
4(456 457 472 471)
4(471 472 487 486)
4(486 487 502 501)
4(501 502 517 516)
4(516 517 532 531)
4(531 532 547 546)
4(546 547 562 561)
4(561 562 577 576)
4(576 577 592 591)
4(591 592 607 606)
4(606 607 622 621)
4(621 622 637 636)
4(636 637 652 651)
4(651 652 667 666)
4(666 667 682 681)
4(681 682 697 696)
4(696 697 712 711)
4(711 712 727 726)
4(726 727 742 741)
4(741 742 757 756)
4(756 757 772 771)
4(771 772 787 786)
4(786 787 802 801)
4(801 802 817 816)
4(816 817 832 831)
4(427 428 443 442)
4(442 443 458 457)
4(457 458 473 472)
4(472 473 488 487)
4(487 488 503 502)
4(502 503 518 517)
4(517 518 533 532)
4(532 533 548 547)
4(547 548 563 562)
4(562 563 578 577)
4(577 578 593 592)
4(592 593 608 607)
4(607 608 623 622)
4(622 623 638 637)
4(637 638 653 652)
4(652 653 668 667)
4(667 668 683 682)
4(682 683 698 697)
4(697 698 713 712)
4(712 713 728 727)
4(727 728 743 742)
4(742 743 758 757)
4(757 758 773 772)
4(772 773 788 787)
4(787 788 803 802)
4(802 803 818 817)
4(817 818 833 832)
4(428 429 444 443)
4(443 444 459 458)
4(458 459 474 473)
4(473 474 489 488)
4(488 489 504 503)
4(503 504 519 518)
4(518 519 534 533)
4(533 534 549 548)
4(548 549 564 563)
4(563 564 579 578)
4(578 579 594 593)
4(593 594 609 608)
4(608 609 624 623)
4(623 624 639 638)
4(638 639 654 653)
4(653 654 669 668)
4(668 669 684 683)
4(683 684 699 698)
4(698 699 714 713)
4(713 714 729 728)
4(728 729 744 743)
4(743 744 759 758)
4(758 759 774 773)
4(773 774 789 788)
4(788 789 804 803)
4(803 804 819 818)
4(818 819 834 833)
4(429 430 445 444)
4(444 445 460 459)
4(459 460 475 474)
4(474 475 490 489)
4(489 490 505 504)
4(504 505 520 519)
4(519 520 535 534)
4(534 535 550 549)
4(549 550 565 564)
4(564 565 580 579)
4(579 580 595 594)
4(594 595 610 609)
4(609 610 625 624)
4(624 625 640 639)
4(639 640 655 654)
4(654 655 670 669)
4(669 670 685 684)
4(684 685 700 699)
4(699 700 715 714)
4(714 715 730 729)
4(729 730 745 744)
4(744 745 760 759)
4(759 760 775 774)
4(774 775 790 789)
4(789 790 805 804)
4(804 805 820 819)
4(819 820 835 834)
4(430 431 446 445)
4(445 446 461 460)
4(460 461 476 475)
4(475 476 491 490)
4(490 491 506 505)
4(505 506 521 520)
4(520 521 536 535)
4(535 536 551 550)
4(550 551 566 565)
4(565 566 581 580)
4(580 581 596 595)
4(595 596 611 610)
4(610 611 626 625)
4(625 626 641 640)
4(640 641 656 655)
4(655 656 671 670)
4(670 671 686 685)
4(685 686 701 700)
4(700 701 716 715)
4(715 716 731 730)
4(730 731 746 745)
4(745 746 761 760)
4(760 761 776 775)
4(775 776 791 790)
4(790 791 806 805)
4(805 806 821 820)
4(820 821 836 835)
4(431 432 447 446)
4(446 447 462 461)
4(461 462 477 476)
4(476 477 492 491)
4(491 492 507 506)
4(506 507 522 521)
4(521 522 537 536)
4(536 537 552 551)
4(551 552 567 566)
4(566 567 582 581)
4(581 582 597 596)
4(596 597 612 611)
4(611 612 627 626)
4(626 627 642 641)
4(641 642 657 656)
4(656 657 672 671)
4(671 672 687 686)
4(686 687 702 701)
4(701 702 717 716)
4(716 717 732 731)
4(731 732 747 746)
4(746 747 762 761)
4(761 762 777 776)
4(776 777 792 791)
4(791 792 807 806)
4(806 807 822 821)
4(821 822 837 836)
4(432 433 448 447)
4(447 448 463 462)
4(462 463 478 477)
4(477 478 493 492)
4(492 493 508 507)
4(507 508 523 522)
4(522 523 538 537)
4(537 538 553 552)
4(552 553 568 567)
4(567 568 583 582)
4(582 583 598 597)
4(597 598 613 612)
4(612 613 628 627)
4(627 628 643 642)
4(642 643 658 657)
4(657 658 673 672)
4(672 673 688 687)
4(687 688 703 702)
4(702 703 718 717)
4(717 718 733 732)
4(732 733 748 747)
4(747 748 763 762)
4(762 763 778 777)
4(777 778 793 792)
4(792 793 808 807)
4(807 808 823 822)
4(822 823 838 837)
4(433 434 449 448)
4(448 449 464 463)
4(463 464 479 478)
4(478 479 494 493)
4(493 494 509 508)
4(508 509 524 523)
4(523 524 539 538)
4(538 539 554 553)
4(553 554 569 568)
4(568 569 584 583)
4(583 584 599 598)
4(598 599 614 613)
4(613 614 629 628)
4(628 629 644 643)
4(643 644 659 658)
4(658 659 674 673)
4(673 674 689 688)
4(688 689 704 703)
4(703 704 719 718)
4(718 719 734 733)
4(733 734 749 748)
4(748 749 764 763)
4(763 764 779 778)
4(778 779 794 793)
4(793 794 809 808)
4(808 809 824 823)
4(823 824 839 838)
4(434 1344 1362 449)
4(449 1362 1380 464)
4(464 1380 1398 479)
4(479 1398 1416 494)
4(494 1416 1434 509)
4(509 1434 1452 524)
4(524 1452 1470 539)
4(539 1470 1488 554)
4(554 1488 1506 569)
4(569 1506 1524 584)
4(584 1524 1542 599)
4(599 1542 1560 614)
4(614 1560 1578 629)
4(629 1578 1596 644)
4(644 1596 1614 659)
4(659 1614 1632 674)
4(674 1632 1650 689)
4(689 1650 1668 704)
4(704 1668 1686 719)
4(719 1686 1704 734)
4(734 1704 1722 749)
4(749 1722 1740 764)
4(764 1740 1758 779)
4(779 1758 1776 794)
4(794 1776 1794 809)
4(809 1794 1812 824)
4(824 1812 1830 839)
4(1344 1345 1363 1362)
4(1362 1363 1381 1380)
4(1380 1381 1399 1398)
4(1398 1399 1417 1416)
4(1416 1417 1435 1434)
4(1434 1435 1453 1452)
4(1452 1453 1471 1470)
4(1470 1471 1489 1488)
4(1488 1489 1507 1506)
4(1506 1507 1525 1524)
4(1524 1525 1543 1542)
4(1542 1543 1561 1560)
4(1560 1561 1579 1578)
4(1578 1579 1597 1596)
4(1596 1597 1615 1614)
4(1614 1615 1633 1632)
4(1632 1633 1651 1650)
4(1650 1651 1669 1668)
4(1668 1669 1687 1686)
4(1686 1687 1705 1704)
4(1704 1705 1723 1722)
4(1722 1723 1741 1740)
4(1740 1741 1759 1758)
4(1758 1759 1777 1776)
4(1776 1777 1795 1794)
4(1794 1795 1813 1812)
4(1812 1813 1831 1830)
4(1345 1346 1364 1363)
4(1363 1364 1382 1381)
4(1381 1382 1400 1399)
4(1399 1400 1418 1417)
4(1417 1418 1436 1435)
4(1435 1436 1454 1453)
4(1453 1454 1472 1471)
4(1471 1472 1490 1489)
4(1489 1490 1508 1507)
4(1507 1508 1526 1525)
4(1525 1526 1544 1543)
4(1543 1544 1562 1561)
4(1561 1562 1580 1579)
4(1579 1580 1598 1597)
4(1597 1598 1616 1615)
4(1615 1616 1634 1633)
4(1633 1634 1652 1651)
4(1651 1652 1670 1669)
4(1669 1670 1688 1687)
4(1687 1688 1706 1705)
4(1705 1706 1724 1723)
4(1723 1724 1742 1741)
4(1741 1742 1760 1759)
4(1759 1760 1778 1777)
4(1777 1778 1796 1795)
4(1795 1796 1814 1813)
4(1813 1814 1832 1831)
4(1346 1347 1365 1364)
4(1364 1365 1383 1382)
4(1382 1383 1401 1400)
4(1400 1401 1419 1418)
4(1418 1419 1437 1436)
4(1436 1437 1455 1454)
4(1454 1455 1473 1472)
4(1472 1473 1491 1490)
4(1490 1491 1509 1508)
4(1508 1509 1527 1526)
4(1526 1527 1545 1544)
4(1544 1545 1563 1562)
4(1562 1563 1581 1580)
4(1580 1581 1599 1598)
4(1598 1599 1617 1616)
4(1616 1617 1635 1634)
4(1634 1635 1653 1652)
4(1652 1653 1671 1670)
4(1670 1671 1689 1688)
4(1688 1689 1707 1706)
4(1706 1707 1725 1724)
4(1724 1725 1743 1742)
4(1742 1743 1761 1760)
4(1760 1761 1779 1778)
4(1778 1779 1797 1796)
4(1796 1797 1815 1814)
4(1814 1815 1833 1832)
4(1347 1348 1366 1365)
4(1365 1366 1384 1383)
4(1383 1384 1402 1401)
4(1401 1402 1420 1419)
4(1419 1420 1438 1437)
4(1437 1438 1456 1455)
4(1455 1456 1474 1473)
4(1473 1474 1492 1491)
4(1491 1492 1510 1509)
4(1509 1510 1528 1527)
4(1527 1528 1546 1545)
4(1545 1546 1564 1563)
4(1563 1564 1582 1581)
4(1581 1582 1600 1599)
4(1599 1600 1618 1617)
4(1617 1618 1636 1635)
4(1635 1636 1654 1653)
4(1653 1654 1672 1671)
4(1671 1672 1690 1689)
4(1689 1690 1708 1707)
4(1707 1708 1726 1725)
4(1725 1726 1744 1743)
4(1743 1744 1762 1761)
4(1761 1762 1780 1779)
4(1779 1780 1798 1797)
4(1797 1798 1816 1815)
4(1815 1816 1834 1833)
4(1348 1349 1367 1366)
4(1366 1367 1385 1384)
4(1384 1385 1403 1402)
4(1402 1403 1421 1420)
4(1420 1421 1439 1438)
4(1438 1439 1457 1456)
4(1456 1457 1475 1474)
4(1474 1475 1493 1492)
4(1492 1493 1511 1510)
4(1510 1511 1529 1528)
4(1528 1529 1547 1546)
4(1546 1547 1565 1564)
4(1564 1565 1583 1582)
4(1582 1583 1601 1600)
4(1600 1601 1619 1618)
4(1618 1619 1637 1636)
4(1636 1637 1655 1654)
4(1654 1655 1673 1672)
4(1672 1673 1691 1690)
4(1690 1691 1709 1708)
4(1708 1709 1727 1726)
4(1726 1727 1745 1744)
4(1744 1745 1763 1762)
4(1762 1763 1781 1780)
4(1780 1781 1799 1798)
4(1798 1799 1817 1816)
4(1816 1817 1835 1834)
4(1349 1350 1368 1367)
4(1367 1368 1386 1385)
4(1385 1386 1404 1403)
4(1403 1404 1422 1421)
4(1421 1422 1440 1439)
4(1439 1440 1458 1457)
4(1457 1458 1476 1475)
4(1475 1476 1494 1493)
4(1493 1494 1512 1511)
4(1511 1512 1530 1529)
4(1529 1530 1548 1547)
4(1547 1548 1566 1565)
4(1565 1566 1584 1583)
4(1583 1584 1602 1601)
4(1601 1602 1620 1619)
4(1619 1620 1638 1637)
4(1637 1638 1656 1655)
4(1655 1656 1674 1673)
4(1673 1674 1692 1691)
4(1691 1692 1710 1709)
4(1709 1710 1728 1727)
4(1727 1728 1746 1745)
4(1745 1746 1764 1763)
4(1763 1764 1782 1781)
4(1781 1782 1800 1799)
4(1799 1800 1818 1817)
4(1817 1818 1836 1835)
4(1350 1351 1369 1368)
4(1368 1369 1387 1386)
4(1386 1387 1405 1404)
4(1404 1405 1423 1422)
4(1422 1423 1441 1440)
4(1440 1441 1459 1458)
4(1458 1459 1477 1476)
4(1476 1477 1495 1494)
4(1494 1495 1513 1512)
4(1512 1513 1531 1530)
4(1530 1531 1549 1548)
4(1548 1549 1567 1566)
4(1566 1567 1585 1584)
4(1584 1585 1603 1602)
4(1602 1603 1621 1620)
4(1620 1621 1639 1638)
4(1638 1639 1657 1656)
4(1656 1657 1675 1674)
4(1674 1675 1693 1692)
4(1692 1693 1711 1710)
4(1710 1711 1729 1728)
4(1728 1729 1747 1746)
4(1746 1747 1765 1764)
4(1764 1765 1783 1782)
4(1782 1783 1801 1800)
4(1800 1801 1819 1818)
4(1818 1819 1837 1836)
4(1351 1352 1370 1369)
4(1369 1370 1388 1387)
4(1387 1388 1406 1405)
4(1405 1406 1424 1423)
4(1423 1424 1442 1441)
4(1441 1442 1460 1459)
4(1459 1460 1478 1477)
4(1477 1478 1496 1495)
4(1495 1496 1514 1513)
4(1513 1514 1532 1531)
4(1531 1532 1550 1549)
4(1549 1550 1568 1567)
4(1567 1568 1586 1585)
4(1585 1586 1604 1603)
4(1603 1604 1622 1621)
4(1621 1622 1640 1639)
4(1639 1640 1658 1657)
4(1657 1658 1676 1675)
4(1675 1676 1694 1693)
4(1693 1694 1712 1711)
4(1711 1712 1730 1729)
4(1729 1730 1748 1747)
4(1747 1748 1766 1765)
4(1765 1766 1784 1783)
4(1783 1784 1802 1801)
4(1801 1802 1820 1819)
4(1819 1820 1838 1837)
4(1352 1353 1371 1370)
4(1370 1371 1389 1388)
4(1388 1389 1407 1406)
4(1406 1407 1425 1424)
4(1424 1425 1443 1442)
4(1442 1443 1461 1460)
4(1460 1461 1479 1478)
4(1478 1479 1497 1496)
4(1496 1497 1515 1514)
4(1514 1515 1533 1532)
4(1532 1533 1551 1550)
4(1550 1551 1569 1568)
4(1568 1569 1587 1586)
4(1586 1587 1605 1604)
4(1604 1605 1623 1622)
4(1622 1623 1641 1640)
4(1640 1641 1659 1658)
4(1658 1659 1677 1676)
4(1676 1677 1695 1694)
4(1694 1695 1713 1712)
4(1712 1713 1731 1730)
4(1730 1731 1749 1748)
4(1748 1749 1767 1766)
4(1766 1767 1785 1784)
4(1784 1785 1803 1802)
4(1802 1803 1821 1820)
4(1820 1821 1839 1838)
4(1353 1354 1372 1371)
4(1371 1372 1390 1389)
4(1389 1390 1408 1407)
4(1407 1408 1426 1425)
4(1425 1426 1444 1443)
4(1443 1444 1462 1461)
4(1461 1462 1480 1479)
4(1479 1480 1498 1497)
4(1497 1498 1516 1515)
4(1515 1516 1534 1533)
4(1533 1534 1552 1551)
4(1551 1552 1570 1569)
4(1569 1570 1588 1587)
4(1587 1588 1606 1605)
4(1605 1606 1624 1623)
4(1623 1624 1642 1641)
4(1641 1642 1660 1659)
4(1659 1660 1678 1677)
4(1677 1678 1696 1695)
4(1695 1696 1714 1713)
4(1713 1714 1732 1731)
4(1731 1732 1750 1749)
4(1749 1750 1768 1767)
4(1767 1768 1786 1785)
4(1785 1786 1804 1803)
4(1803 1804 1822 1821)
4(1821 1822 1840 1839)
4(1354 1355 1373 1372)
4(1372 1373 1391 1390)
4(1390 1391 1409 1408)
4(1408 1409 1427 1426)
4(1426 1427 1445 1444)
4(1444 1445 1463 1462)
4(1462 1463 1481 1480)
4(1480 1481 1499 1498)
4(1498 1499 1517 1516)
4(1516 1517 1535 1534)
4(1534 1535 1553 1552)
4(1552 1553 1571 1570)
4(1570 1571 1589 1588)
4(1588 1589 1607 1606)
4(1606 1607 1625 1624)
4(1624 1625 1643 1642)
4(1642 1643 1661 1660)
4(1660 1661 1679 1678)
4(1678 1679 1697 1696)
4(1696 1697 1715 1714)
4(1714 1715 1733 1732)
4(1732 1733 1751 1750)
4(1750 1751 1769 1768)
4(1768 1769 1787 1786)
4(1786 1787 1805 1804)
4(1804 1805 1823 1822)
4(1822 1823 1841 1840)
4(1355 1356 1374 1373)
4(1373 1374 1392 1391)
4(1391 1392 1410 1409)
4(1409 1410 1428 1427)
4(1427 1428 1446 1445)
4(1445 1446 1464 1463)
4(1463 1464 1482 1481)
4(1481 1482 1500 1499)
4(1499 1500 1518 1517)
4(1517 1518 1536 1535)
4(1535 1536 1554 1553)
4(1553 1554 1572 1571)
4(1571 1572 1590 1589)
4(1589 1590 1608 1607)
4(1607 1608 1626 1625)
4(1625 1626 1644 1643)
4(1643 1644 1662 1661)
4(1661 1662 1680 1679)
4(1679 1680 1698 1697)
4(1697 1698 1716 1715)
4(1715 1716 1734 1733)
4(1733 1734 1752 1751)
4(1751 1752 1770 1769)
4(1769 1770 1788 1787)
4(1787 1788 1806 1805)
4(1805 1806 1824 1823)
4(1823 1824 1842 1841)
4(1356 1357 1375 1374)
4(1374 1375 1393 1392)
4(1392 1393 1411 1410)
4(1410 1411 1429 1428)
4(1428 1429 1447 1446)
4(1446 1447 1465 1464)
4(1464 1465 1483 1482)
4(1482 1483 1501 1500)
4(1500 1501 1519 1518)
4(1518 1519 1537 1536)
4(1536 1537 1555 1554)
4(1554 1555 1573 1572)
4(1572 1573 1591 1590)
4(1590 1591 1609 1608)
4(1608 1609 1627 1626)
4(1626 1627 1645 1644)
4(1644 1645 1663 1662)
4(1662 1663 1681 1680)
4(1680 1681 1699 1698)
4(1698 1699 1717 1716)
4(1716 1717 1735 1734)
4(1734 1735 1753 1752)
4(1752 1753 1771 1770)
4(1770 1771 1789 1788)
4(1788 1789 1807 1806)
4(1806 1807 1825 1824)
4(1824 1825 1843 1842)
4(1357 1358 1376 1375)
4(1375 1376 1394 1393)
4(1393 1394 1412 1411)
4(1411 1412 1430 1429)
4(1429 1430 1448 1447)
4(1447 1448 1466 1465)
4(1465 1466 1484 1483)
4(1483 1484 1502 1501)
4(1501 1502 1520 1519)
4(1519 1520 1538 1537)
4(1537 1538 1556 1555)
4(1555 1556 1574 1573)
4(1573 1574 1592 1591)
4(1591 1592 1610 1609)
4(1609 1610 1628 1627)
4(1627 1628 1646 1645)
4(1645 1646 1664 1663)
4(1663 1664 1682 1681)
4(1681 1682 1700 1699)
4(1699 1700 1718 1717)
4(1717 1718 1736 1735)
4(1735 1736 1754 1753)
4(1753 1754 1772 1771)
4(1771 1772 1790 1789)
4(1789 1790 1808 1807)
4(1807 1808 1826 1825)
4(1825 1826 1844 1843)
4(1358 1359 1377 1376)
4(1376 1377 1395 1394)
4(1394 1395 1413 1412)
4(1412 1413 1431 1430)
4(1430 1431 1449 1448)
4(1448 1449 1467 1466)
4(1466 1467 1485 1484)
4(1484 1485 1503 1502)
4(1502 1503 1521 1520)
4(1520 1521 1539 1538)
4(1538 1539 1557 1556)
4(1556 1557 1575 1574)
4(1574 1575 1593 1592)
4(1592 1593 1611 1610)
4(1610 1611 1629 1628)
4(1628 1629 1647 1646)
4(1646 1647 1665 1664)
4(1664 1665 1683 1682)
4(1682 1683 1701 1700)
4(1700 1701 1719 1718)
4(1718 1719 1737 1736)
4(1736 1737 1755 1754)
4(1754 1755 1773 1772)
4(1772 1773 1791 1790)
4(1790 1791 1809 1808)
4(1808 1809 1827 1826)
4(1826 1827 1845 1844)
4(1359 1360 1378 1377)
4(1377 1378 1396 1395)
4(1395 1396 1414 1413)
4(1413 1414 1432 1431)
4(1431 1432 1450 1449)
4(1449 1450 1468 1467)
4(1467 1468 1486 1485)
4(1485 1486 1504 1503)
4(1503 1504 1522 1521)
4(1521 1522 1540 1539)
4(1539 1540 1558 1557)
4(1557 1558 1576 1575)
4(1575 1576 1594 1593)
4(1593 1594 1612 1611)
4(1611 1612 1630 1629)
4(1629 1630 1648 1647)
4(1647 1648 1666 1665)
4(1665 1666 1684 1683)
4(1683 1684 1702 1701)
4(1701 1702 1720 1719)
4(1719 1720 1738 1737)
4(1737 1738 1756 1755)
4(1755 1756 1774 1773)
4(1773 1774 1792 1791)
4(1791 1792 1810 1809)
4(1809 1810 1828 1827)
4(1827 1828 1846 1845)
4(1360 1361 1379 1378)
4(1378 1379 1397 1396)
4(1396 1397 1415 1414)
4(1414 1415 1433 1432)
4(1432 1433 1451 1450)
4(1450 1451 1469 1468)
4(1468 1469 1487 1486)
4(1486 1487 1505 1504)
4(1504 1505 1523 1522)
4(1522 1523 1541 1540)
4(1540 1541 1559 1558)
4(1558 1559 1577 1576)
4(1576 1577 1595 1594)
4(1594 1595 1613 1612)
4(1612 1613 1631 1630)
4(1630 1631 1649 1648)
4(1648 1649 1667 1666)
4(1666 1667 1685 1684)
4(1684 1685 1703 1702)
4(1702 1703 1721 1720)
4(1720 1721 1739 1738)
4(1738 1739 1757 1756)
4(1756 1757 1775 1774)
4(1774 1775 1793 1792)
4(1792 1793 1811 1810)
4(1810 1811 1829 1828)
4(1828 1829 1847 1846)
4(1361 2072 2080 1379)
4(1379 2080 2088 1397)
4(1397 2088 2096 1415)
4(1415 2096 2104 1433)
4(1433 2104 2112 1451)
4(1451 2112 2120 1469)
4(1469 2120 2128 1487)
4(1487 2128 2136 1505)
4(1505 2136 2144 1523)
4(1523 2144 2152 1541)
4(1541 2152 2160 1559)
4(1559 2160 2168 1577)
4(1577 2168 2176 1595)
4(1595 2176 2184 1613)
4(1613 2184 2192 1631)
4(1631 2192 2200 1649)
4(1649 2200 2208 1667)
4(1667 2208 2216 1685)
4(1685 2216 2224 1703)
4(1703 2224 2232 1721)
4(1721 2232 2240 1739)
4(1739 2240 2248 1757)
4(1757 2248 2256 1775)
4(1775 2256 2264 1793)
4(1793 2264 2272 1811)
4(1811 2272 2280 1829)
4(1829 2280 2288 1847)
4(2072 2073 2081 2080)
4(2080 2081 2089 2088)
4(2088 2089 2097 2096)
4(2096 2097 2105 2104)
4(2104 2105 2113 2112)
4(2112 2113 2121 2120)
4(2120 2121 2129 2128)
4(2128 2129 2137 2136)
4(2136 2137 2145 2144)
4(2144 2145 2153 2152)
4(2152 2153 2161 2160)
4(2160 2161 2169 2168)
4(2168 2169 2177 2176)
4(2176 2177 2185 2184)
4(2184 2185 2193 2192)
4(2192 2193 2201 2200)
4(2200 2201 2209 2208)
4(2208 2209 2217 2216)
4(2216 2217 2225 2224)
4(2224 2225 2233 2232)
4(2232 2233 2241 2240)
4(2240 2241 2249 2248)
4(2248 2249 2257 2256)
4(2256 2257 2265 2264)
4(2264 2265 2273 2272)
4(2272 2273 2281 2280)
4(2280 2281 2289 2288)
4(2073 2074 2082 2081)
4(2081 2082 2090 2089)
4(2089 2090 2098 2097)
4(2097 2098 2106 2105)
4(2105 2106 2114 2113)
4(2113 2114 2122 2121)
4(2121 2122 2130 2129)
4(2129 2130 2138 2137)
4(2137 2138 2146 2145)
4(2145 2146 2154 2153)
4(2153 2154 2162 2161)
4(2161 2162 2170 2169)
4(2169 2170 2178 2177)
4(2177 2178 2186 2185)
4(2185 2186 2194 2193)
4(2193 2194 2202 2201)
4(2201 2202 2210 2209)
4(2209 2210 2218 2217)
4(2217 2218 2226 2225)
4(2225 2226 2234 2233)
4(2233 2234 2242 2241)
4(2241 2242 2250 2249)
4(2249 2250 2258 2257)
4(2257 2258 2266 2265)
4(2265 2266 2274 2273)
4(2273 2274 2282 2281)
4(2281 2282 2290 2289)
4(2074 2075 2083 2082)
4(2082 2083 2091 2090)
4(2090 2091 2099 2098)
4(2098 2099 2107 2106)
4(2106 2107 2115 2114)
4(2114 2115 2123 2122)
4(2122 2123 2131 2130)
4(2130 2131 2139 2138)
4(2138 2139 2147 2146)
4(2146 2147 2155 2154)
4(2154 2155 2163 2162)
4(2162 2163 2171 2170)
4(2170 2171 2179 2178)
4(2178 2179 2187 2186)
4(2186 2187 2195 2194)
4(2194 2195 2203 2202)
4(2202 2203 2211 2210)
4(2210 2211 2219 2218)
4(2218 2219 2227 2226)
4(2226 2227 2235 2234)
4(2234 2235 2243 2242)
4(2242 2243 2251 2250)
4(2250 2251 2259 2258)
4(2258 2259 2267 2266)
4(2266 2267 2275 2274)
4(2274 2275 2283 2282)
4(2282 2283 2291 2290)
4(2075 2076 2084 2083)
4(2083 2084 2092 2091)
4(2091 2092 2100 2099)
4(2099 2100 2108 2107)
4(2107 2108 2116 2115)
4(2115 2116 2124 2123)
4(2123 2124 2132 2131)
4(2131 2132 2140 2139)
4(2139 2140 2148 2147)
4(2147 2148 2156 2155)
4(2155 2156 2164 2163)
4(2163 2164 2172 2171)
4(2171 2172 2180 2179)
4(2179 2180 2188 2187)
4(2187 2188 2196 2195)
4(2195 2196 2204 2203)
4(2203 2204 2212 2211)
4(2211 2212 2220 2219)
4(2219 2220 2228 2227)
4(2227 2228 2236 2235)
4(2235 2236 2244 2243)
4(2243 2244 2252 2251)
4(2251 2252 2260 2259)
4(2259 2260 2268 2267)
4(2267 2268 2276 2275)
4(2275 2276 2284 2283)
4(2283 2284 2292 2291)
4(2076 2077 2085 2084)
4(2084 2085 2093 2092)
4(2092 2093 2101 2100)
4(2100 2101 2109 2108)
4(2108 2109 2117 2116)
4(2116 2117 2125 2124)
4(2124 2125 2133 2132)
4(2132 2133 2141 2140)
4(2140 2141 2149 2148)
4(2148 2149 2157 2156)
4(2156 2157 2165 2164)
4(2164 2165 2173 2172)
4(2172 2173 2181 2180)
4(2180 2181 2189 2188)
4(2188 2189 2197 2196)
4(2196 2197 2205 2204)
4(2204 2205 2213 2212)
4(2212 2213 2221 2220)
4(2220 2221 2229 2228)
4(2228 2229 2237 2236)
4(2236 2237 2245 2244)
4(2244 2245 2253 2252)
4(2252 2253 2261 2260)
4(2260 2261 2269 2268)
4(2268 2269 2277 2276)
4(2276 2277 2285 2284)
4(2284 2285 2293 2292)
4(2077 2078 2086 2085)
4(2085 2086 2094 2093)
4(2093 2094 2102 2101)
4(2101 2102 2110 2109)
4(2109 2110 2118 2117)
4(2117 2118 2126 2125)
4(2125 2126 2134 2133)
4(2133 2134 2142 2141)
4(2141 2142 2150 2149)
4(2149 2150 2158 2157)
4(2157 2158 2166 2165)
4(2165 2166 2174 2173)
4(2173 2174 2182 2181)
4(2181 2182 2190 2189)
4(2189 2190 2198 2197)
4(2197 2198 2206 2205)
4(2205 2206 2214 2213)
4(2213 2214 2222 2221)
4(2221 2222 2230 2229)
4(2229 2230 2238 2237)
4(2237 2238 2246 2245)
4(2245 2246 2254 2253)
4(2253 2254 2262 2261)
4(2261 2262 2270 2269)
4(2269 2270 2278 2277)
4(2277 2278 2286 2285)
4(2285 2286 2294 2293)
4(2078 2079 2087 2086)
4(2086 2087 2095 2094)
4(2094 2095 2103 2102)
4(2102 2103 2111 2110)
4(2110 2111 2119 2118)
4(2118 2119 2127 2126)
4(2126 2127 2135 2134)
4(2134 2135 2143 2142)
4(2142 2143 2151 2150)
4(2150 2151 2159 2158)
4(2158 2159 2167 2166)
4(2166 2167 2175 2174)
4(2174 2175 2183 2182)
4(2182 2183 2191 2190)
4(2190 2191 2199 2198)
4(2198 2199 2207 2206)
4(2206 2207 2215 2214)
4(2214 2215 2223 2222)
4(2222 2223 2231 2230)
4(2230 2231 2239 2238)
4(2238 2239 2247 2246)
4(2246 2247 2255 2254)
4(2254 2255 2263 2262)
4(2262 2263 2271 2270)
4(2270 2271 2279 2278)
4(2278 2279 2287 2286)
4(2286 2287 2295 2294)
4(2079 2520 2528 2087)
4(2087 2528 2536 2095)
4(2095 2536 2544 2103)
4(2103 2544 2552 2111)
4(2111 2552 2560 2119)
4(2119 2560 2568 2127)
4(2127 2568 2576 2135)
4(2135 2576 2584 2143)
4(2143 2584 2592 2151)
4(2151 2592 2600 2159)
4(2159 2600 2608 2167)
4(2167 2608 2616 2175)
4(2175 2616 2624 2183)
4(2183 2624 2632 2191)
4(2191 2632 2640 2199)
4(2199 2640 2648 2207)
4(2207 2648 2656 2215)
4(2215 2656 2664 2223)
4(2223 2664 2672 2231)
4(2231 2672 2680 2239)
4(2239 2680 2688 2247)
4(2247 2688 2696 2255)
4(2255 2696 2704 2263)
4(2263 2704 2712 2271)
4(2271 2712 2720 2279)
4(2279 2720 2728 2287)
4(2287 2728 2736 2295)
4(2520 2521 2529 2528)
4(2528 2529 2537 2536)
4(2536 2537 2545 2544)
4(2544 2545 2553 2552)
4(2552 2553 2561 2560)
4(2560 2561 2569 2568)
4(2568 2569 2577 2576)
4(2576 2577 2585 2584)
4(2584 2585 2593 2592)
4(2592 2593 2601 2600)
4(2600 2601 2609 2608)
4(2608 2609 2617 2616)
4(2616 2617 2625 2624)
4(2624 2625 2633 2632)
4(2632 2633 2641 2640)
4(2640 2641 2649 2648)
4(2648 2649 2657 2656)
4(2656 2657 2665 2664)
4(2664 2665 2673 2672)
4(2672 2673 2681 2680)
4(2680 2681 2689 2688)
4(2688 2689 2697 2696)
4(2696 2697 2705 2704)
4(2704 2705 2713 2712)
4(2712 2713 2721 2720)
4(2720 2721 2729 2728)
4(2728 2729 2737 2736)
4(2521 2522 2530 2529)
4(2529 2530 2538 2537)
4(2537 2538 2546 2545)
4(2545 2546 2554 2553)
4(2553 2554 2562 2561)
4(2561 2562 2570 2569)
4(2569 2570 2578 2577)
4(2577 2578 2586 2585)
4(2585 2586 2594 2593)
4(2593 2594 2602 2601)
4(2601 2602 2610 2609)
4(2609 2610 2618 2617)
4(2617 2618 2626 2625)
4(2625 2626 2634 2633)
4(2633 2634 2642 2641)
4(2641 2642 2650 2649)
4(2649 2650 2658 2657)
4(2657 2658 2666 2665)
4(2665 2666 2674 2673)
4(2673 2674 2682 2681)
4(2681 2682 2690 2689)
4(2689 2690 2698 2697)
4(2697 2698 2706 2705)
4(2705 2706 2714 2713)
4(2713 2714 2722 2721)
4(2721 2722 2730 2729)
4(2729 2730 2738 2737)
4(2522 2523 2531 2530)
4(2530 2531 2539 2538)
4(2538 2539 2547 2546)
4(2546 2547 2555 2554)
4(2554 2555 2563 2562)
4(2562 2563 2571 2570)
4(2570 2571 2579 2578)
4(2578 2579 2587 2586)
4(2586 2587 2595 2594)
4(2594 2595 2603 2602)
4(2602 2603 2611 2610)
4(2610 2611 2619 2618)
4(2618 2619 2627 2626)
4(2626 2627 2635 2634)
4(2634 2635 2643 2642)
4(2642 2643 2651 2650)
4(2650 2651 2659 2658)
4(2658 2659 2667 2666)
4(2666 2667 2675 2674)
4(2674 2675 2683 2682)
4(2682 2683 2691 2690)
4(2690 2691 2699 2698)
4(2698 2699 2707 2706)
4(2706 2707 2715 2714)
4(2714 2715 2723 2722)
4(2722 2723 2731 2730)
4(2730 2731 2739 2738)
4(2523 2524 2532 2531)
4(2531 2532 2540 2539)
4(2539 2540 2548 2547)
4(2547 2548 2556 2555)
4(2555 2556 2564 2563)
4(2563 2564 2572 2571)
4(2571 2572 2580 2579)
4(2579 2580 2588 2587)
4(2587 2588 2596 2595)
4(2595 2596 2604 2603)
4(2603 2604 2612 2611)
4(2611 2612 2620 2619)
4(2619 2620 2628 2627)
4(2627 2628 2636 2635)
4(2635 2636 2644 2643)
4(2643 2644 2652 2651)
4(2651 2652 2660 2659)
4(2659 2660 2668 2667)
4(2667 2668 2676 2675)
4(2675 2676 2684 2683)
4(2683 2684 2692 2691)
4(2691 2692 2700 2699)
4(2699 2700 2708 2707)
4(2707 2708 2716 2715)
4(2715 2716 2724 2723)
4(2723 2724 2732 2731)
4(2731 2732 2740 2739)
4(2524 2525 2533 2532)
4(2532 2533 2541 2540)
4(2540 2541 2549 2548)
4(2548 2549 2557 2556)
4(2556 2557 2565 2564)
4(2564 2565 2573 2572)
4(2572 2573 2581 2580)
4(2580 2581 2589 2588)
4(2588 2589 2597 2596)
4(2596 2597 2605 2604)
4(2604 2605 2613 2612)
4(2612 2613 2621 2620)
4(2620 2621 2629 2628)
4(2628 2629 2637 2636)
4(2636 2637 2645 2644)
4(2644 2645 2653 2652)
4(2652 2653 2661 2660)
4(2660 2661 2669 2668)
4(2668 2669 2677 2676)
4(2676 2677 2685 2684)
4(2684 2685 2693 2692)
4(2692 2693 2701 2700)
4(2700 2701 2709 2708)
4(2708 2709 2717 2716)
4(2716 2717 2725 2724)
4(2724 2725 2733 2732)
4(2732 2733 2741 2740)
4(2525 2526 2534 2533)
4(2533 2534 2542 2541)
4(2541 2542 2550 2549)
4(2549 2550 2558 2557)
4(2557 2558 2566 2565)
4(2565 2566 2574 2573)
4(2573 2574 2582 2581)
4(2581 2582 2590 2589)
4(2589 2590 2598 2597)
4(2597 2598 2606 2605)
4(2605 2606 2614 2613)
4(2613 2614 2622 2621)
4(2621 2622 2630 2629)
4(2629 2630 2638 2637)
4(2637 2638 2646 2645)
4(2645 2646 2654 2653)
4(2653 2654 2662 2661)
4(2661 2662 2670 2669)
4(2669 2670 2678 2677)
4(2677 2678 2686 2685)
4(2685 2686 2694 2693)
4(2693 2694 2702 2701)
4(2701 2702 2710 2709)
4(2709 2710 2718 2717)
4(2717 2718 2726 2725)
4(2725 2726 2734 2733)
4(2733 2734 2742 2741)
4(2526 2527 2535 2534)
4(2534 2535 2543 2542)
4(2542 2543 2551 2550)
4(2550 2551 2559 2558)
4(2558 2559 2567 2566)
4(2566 2567 2575 2574)
4(2574 2575 2583 2582)
4(2582 2583 2591 2590)
4(2590 2591 2599 2598)
4(2598 2599 2607 2606)
4(2606 2607 2615 2614)
4(2614 2615 2623 2622)
4(2622 2623 2631 2630)
4(2630 2631 2639 2638)
4(2638 2639 2647 2646)
4(2646 2647 2655 2654)
4(2654 2655 2663 2662)
4(2662 2663 2671 2670)
4(2670 2671 2679 2678)
4(2678 2679 2687 2686)
4(2686 2687 2695 2694)
4(2694 2695 2703 2702)
4(2702 2703 2711 2710)
4(2710 2711 2719 2718)
4(2718 2719 2727 2726)
4(2726 2727 2735 2734)
4(2734 2735 2743 2742)
4(2527 3528 3556 2535)
4(2535 3556 3584 2543)
4(2543 3584 3612 2551)
4(2551 3612 3640 2559)
4(2559 3640 3668 2567)
4(2567 3668 3696 2575)
4(2575 3696 3724 2583)
4(2583 3724 3752 2591)
4(2591 3752 3780 2599)
4(2599 3780 3808 2607)
4(2607 3808 3836 2615)
4(2615 3836 3864 2623)
4(2623 3864 3892 2631)
4(2631 3892 3920 2639)
4(2639 3920 3948 2647)
4(2647 3948 3976 2655)
4(2655 3976 4004 2663)
4(2663 4004 4032 2671)
4(2671 4032 4060 2679)
4(2679 4060 4088 2687)
4(2687 4088 4116 2695)
4(2695 4116 4144 2703)
4(2703 4144 4172 2711)
4(2711 4172 4200 2719)
4(2719 4200 4228 2727)
4(2727 4228 4256 2735)
4(2735 4256 4284 2743)
4(3528 3529 3557 3556)
4(3556 3557 3585 3584)
4(3584 3585 3613 3612)
4(3612 3613 3641 3640)
4(3640 3641 3669 3668)
4(3668 3669 3697 3696)
4(3696 3697 3725 3724)
4(3724 3725 3753 3752)
4(3752 3753 3781 3780)
4(3780 3781 3809 3808)
4(3808 3809 3837 3836)
4(3836 3837 3865 3864)
4(3864 3865 3893 3892)
4(3892 3893 3921 3920)
4(3920 3921 3949 3948)
4(3948 3949 3977 3976)
4(3976 3977 4005 4004)
4(4004 4005 4033 4032)
4(4032 4033 4061 4060)
4(4060 4061 4089 4088)
4(4088 4089 4117 4116)
4(4116 4117 4145 4144)
4(4144 4145 4173 4172)
4(4172 4173 4201 4200)
4(4200 4201 4229 4228)
4(4228 4229 4257 4256)
4(4256 4257 4285 4284)
4(3529 3530 3558 3557)
4(3557 3558 3586 3585)
4(3585 3586 3614 3613)
4(3613 3614 3642 3641)
4(3641 3642 3670 3669)
4(3669 3670 3698 3697)
4(3697 3698 3726 3725)
4(3725 3726 3754 3753)
4(3753 3754 3782 3781)
4(3781 3782 3810 3809)
4(3809 3810 3838 3837)
4(3837 3838 3866 3865)
4(3865 3866 3894 3893)
4(3893 3894 3922 3921)
4(3921 3922 3950 3949)
4(3949 3950 3978 3977)
4(3977 3978 4006 4005)
4(4005 4006 4034 4033)
4(4033 4034 4062 4061)
4(4061 4062 4090 4089)
4(4089 4090 4118 4117)
4(4117 4118 4146 4145)
4(4145 4146 4174 4173)
4(4173 4174 4202 4201)
4(4201 4202 4230 4229)
4(4229 4230 4258 4257)
4(4257 4258 4286 4285)
4(3530 3531 3559 3558)
4(3558 3559 3587 3586)
4(3586 3587 3615 3614)
4(3614 3615 3643 3642)
4(3642 3643 3671 3670)
4(3670 3671 3699 3698)
4(3698 3699 3727 3726)
4(3726 3727 3755 3754)
4(3754 3755 3783 3782)
4(3782 3783 3811 3810)
4(3810 3811 3839 3838)
4(3838 3839 3867 3866)
4(3866 3867 3895 3894)
4(3894 3895 3923 3922)
4(3922 3923 3951 3950)
4(3950 3951 3979 3978)
4(3978 3979 4007 4006)
4(4006 4007 4035 4034)
4(4034 4035 4063 4062)
4(4062 4063 4091 4090)
4(4090 4091 4119 4118)
4(4118 4119 4147 4146)
4(4146 4147 4175 4174)
4(4174 4175 4203 4202)
4(4202 4203 4231 4230)
4(4230 4231 4259 4258)
4(4258 4259 4287 4286)
4(3531 3532 3560 3559)
4(3559 3560 3588 3587)
4(3587 3588 3616 3615)
4(3615 3616 3644 3643)
4(3643 3644 3672 3671)
4(3671 3672 3700 3699)
4(3699 3700 3728 3727)
4(3727 3728 3756 3755)
4(3755 3756 3784 3783)
4(3783 3784 3812 3811)
4(3811 3812 3840 3839)
4(3839 3840 3868 3867)
4(3867 3868 3896 3895)
4(3895 3896 3924 3923)
4(3923 3924 3952 3951)
4(3951 3952 3980 3979)
4(3979 3980 4008 4007)
4(4007 4008 4036 4035)
4(4035 4036 4064 4063)
4(4063 4064 4092 4091)
4(4091 4092 4120 4119)
4(4119 4120 4148 4147)
4(4147 4148 4176 4175)
4(4175 4176 4204 4203)
4(4203 4204 4232 4231)
4(4231 4232 4260 4259)
4(4259 4260 4288 4287)
4(3532 3533 3561 3560)
4(3560 3561 3589 3588)
4(3588 3589 3617 3616)
4(3616 3617 3645 3644)
4(3644 3645 3673 3672)
4(3672 3673 3701 3700)
4(3700 3701 3729 3728)
4(3728 3729 3757 3756)
4(3756 3757 3785 3784)
4(3784 3785 3813 3812)
4(3812 3813 3841 3840)
4(3840 3841 3869 3868)
4(3868 3869 3897 3896)
4(3896 3897 3925 3924)
4(3924 3925 3953 3952)
4(3952 3953 3981 3980)
4(3980 3981 4009 4008)
4(4008 4009 4037 4036)
4(4036 4037 4065 4064)
4(4064 4065 4093 4092)
4(4092 4093 4121 4120)
4(4120 4121 4149 4148)
4(4148 4149 4177 4176)
4(4176 4177 4205 4204)
4(4204 4205 4233 4232)
4(4232 4233 4261 4260)
4(4260 4261 4289 4288)
4(3533 3534 3562 3561)
4(3561 3562 3590 3589)
4(3589 3590 3618 3617)
4(3617 3618 3646 3645)
4(3645 3646 3674 3673)
4(3673 3674 3702 3701)
4(3701 3702 3730 3729)
4(3729 3730 3758 3757)
4(3757 3758 3786 3785)
4(3785 3786 3814 3813)
4(3813 3814 3842 3841)
4(3841 3842 3870 3869)
4(3869 3870 3898 3897)
4(3897 3898 3926 3925)
4(3925 3926 3954 3953)
4(3953 3954 3982 3981)
4(3981 3982 4010 4009)
4(4009 4010 4038 4037)
4(4037 4038 4066 4065)
4(4065 4066 4094 4093)
4(4093 4094 4122 4121)
4(4121 4122 4150 4149)
4(4149 4150 4178 4177)
4(4177 4178 4206 4205)
4(4205 4206 4234 4233)
4(4233 4234 4262 4261)
4(4261 4262 4290 4289)
4(3534 3535 3563 3562)
4(3562 3563 3591 3590)
4(3590 3591 3619 3618)
4(3618 3619 3647 3646)
4(3646 3647 3675 3674)
4(3674 3675 3703 3702)
4(3702 3703 3731 3730)
4(3730 3731 3759 3758)
4(3758 3759 3787 3786)
4(3786 3787 3815 3814)
4(3814 3815 3843 3842)
4(3842 3843 3871 3870)
4(3870 3871 3899 3898)
4(3898 3899 3927 3926)
4(3926 3927 3955 3954)
4(3954 3955 3983 3982)
4(3982 3983 4011 4010)
4(4010 4011 4039 4038)
4(4038 4039 4067 4066)
4(4066 4067 4095 4094)
4(4094 4095 4123 4122)
4(4122 4123 4151 4150)
4(4150 4151 4179 4178)
4(4178 4179 4207 4206)
4(4206 4207 4235 4234)
4(4234 4235 4263 4262)
4(4262 4263 4291 4290)
4(3535 3536 3564 3563)
4(3563 3564 3592 3591)
4(3591 3592 3620 3619)
4(3619 3620 3648 3647)
4(3647 3648 3676 3675)
4(3675 3676 3704 3703)
4(3703 3704 3732 3731)
4(3731 3732 3760 3759)
4(3759 3760 3788 3787)
4(3787 3788 3816 3815)
4(3815 3816 3844 3843)
4(3843 3844 3872 3871)
4(3871 3872 3900 3899)
4(3899 3900 3928 3927)
4(3927 3928 3956 3955)
4(3955 3956 3984 3983)
4(3983 3984 4012 4011)
4(4011 4012 4040 4039)
4(4039 4040 4068 4067)
4(4067 4068 4096 4095)
4(4095 4096 4124 4123)
4(4123 4124 4152 4151)
4(4151 4152 4180 4179)
4(4179 4180 4208 4207)
4(4207 4208 4236 4235)
4(4235 4236 4264 4263)
4(4263 4264 4292 4291)
4(3536 3537 3565 3564)
4(3564 3565 3593 3592)
4(3592 3593 3621 3620)
4(3620 3621 3649 3648)
4(3648 3649 3677 3676)
4(3676 3677 3705 3704)
4(3704 3705 3733 3732)
4(3732 3733 3761 3760)
4(3760 3761 3789 3788)
4(3788 3789 3817 3816)
4(3816 3817 3845 3844)
4(3844 3845 3873 3872)
4(3872 3873 3901 3900)
4(3900 3901 3929 3928)
4(3928 3929 3957 3956)
4(3956 3957 3985 3984)
4(3984 3985 4013 4012)
4(4012 4013 4041 4040)
4(4040 4041 4069 4068)
4(4068 4069 4097 4096)
4(4096 4097 4125 4124)
4(4124 4125 4153 4152)
4(4152 4153 4181 4180)
4(4180 4181 4209 4208)
4(4208 4209 4237 4236)
4(4236 4237 4265 4264)
4(4264 4265 4293 4292)
4(3537 3538 3566 3565)
4(3565 3566 3594 3593)
4(3593 3594 3622 3621)
4(3621 3622 3650 3649)
4(3649 3650 3678 3677)
4(3677 3678 3706 3705)
4(3705 3706 3734 3733)
4(3733 3734 3762 3761)
4(3761 3762 3790 3789)
4(3789 3790 3818 3817)
4(3817 3818 3846 3845)
4(3845 3846 3874 3873)
4(3873 3874 3902 3901)
4(3901 3902 3930 3929)
4(3929 3930 3958 3957)
4(3957 3958 3986 3985)
4(3985 3986 4014 4013)
4(4013 4014 4042 4041)
4(4041 4042 4070 4069)
4(4069 4070 4098 4097)
4(4097 4098 4126 4125)
4(4125 4126 4154 4153)
4(4153 4154 4182 4181)
4(4181 4182 4210 4209)
4(4209 4210 4238 4237)
4(4237 4238 4266 4265)
4(4265 4266 4294 4293)
4(3538 3539 3567 3566)
4(3566 3567 3595 3594)
4(3594 3595 3623 3622)
4(3622 3623 3651 3650)
4(3650 3651 3679 3678)
4(3678 3679 3707 3706)
4(3706 3707 3735 3734)
4(3734 3735 3763 3762)
4(3762 3763 3791 3790)
4(3790 3791 3819 3818)
4(3818 3819 3847 3846)
4(3846 3847 3875 3874)
4(3874 3875 3903 3902)
4(3902 3903 3931 3930)
4(3930 3931 3959 3958)
4(3958 3959 3987 3986)
4(3986 3987 4015 4014)
4(4014 4015 4043 4042)
4(4042 4043 4071 4070)
4(4070 4071 4099 4098)
4(4098 4099 4127 4126)
4(4126 4127 4155 4154)
4(4154 4155 4183 4182)
4(4182 4183 4211 4210)
4(4210 4211 4239 4238)
4(4238 4239 4267 4266)
4(4266 4267 4295 4294)
4(3539 3540 3568 3567)
4(3567 3568 3596 3595)
4(3595 3596 3624 3623)
4(3623 3624 3652 3651)
4(3651 3652 3680 3679)
4(3679 3680 3708 3707)
4(3707 3708 3736 3735)
4(3735 3736 3764 3763)
4(3763 3764 3792 3791)
4(3791 3792 3820 3819)
4(3819 3820 3848 3847)
4(3847 3848 3876 3875)
4(3875 3876 3904 3903)
4(3903 3904 3932 3931)
4(3931 3932 3960 3959)
4(3959 3960 3988 3987)
4(3987 3988 4016 4015)
4(4015 4016 4044 4043)
4(4043 4044 4072 4071)
4(4071 4072 4100 4099)
4(4099 4100 4128 4127)
4(4127 4128 4156 4155)
4(4155 4156 4184 4183)
4(4183 4184 4212 4211)
4(4211 4212 4240 4239)
4(4239 4240 4268 4267)
4(4267 4268 4296 4295)
4(3540 3541 3569 3568)
4(3568 3569 3597 3596)
4(3596 3597 3625 3624)
4(3624 3625 3653 3652)
4(3652 3653 3681 3680)
4(3680 3681 3709 3708)
4(3708 3709 3737 3736)
4(3736 3737 3765 3764)
4(3764 3765 3793 3792)
4(3792 3793 3821 3820)
4(3820 3821 3849 3848)
4(3848 3849 3877 3876)
4(3876 3877 3905 3904)
4(3904 3905 3933 3932)
4(3932 3933 3961 3960)
4(3960 3961 3989 3988)
4(3988 3989 4017 4016)
4(4016 4017 4045 4044)
4(4044 4045 4073 4072)
4(4072 4073 4101 4100)
4(4100 4101 4129 4128)
4(4128 4129 4157 4156)
4(4156 4157 4185 4184)
4(4184 4185 4213 4212)
4(4212 4213 4241 4240)
4(4240 4241 4269 4268)
4(4268 4269 4297 4296)
4(3541 3542 3570 3569)
4(3569 3570 3598 3597)
4(3597 3598 3626 3625)
4(3625 3626 3654 3653)
4(3653 3654 3682 3681)
4(3681 3682 3710 3709)
4(3709 3710 3738 3737)
4(3737 3738 3766 3765)
4(3765 3766 3794 3793)
4(3793 3794 3822 3821)
4(3821 3822 3850 3849)
4(3849 3850 3878 3877)
4(3877 3878 3906 3905)
4(3905 3906 3934 3933)
4(3933 3934 3962 3961)
4(3961 3962 3990 3989)
4(3989 3990 4018 4017)
4(4017 4018 4046 4045)
4(4045 4046 4074 4073)
4(4073 4074 4102 4101)
4(4101 4102 4130 4129)
4(4129 4130 4158 4157)
4(4157 4158 4186 4185)
4(4185 4186 4214 4213)
4(4213 4214 4242 4241)
4(4241 4242 4270 4269)
4(4269 4270 4298 4297)
4(3542 3543 3571 3570)
4(3570 3571 3599 3598)
4(3598 3599 3627 3626)
4(3626 3627 3655 3654)
4(3654 3655 3683 3682)
4(3682 3683 3711 3710)
4(3710 3711 3739 3738)
4(3738 3739 3767 3766)
4(3766 3767 3795 3794)
4(3794 3795 3823 3822)
4(3822 3823 3851 3850)
4(3850 3851 3879 3878)
4(3878 3879 3907 3906)
4(3906 3907 3935 3934)
4(3934 3935 3963 3962)
4(3962 3963 3991 3990)
4(3990 3991 4019 4018)
4(4018 4019 4047 4046)
4(4046 4047 4075 4074)
4(4074 4075 4103 4102)
4(4102 4103 4131 4130)
4(4130 4131 4159 4158)
4(4158 4159 4187 4186)
4(4186 4187 4215 4214)
4(4214 4215 4243 4242)
4(4242 4243 4271 4270)
4(4270 4271 4299 4298)
4(3543 3544 3572 3571)
4(3571 3572 3600 3599)
4(3599 3600 3628 3627)
4(3627 3628 3656 3655)
4(3655 3656 3684 3683)
4(3683 3684 3712 3711)
4(3711 3712 3740 3739)
4(3739 3740 3768 3767)
4(3767 3768 3796 3795)
4(3795 3796 3824 3823)
4(3823 3824 3852 3851)
4(3851 3852 3880 3879)
4(3879 3880 3908 3907)
4(3907 3908 3936 3935)
4(3935 3936 3964 3963)
4(3963 3964 3992 3991)
4(3991 3992 4020 4019)
4(4019 4020 4048 4047)
4(4047 4048 4076 4075)
4(4075 4076 4104 4103)
4(4103 4104 4132 4131)
4(4131 4132 4160 4159)
4(4159 4160 4188 4187)
4(4187 4188 4216 4215)
4(4215 4216 4244 4243)
4(4243 4244 4272 4271)
4(4271 4272 4300 4299)
4(3544 3545 3573 3572)
4(3572 3573 3601 3600)
4(3600 3601 3629 3628)
4(3628 3629 3657 3656)
4(3656 3657 3685 3684)
4(3684 3685 3713 3712)
4(3712 3713 3741 3740)
4(3740 3741 3769 3768)
4(3768 3769 3797 3796)
4(3796 3797 3825 3824)
4(3824 3825 3853 3852)
4(3852 3853 3881 3880)
4(3880 3881 3909 3908)
4(3908 3909 3937 3936)
4(3936 3937 3965 3964)
4(3964 3965 3993 3992)
4(3992 3993 4021 4020)
4(4020 4021 4049 4048)
4(4048 4049 4077 4076)
4(4076 4077 4105 4104)
4(4104 4105 4133 4132)
4(4132 4133 4161 4160)
4(4160 4161 4189 4188)
4(4188 4189 4217 4216)
4(4216 4217 4245 4244)
4(4244 4245 4273 4272)
4(4272 4273 4301 4300)
4(3545 3546 3574 3573)
4(3573 3574 3602 3601)
4(3601 3602 3630 3629)
4(3629 3630 3658 3657)
4(3657 3658 3686 3685)
4(3685 3686 3714 3713)
4(3713 3714 3742 3741)
4(3741 3742 3770 3769)
4(3769 3770 3798 3797)
4(3797 3798 3826 3825)
4(3825 3826 3854 3853)
4(3853 3854 3882 3881)
4(3881 3882 3910 3909)
4(3909 3910 3938 3937)
4(3937 3938 3966 3965)
4(3965 3966 3994 3993)
4(3993 3994 4022 4021)
4(4021 4022 4050 4049)
4(4049 4050 4078 4077)
4(4077 4078 4106 4105)
4(4105 4106 4134 4133)
4(4133 4134 4162 4161)
4(4161 4162 4190 4189)
4(4189 4190 4218 4217)
4(4217 4218 4246 4245)
4(4245 4246 4274 4273)
4(4273 4274 4302 4301)
4(3546 3547 3575 3574)
4(3574 3575 3603 3602)
4(3602 3603 3631 3630)
4(3630 3631 3659 3658)
4(3658 3659 3687 3686)
4(3686 3687 3715 3714)
4(3714 3715 3743 3742)
4(3742 3743 3771 3770)
4(3770 3771 3799 3798)
4(3798 3799 3827 3826)
4(3826 3827 3855 3854)
4(3854 3855 3883 3882)
4(3882 3883 3911 3910)
4(3910 3911 3939 3938)
4(3938 3939 3967 3966)
4(3966 3967 3995 3994)
4(3994 3995 4023 4022)
4(4022 4023 4051 4050)
4(4050 4051 4079 4078)
4(4078 4079 4107 4106)
4(4106 4107 4135 4134)
4(4134 4135 4163 4162)
4(4162 4163 4191 4190)
4(4190 4191 4219 4218)
4(4218 4219 4247 4246)
4(4246 4247 4275 4274)
4(4274 4275 4303 4302)
4(3547 3548 3576 3575)
4(3575 3576 3604 3603)
4(3603 3604 3632 3631)
4(3631 3632 3660 3659)
4(3659 3660 3688 3687)
4(3687 3688 3716 3715)
4(3715 3716 3744 3743)
4(3743 3744 3772 3771)
4(3771 3772 3800 3799)
4(3799 3800 3828 3827)
4(3827 3828 3856 3855)
4(3855 3856 3884 3883)
4(3883 3884 3912 3911)
4(3911 3912 3940 3939)
4(3939 3940 3968 3967)
4(3967 3968 3996 3995)
4(3995 3996 4024 4023)
4(4023 4024 4052 4051)
4(4051 4052 4080 4079)
4(4079 4080 4108 4107)
4(4107 4108 4136 4135)
4(4135 4136 4164 4163)
4(4163 4164 4192 4191)
4(4191 4192 4220 4219)
4(4219 4220 4248 4247)
4(4247 4248 4276 4275)
4(4275 4276 4304 4303)
4(3548 3549 3577 3576)
4(3576 3577 3605 3604)
4(3604 3605 3633 3632)
4(3632 3633 3661 3660)
4(3660 3661 3689 3688)
4(3688 3689 3717 3716)
4(3716 3717 3745 3744)
4(3744 3745 3773 3772)
4(3772 3773 3801 3800)
4(3800 3801 3829 3828)
4(3828 3829 3857 3856)
4(3856 3857 3885 3884)
4(3884 3885 3913 3912)
4(3912 3913 3941 3940)
4(3940 3941 3969 3968)
4(3968 3969 3997 3996)
4(3996 3997 4025 4024)
4(4024 4025 4053 4052)
4(4052 4053 4081 4080)
4(4080 4081 4109 4108)
4(4108 4109 4137 4136)
4(4136 4137 4165 4164)
4(4164 4165 4193 4192)
4(4192 4193 4221 4220)
4(4220 4221 4249 4248)
4(4248 4249 4277 4276)
4(4276 4277 4305 4304)
4(3549 3550 3578 3577)
4(3577 3578 3606 3605)
4(3605 3606 3634 3633)
4(3633 3634 3662 3661)
4(3661 3662 3690 3689)
4(3689 3690 3718 3717)
4(3717 3718 3746 3745)
4(3745 3746 3774 3773)
4(3773 3774 3802 3801)
4(3801 3802 3830 3829)
4(3829 3830 3858 3857)
4(3857 3858 3886 3885)
4(3885 3886 3914 3913)
4(3913 3914 3942 3941)
4(3941 3942 3970 3969)
4(3969 3970 3998 3997)
4(3997 3998 4026 4025)
4(4025 4026 4054 4053)
4(4053 4054 4082 4081)
4(4081 4082 4110 4109)
4(4109 4110 4138 4137)
4(4137 4138 4166 4165)
4(4165 4166 4194 4193)
4(4193 4194 4222 4221)
4(4221 4222 4250 4249)
4(4249 4250 4278 4277)
4(4277 4278 4306 4305)
4(3550 3551 3579 3578)
4(3578 3579 3607 3606)
4(3606 3607 3635 3634)
4(3634 3635 3663 3662)
4(3662 3663 3691 3690)
4(3690 3691 3719 3718)
4(3718 3719 3747 3746)
4(3746 3747 3775 3774)
4(3774 3775 3803 3802)
4(3802 3803 3831 3830)
4(3830 3831 3859 3858)
4(3858 3859 3887 3886)
4(3886 3887 3915 3914)
4(3914 3915 3943 3942)
4(3942 3943 3971 3970)
4(3970 3971 3999 3998)
4(3998 3999 4027 4026)
4(4026 4027 4055 4054)
4(4054 4055 4083 4082)
4(4082 4083 4111 4110)
4(4110 4111 4139 4138)
4(4138 4139 4167 4166)
4(4166 4167 4195 4194)
4(4194 4195 4223 4222)
4(4222 4223 4251 4250)
4(4250 4251 4279 4278)
4(4278 4279 4307 4306)
4(3551 3552 3580 3579)
4(3579 3580 3608 3607)
4(3607 3608 3636 3635)
4(3635 3636 3664 3663)
4(3663 3664 3692 3691)
4(3691 3692 3720 3719)
4(3719 3720 3748 3747)
4(3747 3748 3776 3775)
4(3775 3776 3804 3803)
4(3803 3804 3832 3831)
4(3831 3832 3860 3859)
4(3859 3860 3888 3887)
4(3887 3888 3916 3915)
4(3915 3916 3944 3943)
4(3943 3944 3972 3971)
4(3971 3972 4000 3999)
4(3999 4000 4028 4027)
4(4027 4028 4056 4055)
4(4055 4056 4084 4083)
4(4083 4084 4112 4111)
4(4111 4112 4140 4139)
4(4139 4140 4168 4167)
4(4167 4168 4196 4195)
4(4195 4196 4224 4223)
4(4223 4224 4252 4251)
4(4251 4252 4280 4279)
4(4279 4280 4308 4307)
4(3552 3553 3581 3580)
4(3580 3581 3609 3608)
4(3608 3609 3637 3636)
4(3636 3637 3665 3664)
4(3664 3665 3693 3692)
4(3692 3693 3721 3720)
4(3720 3721 3749 3748)
4(3748 3749 3777 3776)
4(3776 3777 3805 3804)
4(3804 3805 3833 3832)
4(3832 3833 3861 3860)
4(3860 3861 3889 3888)
4(3888 3889 3917 3916)
4(3916 3917 3945 3944)
4(3944 3945 3973 3972)
4(3972 3973 4001 4000)
4(4000 4001 4029 4028)
4(4028 4029 4057 4056)
4(4056 4057 4085 4084)
4(4084 4085 4113 4112)
4(4112 4113 4141 4140)
4(4140 4141 4169 4168)
4(4168 4169 4197 4196)
4(4196 4197 4225 4224)
4(4224 4225 4253 4252)
4(4252 4253 4281 4280)
4(4280 4281 4309 4308)
4(3553 3554 3582 3581)
4(3581 3582 3610 3609)
4(3609 3610 3638 3637)
4(3637 3638 3666 3665)
4(3665 3666 3694 3693)
4(3693 3694 3722 3721)
4(3721 3722 3750 3749)
4(3749 3750 3778 3777)
4(3777 3778 3806 3805)
4(3805 3806 3834 3833)
4(3833 3834 3862 3861)
4(3861 3862 3890 3889)
4(3889 3890 3918 3917)
4(3917 3918 3946 3945)
4(3945 3946 3974 3973)
4(3973 3974 4002 4001)
4(4001 4002 4030 4029)
4(4029 4030 4058 4057)
4(4057 4058 4086 4085)
4(4085 4086 4114 4113)
4(4113 4114 4142 4141)
4(4141 4142 4170 4169)
4(4169 4170 4198 4197)
4(4197 4198 4226 4225)
4(4225 4226 4254 4253)
4(4253 4254 4282 4281)
4(4281 4282 4310 4309)
4(3554 3555 3583 3582)
4(3582 3583 3611 3610)
4(3610 3611 3639 3638)
4(3638 3639 3667 3666)
4(3666 3667 3695 3694)
4(3694 3695 3723 3722)
4(3722 3723 3751 3750)
4(3750 3751 3779 3778)
4(3778 3779 3807 3806)
4(3806 3807 3835 3834)
4(3834 3835 3863 3862)
4(3862 3863 3891 3890)
4(3890 3891 3919 3918)
4(3918 3919 3947 3946)
4(3946 3947 3975 3974)
4(3974 3975 4003 4002)
4(4002 4003 4031 4030)
4(4030 4031 4059 4058)
4(4058 4059 4087 4086)
4(4086 4087 4115 4114)
4(4114 4115 4143 4142)
4(4142 4143 4171 4170)
4(4170 4171 4199 4198)
4(4198 4199 4227 4226)
4(4226 4227 4255 4254)
4(4254 4255 4283 4282)
4(4282 4283 4311 4310)
)


// ************************************************************************* //
