/*--------------------------------*- C++ -*----------------------------------*\
| =========                 |                                                 |
| \\      /  F ield         | OpenFOAM: The Open Source CFD Toolbox           |
|  \\    /   O peration     | Version:  2512                                  |
|   \\  /    A nd           | Website:  www.openfoam.com                      |
|    \\/     M anipulation  |                                                 |
\*---------------------------------------------------------------------------*/
FoamFile
{
    version     2.0;
    format      ascii;
    arch        "LSB;label=32;scalar=64";
    class       vectorField;
    location    "constant/polyMesh";
    object      points;
}
// * * * * * * * * * * * * * * * * * * * * * * * * * * * * * * * * * * * * * //


4312
(
(0 0 0)
(0.02428571429 0 0)
(0.04857142857 0 0)
(0.07285714286 0 0)
(0.09714285714 0 0)
(0.1214285714 0 0)
(0.1457142857 0 0)
(0.17 0 0)
(0.1942857143 0 0)
(0.2185714286 0 0)
(0.2428571429 0 0)
(0.2671428571 0 0)
(0.2914285714 0 0)
(0.3157142857 0 0)
(0.34 0 0)
(0 0.005925925926 0)
(0.02428571429 0.005925925926 0)
(0.04857142857 0.005925925926 0)
(0.07285714286 0.005925925926 0)
(0.09714285714 0.005925925926 0)
(0.1214285714 0.005925925926 0)
(0.1457142857 0.005925925926 0)
(0.17 0.005925925926 0)
(0.1942857143 0.005925925926 0)
(0.2185714286 0.005925925926 0)
(0.2428571429 0.005925925926 0)
(0.2671428571 0.005925925926 0)
(0.2914285714 0.005925925926 0)
(0.3157142857 0.005925925926 0)
(0.34 0.005925925926 0)
(0 0.01185185185 0)
(0.02428571429 0.01185185185 0)
(0.04857142857 0.01185185185 0)
(0.07285714286 0.01185185185 0)
(0.09714285714 0.01185185185 0)
(0.1214285714 0.01185185185 0)
(0.1457142857 0.01185185185 0)
(0.17 0.01185185185 0)
(0.1942857143 0.01185185185 0)
(0.2185714286 0.01185185185 0)
(0.2428571429 0.01185185185 0)
(0.2671428571 0.01185185185 0)
(0.2914285714 0.01185185185 0)
(0.3157142857 0.01185185185 0)
(0.34 0.01185185185 0)
(0 0.01777777778 0)
(0.02428571429 0.01777777778 0)
(0.04857142857 0.01777777778 0)
(0.07285714286 0.01777777778 0)
(0.09714285714 0.01777777778 0)
(0.1214285714 0.01777777778 0)
(0.1457142857 0.01777777778 0)
(0.17 0.01777777778 0)
(0.1942857143 0.01777777778 0)
(0.2185714286 0.01777777778 0)
(0.2428571429 0.01777777778 0)
(0.2671428571 0.01777777778 0)
(0.2914285714 0.01777777778 0)
(0.3157142857 0.01777777778 0)
(0.34 0.01777777778 0)
(0 0.0237037037 0)
(0.02428571429 0.0237037037 0)
(0.04857142857 0.0237037037 0)
(0.07285714286 0.0237037037 0)
(0.09714285714 0.0237037037 0)
(0.1214285714 0.0237037037 0)
(0.1457142857 0.0237037037 0)
(0.17 0.0237037037 0)
(0.1942857143 0.0237037037 0)
(0.2185714286 0.0237037037 0)
(0.2428571429 0.0237037037 0)
(0.2671428571 0.0237037037 0)
(0.2914285714 0.0237037037 0)
(0.3157142857 0.0237037037 0)
(0.34 0.0237037037 0)
(0 0.02962962963 0)
(0.02428571429 0.02962962963 0)
(0.04857142857 0.02962962963 0)
(0.07285714286 0.02962962963 0)
(0.09714285714 0.02962962963 0)
(0.1214285714 0.02962962963 0)
(0.1457142857 0.02962962963 0)
(0.17 0.02962962963 0)
(0.1942857143 0.02962962963 0)
(0.2185714286 0.02962962963 0)
(0.2428571429 0.02962962963 0)
(0.2671428571 0.02962962963 0)
(0.2914285714 0.02962962963 0)
(0.3157142857 0.02962962963 0)
(0.34 0.02962962963 0)
(0 0.03555555556 0)
(0.02428571429 0.03555555556 0)
(0.04857142857 0.03555555556 0)
(0.07285714286 0.03555555556 0)
(0.09714285714 0.03555555556 0)
(0.1214285714 0.03555555556 0)
(0.1457142857 0.03555555556 0)
(0.17 0.03555555556 0)
(0.1942857143 0.03555555556 0)
(0.2185714286 0.03555555556 0)
(0.2428571429 0.03555555556 0)
(0.2671428571 0.03555555556 0)
(0.2914285714 0.03555555556 0)
(0.3157142857 0.03555555556 0)
(0.34 0.03555555556 0)
(0 0.04148148148 0)
(0.02428571429 0.04148148148 0)
(0.04857142857 0.04148148148 0)
(0.07285714286 0.04148148148 0)
(0.09714285714 0.04148148148 0)
(0.1214285714 0.04148148148 0)
(0.1457142857 0.04148148148 0)
(0.17 0.04148148148 0)
(0.1942857143 0.04148148148 0)
(0.2185714286 0.04148148148 0)
(0.2428571429 0.04148148148 0)
(0.2671428571 0.04148148148 0)
(0.2914285714 0.04148148148 0)
(0.3157142857 0.04148148148 0)
(0.34 0.04148148148 0)
(0 0.04740740741 0)
(0.02428571429 0.04740740741 0)
(0.04857142857 0.04740740741 0)
(0.07285714286 0.04740740741 0)
(0.09714285714 0.04740740741 0)
(0.1214285714 0.04740740741 0)
(0.1457142857 0.04740740741 0)
(0.17 0.04740740741 0)
(0.1942857143 0.04740740741 0)
(0.2185714286 0.04740740741 0)
(0.2428571429 0.04740740741 0)
(0.2671428571 0.04740740741 0)
(0.2914285714 0.04740740741 0)
(0.3157142857 0.04740740741 0)
(0.34 0.04740740741 0)
(0 0.05333333333 0)
(0.02428571429 0.05333333333 0)
(0.04857142857 0.05333333333 0)
(0.07285714286 0.05333333333 0)
(0.09714285714 0.05333333333 0)
(0.1214285714 0.05333333333 0)
(0.1457142857 0.05333333333 0)
(0.17 0.05333333333 0)
(0.1942857143 0.05333333333 0)
(0.2185714286 0.05333333333 0)
(0.2428571429 0.05333333333 0)
(0.2671428571 0.05333333333 0)
(0.2914285714 0.05333333333 0)
(0.3157142857 0.05333333333 0)
(0.34 0.05333333333 0)
(0 0.05925925926 0)
(0.02428571429 0.05925925926 0)
(0.04857142857 0.05925925926 0)
(0.07285714286 0.05925925926 0)
(0.09714285714 0.05925925926 0)
(0.1214285714 0.05925925926 0)
(0.1457142857 0.05925925926 0)
(0.17 0.05925925926 0)
(0.1942857143 0.05925925926 0)
(0.2185714286 0.05925925926 0)
(0.2428571429 0.05925925926 0)
(0.2671428571 0.05925925926 0)
(0.2914285714 0.05925925926 0)
(0.3157142857 0.05925925926 0)
(0.34 0.05925925926 0)
(0 0.06518518519 0)
(0.02428571429 0.06518518519 0)
(0.04857142857 0.06518518519 0)
(0.07285714286 0.06518518519 0)
(0.09714285714 0.06518518519 0)
(0.1214285714 0.06518518519 0)
(0.1457142857 0.06518518519 0)
(0.17 0.06518518519 0)
(0.1942857143 0.06518518519 0)
(0.2185714286 0.06518518519 0)
(0.2428571429 0.06518518519 0)
(0.2671428571 0.06518518519 0)
(0.2914285714 0.06518518519 0)
(0.3157142857 0.06518518519 0)
(0.34 0.06518518519 0)
(0 0.07111111111 0)
(0.02428571429 0.07111111111 0)
(0.04857142857 0.07111111111 0)
(0.07285714286 0.07111111111 0)
(0.09714285714 0.07111111111 0)
(0.1214285714 0.07111111111 0)
(0.1457142857 0.07111111111 0)
(0.17 0.07111111111 0)
(0.1942857143 0.07111111111 0)
(0.2185714286 0.07111111111 0)
(0.2428571429 0.07111111111 0)
(0.2671428571 0.07111111111 0)
(0.2914285714 0.07111111111 0)
(0.3157142857 0.07111111111 0)
(0.34 0.07111111111 0)
(0 0.07703703704 0)
(0.02428571429 0.07703703704 0)
(0.04857142857 0.07703703704 0)
(0.07285714286 0.07703703704 0)
(0.09714285714 0.07703703704 0)
(0.1214285714 0.07703703704 0)
(0.1457142857 0.07703703704 0)
(0.17 0.07703703704 0)
(0.1942857143 0.07703703704 0)
(0.2185714286 0.07703703704 0)
(0.2428571429 0.07703703704 0)
(0.2671428571 0.07703703704 0)
(0.2914285714 0.07703703704 0)
(0.3157142857 0.07703703704 0)
(0.34 0.07703703704 0)
(0 0.08296296296 0)
(0.02428571429 0.08296296296 0)
(0.04857142857 0.08296296296 0)
(0.07285714286 0.08296296296 0)
(0.09714285714 0.08296296296 0)
(0.1214285714 0.08296296296 0)
(0.1457142857 0.08296296296 0)
(0.17 0.08296296296 0)
(0.1942857143 0.08296296296 0)
(0.2185714286 0.08296296296 0)
(0.2428571429 0.08296296296 0)
(0.2671428571 0.08296296296 0)
(0.2914285714 0.08296296296 0)
(0.3157142857 0.08296296296 0)
(0.34 0.08296296296 0)
(0 0.08888888889 0)
(0.02428571429 0.08888888889 0)
(0.04857142857 0.08888888889 0)
(0.07285714286 0.08888888889 0)
(0.09714285714 0.08888888889 0)
(0.1214285714 0.08888888889 0)
(0.1457142857 0.08888888889 0)
(0.17 0.08888888889 0)
(0.1942857143 0.08888888889 0)
(0.2185714286 0.08888888889 0)
(0.2428571429 0.08888888889 0)
(0.2671428571 0.08888888889 0)
(0.2914285714 0.08888888889 0)
(0.3157142857 0.08888888889 0)
(0.34 0.08888888889 0)
(0 0.09481481481 0)
(0.02428571429 0.09481481481 0)
(0.04857142857 0.09481481481 0)
(0.07285714286 0.09481481481 0)
(0.09714285714 0.09481481481 0)
(0.1214285714 0.09481481481 0)
(0.1457142857 0.09481481481 0)
(0.17 0.09481481481 0)
(0.1942857143 0.09481481481 0)
(0.2185714286 0.09481481481 0)
(0.2428571429 0.09481481481 0)
(0.2671428571 0.09481481481 0)
(0.2914285714 0.09481481481 0)
(0.3157142857 0.09481481481 0)
(0.34 0.09481481481 0)
(0 0.1007407407 0)
(0.02428571429 0.1007407407 0)
(0.04857142857 0.1007407407 0)
(0.07285714286 0.1007407407 0)
(0.09714285714 0.1007407407 0)
(0.1214285714 0.1007407407 0)
(0.1457142857 0.1007407407 0)
(0.17 0.1007407407 0)
(0.1942857143 0.1007407407 0)
(0.2185714286 0.1007407407 0)
(0.2428571429 0.1007407407 0)
(0.2671428571 0.1007407407 0)
(0.2914285714 0.1007407407 0)
(0.3157142857 0.1007407407 0)
(0.34 0.1007407407 0)
(0 0.1066666667 0)
(0.02428571429 0.1066666667 0)
(0.04857142857 0.1066666667 0)
(0.07285714286 0.1066666667 0)
(0.09714285714 0.1066666667 0)
(0.1214285714 0.1066666667 0)
(0.1457142857 0.1066666667 0)
(0.17 0.1066666667 0)
(0.1942857143 0.1066666667 0)
(0.2185714286 0.1066666667 0)
(0.2428571429 0.1066666667 0)
(0.2671428571 0.1066666667 0)
(0.2914285714 0.1066666667 0)
(0.3157142857 0.1066666667 0)
(0.34 0.1066666667 0)
(0 0.1125925926 0)
(0.02428571429 0.1125925926 0)
(0.04857142857 0.1125925926 0)
(0.07285714286 0.1125925926 0)
(0.09714285714 0.1125925926 0)
(0.1214285714 0.1125925926 0)
(0.1457142857 0.1125925926 0)
(0.17 0.1125925926 0)
(0.1942857143 0.1125925926 0)
(0.2185714286 0.1125925926 0)
(0.2428571429 0.1125925926 0)
(0.2671428571 0.1125925926 0)
(0.2914285714 0.1125925926 0)
(0.3157142857 0.1125925926 0)
(0.34 0.1125925926 0)
(0 0.1185185185 0)
(0.02428571429 0.1185185185 0)
(0.04857142857 0.1185185185 0)
(0.07285714286 0.1185185185 0)
(0.09714285714 0.1185185185 0)
(0.1214285714 0.1185185185 0)
(0.1457142857 0.1185185185 0)
(0.17 0.1185185185 0)
(0.1942857143 0.1185185185 0)
(0.2185714286 0.1185185185 0)
(0.2428571429 0.1185185185 0)
(0.2671428571 0.1185185185 0)
(0.2914285714 0.1185185185 0)
(0.3157142857 0.1185185185 0)
(0.34 0.1185185185 0)
(0 0.1244444444 0)
(0.02428571429 0.1244444444 0)
(0.04857142857 0.1244444444 0)
(0.07285714286 0.1244444444 0)
(0.09714285714 0.1244444444 0)
(0.1214285714 0.1244444444 0)
(0.1457142857 0.1244444444 0)
(0.17 0.1244444444 0)
(0.1942857143 0.1244444444 0)
(0.2185714286 0.1244444444 0)
(0.2428571429 0.1244444444 0)
(0.2671428571 0.1244444444 0)
(0.2914285714 0.1244444444 0)
(0.3157142857 0.1244444444 0)
(0.34 0.1244444444 0)
(0 0.1303703704 0)
(0.02428571429 0.1303703704 0)
(0.04857142857 0.1303703704 0)
(0.07285714286 0.1303703704 0)
(0.09714285714 0.1303703704 0)
(0.1214285714 0.1303703704 0)
(0.1457142857 0.1303703704 0)
(0.17 0.1303703704 0)
(0.1942857143 0.1303703704 0)
(0.2185714286 0.1303703704 0)
(0.2428571429 0.1303703704 0)
(0.2671428571 0.1303703704 0)
(0.2914285714 0.1303703704 0)
(0.3157142857 0.1303703704 0)
(0.34 0.1303703704 0)
(0 0.1362962963 0)
(0.02428571429 0.1362962963 0)
(0.04857142857 0.1362962963 0)
(0.07285714286 0.1362962963 0)
(0.09714285714 0.1362962963 0)
(0.1214285714 0.1362962963 0)
(0.1457142857 0.1362962963 0)
(0.17 0.1362962963 0)
(0.1942857143 0.1362962963 0)
(0.2185714286 0.1362962963 0)
(0.2428571429 0.1362962963 0)
(0.2671428571 0.1362962963 0)
(0.2914285714 0.1362962963 0)
(0.3157142857 0.1362962963 0)
(0.34 0.1362962963 0)
(0 0.1422222222 0)
(0.02428571429 0.1422222222 0)
(0.04857142857 0.1422222222 0)
(0.07285714286 0.1422222222 0)
(0.09714285714 0.1422222222 0)
(0.1214285714 0.1422222222 0)
(0.1457142857 0.1422222222 0)
(0.17 0.1422222222 0)
(0.1942857143 0.1422222222 0)
(0.2185714286 0.1422222222 0)
(0.2428571429 0.1422222222 0)
(0.2671428571 0.1422222222 0)
(0.2914285714 0.1422222222 0)
(0.3157142857 0.1422222222 0)
(0.34 0.1422222222 0)
(0 0.1481481481 0)
(0.02428571429 0.1481481481 0)
(0.04857142857 0.1481481481 0)
(0.07285714286 0.1481481481 0)
(0.09714285714 0.1481481481 0)
(0.1214285714 0.1481481481 0)
(0.1457142857 0.1481481481 0)
(0.17 0.1481481481 0)
(0.1942857143 0.1481481481 0)
(0.2185714286 0.1481481481 0)
(0.2428571429 0.1481481481 0)
(0.2671428571 0.1481481481 0)
(0.2914285714 0.1481481481 0)
(0.3157142857 0.1481481481 0)
(0.34 0.1481481481 0)
(0 0.1540740741 0)
(0.02428571429 0.1540740741 0)
(0.04857142857 0.1540740741 0)
(0.07285714286 0.1540740741 0)
(0.09714285714 0.1540740741 0)
(0.1214285714 0.1540740741 0)
(0.1457142857 0.1540740741 0)
(0.17 0.1540740741 0)
(0.1942857143 0.1540740741 0)
(0.2185714286 0.1540740741 0)
(0.2428571429 0.1540740741 0)
(0.2671428571 0.1540740741 0)
(0.2914285714 0.1540740741 0)
(0.3157142857 0.1540740741 0)
(0.34 0.1540740741 0)
(0 0.16 0)
(0.02428571429 0.16 0)
(0.04857142857 0.16 0)
(0.07285714286 0.16 0)
(0.09714285714 0.16 0)
(0.1214285714 0.16 0)
(0.1457142857 0.16 0)
(0.17 0.16 0)
(0.1942857143 0.16 0)
(0.2185714286 0.16 0)
(0.2428571429 0.16 0)
(0.2671428571 0.16 0)
(0.2914285714 0.16 0)
(0.3157142857 0.16 0)
(0.34 0.16 0)
(0 0 0.05)
(0.02428571429 0 0.05)
(0.04857142857 0 0.05)
(0.07285714286 0 0.05)
(0.09714285714 0 0.05)
(0.1214285714 0 0.05)
(0.1457142857 0 0.05)
(0.17 0 0.05)
(0.1942857143 0 0.05)
(0.2185714286 0 0.05)
(0.2428571429 0 0.05)
(0.2671428571 0 0.05)
(0.2914285714 0 0.05)
(0.3157142857 0 0.05)
(0.34 0 0.05)
(0 0.005925925926 0.05)
(0.02428571429 0.005925925926 0.05)
(0.04857142857 0.005925925926 0.05)
(0.07285714286 0.005925925926 0.05)
(0.09714285714 0.005925925926 0.05)
(0.1214285714 0.005925925926 0.05)
(0.1457142857 0.005925925926 0.05)
(0.17 0.005925925926 0.05)
(0.1942857143 0.005925925926 0.05)
(0.2185714286 0.005925925926 0.05)
(0.2428571429 0.005925925926 0.05)
(0.2671428571 0.005925925926 0.05)
(0.2914285714 0.005925925926 0.05)
(0.3157142857 0.005925925926 0.05)
(0.34 0.005925925926 0.05)
(0 0.01185185185 0.05)
(0.02428571429 0.01185185185 0.05)
(0.04857142857 0.01185185185 0.05)
(0.07285714286 0.01185185185 0.05)
(0.09714285714 0.01185185185 0.05)
(0.1214285714 0.01185185185 0.05)
(0.1457142857 0.01185185185 0.05)
(0.17 0.01185185185 0.05)
(0.1942857143 0.01185185185 0.05)
(0.2185714286 0.01185185185 0.05)
(0.2428571429 0.01185185185 0.05)
(0.2671428571 0.01185185185 0.05)
(0.2914285714 0.01185185185 0.05)
(0.3157142857 0.01185185185 0.05)
(0.34 0.01185185185 0.05)
(0 0.01777777778 0.05)
(0.02428571429 0.01777777778 0.05)
(0.04857142857 0.01777777778 0.05)
(0.07285714286 0.01777777778 0.05)
(0.09714285714 0.01777777778 0.05)
(0.1214285714 0.01777777778 0.05)
(0.1457142857 0.01777777778 0.05)
(0.17 0.01777777778 0.05)
(0.1942857143 0.01777777778 0.05)
(0.2185714286 0.01777777778 0.05)
(0.2428571429 0.01777777778 0.05)
(0.2671428571 0.01777777778 0.05)
(0.2914285714 0.01777777778 0.05)
(0.3157142857 0.01777777778 0.05)
(0.34 0.01777777778 0.05)
(0 0.0237037037 0.05)
(0.02428571429 0.0237037037 0.05)
(0.04857142857 0.0237037037 0.05)
(0.07285714286 0.0237037037 0.05)
(0.09714285714 0.0237037037 0.05)
(0.1214285714 0.0237037037 0.05)
(0.1457142857 0.0237037037 0.05)
(0.17 0.0237037037 0.05)
(0.1942857143 0.0237037037 0.05)
(0.2185714286 0.0237037037 0.05)
(0.2428571429 0.0237037037 0.05)
(0.2671428571 0.0237037037 0.05)
(0.2914285714 0.0237037037 0.05)
(0.3157142857 0.0237037037 0.05)
(0.34 0.0237037037 0.05)
(0 0.02962962963 0.05)
(0.02428571429 0.02962962963 0.05)
(0.04857142857 0.02962962963 0.05)
(0.07285714286 0.02962962963 0.05)
(0.09714285714 0.02962962963 0.05)
(0.1214285714 0.02962962963 0.05)
(0.1457142857 0.02962962963 0.05)
(0.17 0.02962962963 0.05)
(0.1942857143 0.02962962963 0.05)
(0.2185714286 0.02962962963 0.05)
(0.2428571429 0.02962962963 0.05)
(0.2671428571 0.02962962963 0.05)
(0.2914285714 0.02962962963 0.05)
(0.3157142857 0.02962962963 0.05)
(0.34 0.02962962963 0.05)
(0 0.03555555556 0.05)
(0.02428571429 0.03555555556 0.05)
(0.04857142857 0.03555555556 0.05)
(0.07285714286 0.03555555556 0.05)
(0.09714285714 0.03555555556 0.05)
(0.1214285714 0.03555555556 0.05)
(0.1457142857 0.03555555556 0.05)
(0.17 0.03555555556 0.05)
(0.1942857143 0.03555555556 0.05)
(0.2185714286 0.03555555556 0.05)
(0.2428571429 0.03555555556 0.05)
(0.2671428571 0.03555555556 0.05)
(0.2914285714 0.03555555556 0.05)
(0.3157142857 0.03555555556 0.05)
(0.34 0.03555555556 0.05)
(0 0.04148148148 0.05)
(0.02428571429 0.04148148148 0.05)
(0.04857142857 0.04148148148 0.05)
(0.07285714286 0.04148148148 0.05)
(0.09714285714 0.04148148148 0.05)
(0.1214285714 0.04148148148 0.05)
(0.1457142857 0.04148148148 0.05)
(0.17 0.04148148148 0.05)
(0.1942857143 0.04148148148 0.05)
(0.2185714286 0.04148148148 0.05)
(0.2428571429 0.04148148148 0.05)
(0.2671428571 0.04148148148 0.05)
(0.2914285714 0.04148148148 0.05)
(0.3157142857 0.04148148148 0.05)
(0.34 0.04148148148 0.05)
(0 0.04740740741 0.05)
(0.02428571429 0.04740740741 0.05)
(0.04857142857 0.04740740741 0.05)
(0.07285714286 0.04740740741 0.05)
(0.09714285714 0.04740740741 0.05)
(0.1214285714 0.04740740741 0.05)
(0.1457142857 0.04740740741 0.05)
(0.17 0.04740740741 0.05)
(0.1942857143 0.04740740741 0.05)
(0.2185714286 0.04740740741 0.05)
(0.2428571429 0.04740740741 0.05)
(0.2671428571 0.04740740741 0.05)
(0.2914285714 0.04740740741 0.05)
(0.3157142857 0.04740740741 0.05)
(0.34 0.04740740741 0.05)
(0 0.05333333333 0.05)
(0.02428571429 0.05333333333 0.05)
(0.04857142857 0.05333333333 0.05)
(0.07285714286 0.05333333333 0.05)
(0.09714285714 0.05333333333 0.05)
(0.1214285714 0.05333333333 0.05)
(0.1457142857 0.05333333333 0.05)
(0.17 0.05333333333 0.05)
(0.1942857143 0.05333333333 0.05)
(0.2185714286 0.05333333333 0.05)
(0.2428571429 0.05333333333 0.05)
(0.2671428571 0.05333333333 0.05)
(0.2914285714 0.05333333333 0.05)
(0.3157142857 0.05333333333 0.05)
(0.34 0.05333333333 0.05)
(0 0.05925925926 0.05)
(0.02428571429 0.05925925926 0.05)
(0.04857142857 0.05925925926 0.05)
(0.07285714286 0.05925925926 0.05)
(0.09714285714 0.05925925926 0.05)
(0.1214285714 0.05925925926 0.05)
(0.1457142857 0.05925925926 0.05)
(0.17 0.05925925926 0.05)
(0.1942857143 0.05925925926 0.05)
(0.2185714286 0.05925925926 0.05)
(0.2428571429 0.05925925926 0.05)
(0.2671428571 0.05925925926 0.05)
(0.2914285714 0.05925925926 0.05)
(0.3157142857 0.05925925926 0.05)
(0.34 0.05925925926 0.05)
(0 0.06518518519 0.05)
(0.02428571429 0.06518518519 0.05)
(0.04857142857 0.06518518519 0.05)
(0.07285714286 0.06518518519 0.05)
(0.09714285714 0.06518518519 0.05)
(0.1214285714 0.06518518519 0.05)
(0.1457142857 0.06518518519 0.05)
(0.17 0.06518518519 0.05)
(0.1942857143 0.06518518519 0.05)
(0.2185714286 0.06518518519 0.05)
(0.2428571429 0.06518518519 0.05)
(0.2671428571 0.06518518519 0.05)
(0.2914285714 0.06518518519 0.05)
(0.3157142857 0.06518518519 0.05)
(0.34 0.06518518519 0.05)
(0 0.07111111111 0.05)
(0.02428571429 0.07111111111 0.05)
(0.04857142857 0.07111111111 0.05)
(0.07285714286 0.07111111111 0.05)
(0.09714285714 0.07111111111 0.05)
(0.1214285714 0.07111111111 0.05)
(0.1457142857 0.07111111111 0.05)
(0.17 0.07111111111 0.05)
(0.1942857143 0.07111111111 0.05)
(0.2185714286 0.07111111111 0.05)
(0.2428571429 0.07111111111 0.05)
(0.2671428571 0.07111111111 0.05)
(0.2914285714 0.07111111111 0.05)
(0.3157142857 0.07111111111 0.05)
(0.34 0.07111111111 0.05)
(0 0.07703703704 0.05)
(0.02428571429 0.07703703704 0.05)
(0.04857142857 0.07703703704 0.05)
(0.07285714286 0.07703703704 0.05)
(0.09714285714 0.07703703704 0.05)
(0.1214285714 0.07703703704 0.05)
(0.1457142857 0.07703703704 0.05)
(0.17 0.07703703704 0.05)
(0.1942857143 0.07703703704 0.05)
(0.2185714286 0.07703703704 0.05)
(0.2428571429 0.07703703704 0.05)
(0.2671428571 0.07703703704 0.05)
(0.2914285714 0.07703703704 0.05)
(0.3157142857 0.07703703704 0.05)
(0.34 0.07703703704 0.05)
(0 0.08296296296 0.05)
(0.02428571429 0.08296296296 0.05)
(0.04857142857 0.08296296296 0.05)
(0.07285714286 0.08296296296 0.05)
(0.09714285714 0.08296296296 0.05)
(0.1214285714 0.08296296296 0.05)
(0.1457142857 0.08296296296 0.05)
(0.17 0.08296296296 0.05)
(0.1942857143 0.08296296296 0.05)
(0.2185714286 0.08296296296 0.05)
(0.2428571429 0.08296296296 0.05)
(0.2671428571 0.08296296296 0.05)
(0.2914285714 0.08296296296 0.05)
(0.3157142857 0.08296296296 0.05)
(0.34 0.08296296296 0.05)
(0 0.08888888889 0.05)
(0.02428571429 0.08888888889 0.05)
(0.04857142857 0.08888888889 0.05)
(0.07285714286 0.08888888889 0.05)
(0.09714285714 0.08888888889 0.05)
(0.1214285714 0.08888888889 0.05)
(0.1457142857 0.08888888889 0.05)
(0.17 0.08888888889 0.05)
(0.1942857143 0.08888888889 0.05)
(0.2185714286 0.08888888889 0.05)
(0.2428571429 0.08888888889 0.05)
(0.2671428571 0.08888888889 0.05)
(0.2914285714 0.08888888889 0.05)
(0.3157142857 0.08888888889 0.05)
(0.34 0.08888888889 0.05)
(0 0.09481481481 0.05)
(0.02428571429 0.09481481481 0.05)
(0.04857142857 0.09481481481 0.05)
(0.07285714286 0.09481481481 0.05)
(0.09714285714 0.09481481481 0.05)
(0.1214285714 0.09481481481 0.05)
(0.1457142857 0.09481481481 0.05)
(0.17 0.09481481481 0.05)
(0.1942857143 0.09481481481 0.05)
(0.2185714286 0.09481481481 0.05)
(0.2428571429 0.09481481481 0.05)
(0.2671428571 0.09481481481 0.05)
(0.2914285714 0.09481481481 0.05)
(0.3157142857 0.09481481481 0.05)
(0.34 0.09481481481 0.05)
(0 0.1007407407 0.05)
(0.02428571429 0.1007407407 0.05)
(0.04857142857 0.1007407407 0.05)
(0.07285714286 0.1007407407 0.05)
(0.09714285714 0.1007407407 0.05)
(0.1214285714 0.1007407407 0.05)
(0.1457142857 0.1007407407 0.05)
(0.17 0.1007407407 0.05)
(0.1942857143 0.1007407407 0.05)
(0.2185714286 0.1007407407 0.05)
(0.2428571429 0.1007407407 0.05)
(0.2671428571 0.1007407407 0.05)
(0.2914285714 0.1007407407 0.05)
(0.3157142857 0.1007407407 0.05)
(0.34 0.1007407407 0.05)
(0 0.1066666667 0.05)
(0.02428571429 0.1066666667 0.05)
(0.04857142857 0.1066666667 0.05)
(0.07285714286 0.1066666667 0.05)
(0.09714285714 0.1066666667 0.05)
(0.1214285714 0.1066666667 0.05)
(0.1457142857 0.1066666667 0.05)
(0.17 0.1066666667 0.05)
(0.1942857143 0.1066666667 0.05)
(0.2185714286 0.1066666667 0.05)
(0.2428571429 0.1066666667 0.05)
(0.2671428571 0.1066666667 0.05)
(0.2914285714 0.1066666667 0.05)
(0.3157142857 0.1066666667 0.05)
(0.34 0.1066666667 0.05)
(0 0.1125925926 0.05)
(0.02428571429 0.1125925926 0.05)
(0.04857142857 0.1125925926 0.05)
(0.07285714286 0.1125925926 0.05)
(0.09714285714 0.1125925926 0.05)
(0.1214285714 0.1125925926 0.05)
(0.1457142857 0.1125925926 0.05)
(0.17 0.1125925926 0.05)
(0.1942857143 0.1125925926 0.05)
(0.2185714286 0.1125925926 0.05)
(0.2428571429 0.1125925926 0.05)
(0.2671428571 0.1125925926 0.05)
(0.2914285714 0.1125925926 0.05)
(0.3157142857 0.1125925926 0.05)
(0.34 0.1125925926 0.05)
(0 0.1185185185 0.05)
(0.02428571429 0.1185185185 0.05)
(0.04857142857 0.1185185185 0.05)
(0.07285714286 0.1185185185 0.05)
(0.09714285714 0.1185185185 0.05)
(0.1214285714 0.1185185185 0.05)
(0.1457142857 0.1185185185 0.05)
(0.17 0.1185185185 0.05)
(0.1942857143 0.1185185185 0.05)
(0.2185714286 0.1185185185 0.05)
(0.2428571429 0.1185185185 0.05)
(0.2671428571 0.1185185185 0.05)
(0.2914285714 0.1185185185 0.05)
(0.3157142857 0.1185185185 0.05)
(0.34 0.1185185185 0.05)
(0 0.1244444444 0.05)
(0.02428571429 0.1244444444 0.05)
(0.04857142857 0.1244444444 0.05)
(0.07285714286 0.1244444444 0.05)
(0.09714285714 0.1244444444 0.05)
(0.1214285714 0.1244444444 0.05)
(0.1457142857 0.1244444444 0.05)
(0.17 0.1244444444 0.05)
(0.1942857143 0.1244444444 0.05)
(0.2185714286 0.1244444444 0.05)
(0.2428571429 0.1244444444 0.05)
(0.2671428571 0.1244444444 0.05)
(0.2914285714 0.1244444444 0.05)
(0.3157142857 0.1244444444 0.05)
(0.34 0.1244444444 0.05)
(0 0.1303703704 0.05)
(0.02428571429 0.1303703704 0.05)
(0.04857142857 0.1303703704 0.05)
(0.07285714286 0.1303703704 0.05)
(0.09714285714 0.1303703704 0.05)
(0.1214285714 0.1303703704 0.05)
(0.1457142857 0.1303703704 0.05)
(0.17 0.1303703704 0.05)
(0.1942857143 0.1303703704 0.05)
(0.2185714286 0.1303703704 0.05)
(0.2428571429 0.1303703704 0.05)
(0.2671428571 0.1303703704 0.05)
(0.2914285714 0.1303703704 0.05)
(0.3157142857 0.1303703704 0.05)
(0.34 0.1303703704 0.05)
(0 0.1362962963 0.05)
(0.02428571429 0.1362962963 0.05)
(0.04857142857 0.1362962963 0.05)
(0.07285714286 0.1362962963 0.05)
(0.09714285714 0.1362962963 0.05)
(0.1214285714 0.1362962963 0.05)
(0.1457142857 0.1362962963 0.05)
(0.17 0.1362962963 0.05)
(0.1942857143 0.1362962963 0.05)
(0.2185714286 0.1362962963 0.05)
(0.2428571429 0.1362962963 0.05)
(0.2671428571 0.1362962963 0.05)
(0.2914285714 0.1362962963 0.05)
(0.3157142857 0.1362962963 0.05)
(0.34 0.1362962963 0.05)
(0 0.1422222222 0.05)
(0.02428571429 0.1422222222 0.05)
(0.04857142857 0.1422222222 0.05)
(0.07285714286 0.1422222222 0.05)
(0.09714285714 0.1422222222 0.05)
(0.1214285714 0.1422222222 0.05)
(0.1457142857 0.1422222222 0.05)
(0.17 0.1422222222 0.05)
(0.1942857143 0.1422222222 0.05)
(0.2185714286 0.1422222222 0.05)
(0.2428571429 0.1422222222 0.05)
(0.2671428571 0.1422222222 0.05)
(0.2914285714 0.1422222222 0.05)
(0.3157142857 0.1422222222 0.05)
(0.34 0.1422222222 0.05)
(0 0.1481481481 0.05)
(0.02428571429 0.1481481481 0.05)
(0.04857142857 0.1481481481 0.05)
(0.07285714286 0.1481481481 0.05)
(0.09714285714 0.1481481481 0.05)
(0.1214285714 0.1481481481 0.05)
(0.1457142857 0.1481481481 0.05)
(0.17 0.1481481481 0.05)
(0.1942857143 0.1481481481 0.05)
(0.2185714286 0.1481481481 0.05)
(0.2428571429 0.1481481481 0.05)
(0.2671428571 0.1481481481 0.05)
(0.2914285714 0.1481481481 0.05)
(0.3157142857 0.1481481481 0.05)
(0.34 0.1481481481 0.05)
(0 0.1540740741 0.05)
(0.02428571429 0.1540740741 0.05)
(0.04857142857 0.1540740741 0.05)
(0.07285714286 0.1540740741 0.05)
(0.09714285714 0.1540740741 0.05)
(0.1214285714 0.1540740741 0.05)
(0.1457142857 0.1540740741 0.05)
(0.17 0.1540740741 0.05)
(0.1942857143 0.1540740741 0.05)
(0.2185714286 0.1540740741 0.05)
(0.2428571429 0.1540740741 0.05)
(0.2671428571 0.1540740741 0.05)
(0.2914285714 0.1540740741 0.05)
(0.3157142857 0.1540740741 0.05)
(0.34 0.1540740741 0.05)
(0 0.16 0.05)
(0.02428571429 0.16 0.05)
(0.04857142857 0.16 0.05)
(0.07285714286 0.16 0.05)
(0.09714285714 0.16 0.05)
(0.1214285714 0.16 0.05)
(0.1457142857 0.16 0.05)
(0.17 0.16 0.05)
(0.1942857143 0.16 0.05)
(0.2185714286 0.16 0.05)
(0.2428571429 0.16 0.05)
(0.2671428571 0.16 0.05)
(0.2914285714 0.16 0.05)
(0.3157142857 0.16 0.05)
(0.34 0.16 0.05)
(0.3645244444 9.583333333e-05 0)
(0.3890488889 0.0001916666667 0)
(0.4135733333 0.0002875 0)
(0.4380977778 0.0003833333333 0)
(0.4626222222 0.0004791666667 0)
(0.4871466667 0.000575 0)
(0.5116711111 0.0006708333333 0)
(0.5361955556 0.0007666666667 0)
(0.56072 0.0008625 0)
(0.5852444444 0.0009583333333 0)
(0.6097688889 0.001054166667 0)
(0.6342933333 0.00115 0)
(0.6588177778 0.001245833333 0)
(0.6833422222 0.001341666667 0)
(0.7078666667 0.0014375 0)
(0.7323911111 0.001533333333 0)
(0.7569155556 0.001629166667 0)
(0.78144 0.001725 0)
(0.3645244444 0.006018209877 0)
(0.3890488889 0.006110493827 0)
(0.4135733333 0.006202777778 0)
(0.4380977778 0.006295061728 0)
(0.4626222222 0.006387345679 0)
(0.4871466667 0.00647962963 0)
(0.5116711111 0.00657191358 0)
(0.5361955556 0.006664197531 0)
(0.56072 0.006756481481 0)
(0.5852444444 0.006848765432 0)
(0.6097688889 0.006941049383 0)
(0.6342933333 0.007033333333 0)
(0.6588177778 0.007125617284 0)
(0.6833422222 0.007217901235 0)
(0.7078666667 0.007310185185 0)
(0.7323911111 0.007402469136 0)
(0.7569155556 0.007494753086 0)
(0.78144 0.007587037037 0)
(0.3645244444 0.01194058642 0)
(0.3890488889 0.01202932099 0)
(0.4135733333 0.01211805556 0)
(0.4380977778 0.01220679012 0)
(0.4626222222 0.01229552469 0)
(0.4871466667 0.01238425926 0)
(0.5116711111 0.01247299383 0)
(0.5361955556 0.0125617284 0)
(0.56072 0.01265046296 0)
(0.5852444444 0.01273919753 0)
(0.6097688889 0.0128279321 0)
(0.6342933333 0.01291666667 0)
(0.6588177778 0.01300540123 0)
(0.6833422222 0.0130941358 0)
(0.7078666667 0.01318287037 0)
(0.7323911111 0.01327160494 0)
(0.7569155556 0.01336033951 0)
(0.78144 0.01344907407 0)
(0.3645244444 0.01786296296 0)
(0.3890488889 0.01794814815 0)
(0.4135733333 0.01803333333 0)
(0.4380977778 0.01811851852 0)
(0.4626222222 0.0182037037 0)
(0.4871466667 0.01828888889 0)
(0.5116711111 0.01837407407 0)
(0.5361955556 0.01845925926 0)
(0.56072 0.01854444444 0)
(0.5852444444 0.01862962963 0)
(0.6097688889 0.01871481481 0)
(0.6342933333 0.0188 0)
(0.6588177778 0.01888518519 0)
(0.6833422222 0.01897037037 0)
(0.7078666667 0.01905555556 0)
(0.7323911111 0.01914074074 0)
(0.7569155556 0.01922592593 0)
(0.78144 0.01931111111 0)
(0.3645244444 0.02378533951 0)
(0.3890488889 0.02386697531 0)
(0.4135733333 0.02394861111 0)
(0.4380977778 0.02403024691 0)
(0.4626222222 0.02411188272 0)
(0.4871466667 0.02419351852 0)
(0.5116711111 0.02427515432 0)
(0.5361955556 0.02435679012 0)
(0.56072 0.02443842593 0)
(0.5852444444 0.02452006173 0)
(0.6097688889 0.02460169753 0)
(0.6342933333 0.02468333333 0)
(0.6588177778 0.02476496914 0)
(0.6833422222 0.02484660494 0)
(0.7078666667 0.02492824074 0)
(0.7323911111 0.02500987654 0)
(0.7569155556 0.02509151235 0)
(0.78144 0.02517314815 0)
(0.3645244444 0.02970771605 0)
(0.3890488889 0.02978580247 0)
(0.4135733333 0.02986388889 0)
(0.4380977778 0.02994197531 0)
(0.4626222222 0.03002006173 0)
(0.4871466667 0.03009814815 0)
(0.5116711111 0.03017623457 0)
(0.5361955556 0.03025432099 0)
(0.56072 0.03033240741 0)
(0.5852444444 0.03041049383 0)
(0.6097688889 0.03048858025 0)
(0.6342933333 0.03056666667 0)
(0.6588177778 0.03064475309 0)
(0.6833422222 0.03072283951 0)
(0.7078666667 0.03080092593 0)
(0.7323911111 0.03087901235 0)
(0.7569155556 0.03095709877 0)
(0.78144 0.03103518519 0)
(0.3645244444 0.03563009259 0)
(0.3890488889 0.03570462963 0)
(0.4135733333 0.03577916667 0)
(0.4380977778 0.0358537037 0)
(0.4626222222 0.03592824074 0)
(0.4871466667 0.03600277778 0)
(0.5116711111 0.03607731481 0)
(0.5361955556 0.03615185185 0)
(0.56072 0.03622638889 0)
(0.5852444444 0.03630092593 0)
(0.6097688889 0.03637546296 0)
(0.6342933333 0.03645 0)
(0.6588177778 0.03652453704 0)
(0.6833422222 0.03659907407 0)
(0.7078666667 0.03667361111 0)
(0.7323911111 0.03674814815 0)
(0.7569155556 0.03682268519 0)
(0.78144 0.03689722222 0)
(0.3645244444 0.04155246914 0)
(0.3890488889 0.04162345679 0)
(0.4135733333 0.04169444444 0)
(0.4380977778 0.0417654321 0)
(0.4626222222 0.04183641975 0)
(0.4871466667 0.04190740741 0)
(0.5116711111 0.04197839506 0)
(0.5361955556 0.04204938272 0)
(0.56072 0.04212037037 0)
(0.5852444444 0.04219135802 0)
(0.6097688889 0.04226234568 0)
(0.6342933333 0.04233333333 0)
(0.6588177778 0.04240432099 0)
(0.6833422222 0.04247530864 0)
(0.7078666667 0.0425462963 0)
(0.7323911111 0.04261728395 0)
(0.7569155556 0.0426882716 0)
(0.78144 0.04275925926 0)
(0.3645244444 0.04747484568 0)
(0.3890488889 0.04754228395 0)
(0.4135733333 0.04760972222 0)
(0.4380977778 0.04767716049 0)
(0.4626222222 0.04774459877 0)
(0.4871466667 0.04781203704 0)
(0.5116711111 0.04787947531 0)
(0.5361955556 0.04794691358 0)
(0.56072 0.04801435185 0)
(0.5852444444 0.04808179012 0)
(0.6097688889 0.0481492284 0)
(0.6342933333 0.04821666667 0)
(0.6588177778 0.04828410494 0)
(0.6833422222 0.04835154321 0)
(0.7078666667 0.04841898148 0)
(0.7323911111 0.04848641975 0)
(0.7569155556 0.04855385802 0)
(0.78144 0.0486212963 0)
(0.3645244444 0.05339722222 0)
(0.3890488889 0.05346111111 0)
(0.4135733333 0.053525 0)
(0.4380977778 0.05358888889 0)
(0.4626222222 0.05365277778 0)
(0.4871466667 0.05371666667 0)
(0.5116711111 0.05378055556 0)
(0.5361955556 0.05384444444 0)
(0.56072 0.05390833333 0)
(0.5852444444 0.05397222222 0)
(0.6097688889 0.05403611111 0)
(0.6342933333 0.0541 0)
(0.6588177778 0.05416388889 0)
(0.6833422222 0.05422777778 0)
(0.7078666667 0.05429166667 0)
(0.7323911111 0.05435555556 0)
(0.7569155556 0.05441944444 0)
(0.78144 0.05448333333 0)
(0.3645244444 0.05931959877 0)
(0.3890488889 0.05937993827 0)
(0.4135733333 0.05944027778 0)
(0.4380977778 0.05950061728 0)
(0.4626222222 0.05956095679 0)
(0.4871466667 0.0596212963 0)
(0.5116711111 0.0596816358 0)
(0.5361955556 0.05974197531 0)
(0.56072 0.05980231481 0)
(0.5852444444 0.05986265432 0)
(0.6097688889 0.05992299383 0)
(0.6342933333 0.05998333333 0)
(0.6588177778 0.06004367284 0)
(0.6833422222 0.06010401235 0)
(0.7078666667 0.06016435185 0)
(0.7323911111 0.06022469136 0)
(0.7569155556 0.06028503086 0)
(0.78144 0.06034537037 0)
(0.3645244444 0.06524197531 0)
(0.3890488889 0.06529876543 0)
(0.4135733333 0.06535555556 0)
(0.4380977778 0.06541234568 0)
(0.4626222222 0.0654691358 0)
(0.4871466667 0.06552592593 0)
(0.5116711111 0.06558271605 0)
(0.5361955556 0.06563950617 0)
(0.56072 0.0656962963 0)
(0.5852444444 0.06575308642 0)
(0.6097688889 0.06580987654 0)
(0.6342933333 0.06586666667 0)
(0.6588177778 0.06592345679 0)
(0.6833422222 0.06598024691 0)
(0.7078666667 0.06603703704 0)
(0.7323911111 0.06609382716 0)
(0.7569155556 0.06615061728 0)
(0.78144 0.06620740741 0)
(0.3645244444 0.07116435185 0)
(0.3890488889 0.07121759259 0)
(0.4135733333 0.07127083333 0)
(0.4380977778 0.07132407407 0)
(0.4626222222 0.07137731481 0)
(0.4871466667 0.07143055556 0)
(0.5116711111 0.0714837963 0)
(0.5361955556 0.07153703704 0)
(0.56072 0.07159027778 0)
(0.5852444444 0.07164351852 0)
(0.6097688889 0.07169675926 0)
(0.6342933333 0.07175 0)
(0.6588177778 0.07180324074 0)
(0.6833422222 0.07185648148 0)
(0.7078666667 0.07190972222 0)
(0.7323911111 0.07196296296 0)
(0.7569155556 0.0720162037 0)
(0.78144 0.07206944444 0)
(0.3645244444 0.0770867284 0)
(0.3890488889 0.07713641975 0)
(0.4135733333 0.07718611111 0)
(0.4380977778 0.07723580247 0)
(0.4626222222 0.07728549383 0)
(0.4871466667 0.07733518519 0)
(0.5116711111 0.07738487654 0)
(0.5361955556 0.0774345679 0)
(0.56072 0.07748425926 0)
(0.5852444444 0.07753395062 0)
(0.6097688889 0.07758364198 0)
(0.6342933333 0.07763333333 0)
(0.6588177778 0.07768302469 0)
(0.6833422222 0.07773271605 0)
(0.7078666667 0.07778240741 0)
(0.7323911111 0.07783209877 0)
(0.7569155556 0.07788179012 0)
(0.78144 0.07793148148 0)
(0.3645244444 0.08300910494 0)
(0.3890488889 0.08305524691 0)
(0.4135733333 0.08310138889 0)
(0.4380977778 0.08314753086 0)
(0.4626222222 0.08319367284 0)
(0.4871466667 0.08323981481 0)
(0.5116711111 0.08328595679 0)
(0.5361955556 0.08333209877 0)
(0.56072 0.08337824074 0)
(0.5852444444 0.08342438272 0)
(0.6097688889 0.08347052469 0)
(0.6342933333 0.08351666667 0)
(0.6588177778 0.08356280864 0)
(0.6833422222 0.08360895062 0)
(0.7078666667 0.08365509259 0)
(0.7323911111 0.08370123457 0)
(0.7569155556 0.08374737654 0)
(0.78144 0.08379351852 0)
(0.3645244444 0.08893148148 0)
(0.3890488889 0.08897407407 0)
(0.4135733333 0.08901666667 0)
(0.4380977778 0.08905925926 0)
(0.4626222222 0.08910185185 0)
(0.4871466667 0.08914444444 0)
(0.5116711111 0.08918703704 0)
(0.5361955556 0.08922962963 0)
(0.56072 0.08927222222 0)
(0.5852444444 0.08931481481 0)
(0.6097688889 0.08935740741 0)
(0.6342933333 0.0894 0)
(0.6588177778 0.08944259259 0)
(0.6833422222 0.08948518519 0)
(0.7078666667 0.08952777778 0)
(0.7323911111 0.08957037037 0)
(0.7569155556 0.08961296296 0)
(0.78144 0.08965555556 0)
(0.3645244444 0.09485385802 0)
(0.3890488889 0.09489290123 0)
(0.4135733333 0.09493194444 0)
(0.4380977778 0.09497098765 0)
(0.4626222222 0.09501003086 0)
(0.4871466667 0.09504907407 0)
(0.5116711111 0.09508811728 0)
(0.5361955556 0.09512716049 0)
(0.56072 0.0951662037 0)
(0.5852444444 0.09520524691 0)
(0.6097688889 0.09524429012 0)
(0.6342933333 0.09528333333 0)
(0.6588177778 0.09532237654 0)
(0.6833422222 0.09536141975 0)
(0.7078666667 0.09540046296 0)
(0.7323911111 0.09543950617 0)
(0.7569155556 0.09547854938 0)
(0.78144 0.09551759259 0)
(0.3645244444 0.1007762346 0)
(0.3890488889 0.1008117284 0)
(0.4135733333 0.1008472222 0)
(0.4380977778 0.100882716 0)
(0.4626222222 0.1009182099 0)
(0.4871466667 0.1009537037 0)
(0.5116711111 0.1009891975 0)
(0.5361955556 0.1010246914 0)
(0.56072 0.1010601852 0)
(0.5852444444 0.101095679 0)
(0.6097688889 0.1011311728 0)
(0.6342933333 0.1011666667 0)
(0.6588177778 0.1012021605 0)
(0.6833422222 0.1012376543 0)
(0.7078666667 0.1012731481 0)
(0.7323911111 0.101308642 0)
(0.7569155556 0.1013441358 0)
(0.78144 0.1013796296 0)
(0.3645244444 0.1066986111 0)
(0.3890488889 0.1067305556 0)
(0.4135733333 0.1067625 0)
(0.4380977778 0.1067944444 0)
(0.4626222222 0.1068263889 0)
(0.4871466667 0.1068583333 0)
(0.5116711111 0.1068902778 0)
(0.5361955556 0.1069222222 0)
(0.56072 0.1069541667 0)
(0.5852444444 0.1069861111 0)
(0.6097688889 0.1070180556 0)
(0.6342933333 0.10705 0)
(0.6588177778 0.1070819444 0)
(0.6833422222 0.1071138889 0)
(0.7078666667 0.1071458333 0)
(0.7323911111 0.1071777778 0)
(0.7569155556 0.1072097222 0)
(0.78144 0.1072416667 0)
(0.3645244444 0.1126209877 0)
(0.3890488889 0.1126493827 0)
(0.4135733333 0.1126777778 0)
(0.4380977778 0.1127061728 0)
(0.4626222222 0.1127345679 0)
(0.4871466667 0.112762963 0)
(0.5116711111 0.112791358 0)
(0.5361955556 0.1128197531 0)
(0.56072 0.1128481481 0)
(0.5852444444 0.1128765432 0)
(0.6097688889 0.1129049383 0)
(0.6342933333 0.1129333333 0)
(0.6588177778 0.1129617284 0)
(0.6833422222 0.1129901235 0)
(0.7078666667 0.1130185185 0)
(0.7323911111 0.1130469136 0)
(0.7569155556 0.1130753086 0)
(0.78144 0.1131037037 0)
(0.3645244444 0.1185433642 0)
(0.3890488889 0.1185682099 0)
(0.4135733333 0.1185930556 0)
(0.4380977778 0.1186179012 0)
(0.4626222222 0.1186427469 0)
(0.4871466667 0.1186675926 0)
(0.5116711111 0.1186924383 0)
(0.5361955556 0.118717284 0)
(0.56072 0.1187421296 0)
(0.5852444444 0.1187669753 0)
(0.6097688889 0.118791821 0)
(0.6342933333 0.1188166667 0)
(0.6588177778 0.1188415123 0)
(0.6833422222 0.118866358 0)
(0.7078666667 0.1188912037 0)
(0.7323911111 0.1189160494 0)
(0.7569155556 0.1189408951 0)
(0.78144 0.1189657407 0)
(0.3645244444 0.1244657407 0)
(0.3890488889 0.124487037 0)
(0.4135733333 0.1245083333 0)
(0.4380977778 0.1245296296 0)
(0.4626222222 0.1245509259 0)
(0.4871466667 0.1245722222 0)
(0.5116711111 0.1245935185 0)
(0.5361955556 0.1246148148 0)
(0.56072 0.1246361111 0)
(0.5852444444 0.1246574074 0)
(0.6097688889 0.1246787037 0)
(0.6342933333 0.1247 0)
(0.6588177778 0.1247212963 0)
(0.6833422222 0.1247425926 0)
(0.7078666667 0.1247638889 0)
(0.7323911111 0.1247851852 0)
(0.7569155556 0.1248064815 0)
(0.78144 0.1248277778 0)
(0.3645244444 0.1303881173 0)
(0.3890488889 0.1304058642 0)
(0.4135733333 0.1304236111 0)
(0.4380977778 0.130441358 0)
(0.4626222222 0.1304591049 0)
(0.4871466667 0.1304768519 0)
(0.5116711111 0.1304945988 0)
(0.5361955556 0.1305123457 0)
(0.56072 0.1305300926 0)
(0.5852444444 0.1305478395 0)
(0.6097688889 0.1305655864 0)
(0.6342933333 0.1305833333 0)
(0.6588177778 0.1306010802 0)
(0.6833422222 0.1306188272 0)
(0.7078666667 0.1306365741 0)
(0.7323911111 0.130654321 0)
(0.7569155556 0.1306720679 0)
(0.78144 0.1306898148 0)
(0.3645244444 0.1363104938 0)
(0.3890488889 0.1363246914 0)
(0.4135733333 0.1363388889 0)
(0.4380977778 0.1363530864 0)
(0.4626222222 0.136367284 0)
(0.4871466667 0.1363814815 0)
(0.5116711111 0.136395679 0)
(0.5361955556 0.1364098765 0)
(0.56072 0.1364240741 0)
(0.5852444444 0.1364382716 0)
(0.6097688889 0.1364524691 0)
(0.6342933333 0.1364666667 0)
(0.6588177778 0.1364808642 0)
(0.6833422222 0.1364950617 0)
(0.7078666667 0.1365092593 0)
(0.7323911111 0.1365234568 0)
(0.7569155556 0.1365376543 0)
(0.78144 0.1365518519 0)
(0.3645244444 0.1422328704 0)
(0.3890488889 0.1422435185 0)
(0.4135733333 0.1422541667 0)
(0.4380977778 0.1422648148 0)
(0.4626222222 0.142275463 0)
(0.4871466667 0.1422861111 0)
(0.5116711111 0.1422967593 0)
(0.5361955556 0.1423074074 0)
(0.56072 0.1423180556 0)
(0.5852444444 0.1423287037 0)
(0.6097688889 0.1423393519 0)
(0.6342933333 0.14235 0)
(0.6588177778 0.1423606481 0)
(0.6833422222 0.1423712963 0)
(0.7078666667 0.1423819444 0)
(0.7323911111 0.1423925926 0)
(0.7569155556 0.1424032407 0)
(0.78144 0.1424138889 0)
(0.3645244444 0.1481552469 0)
(0.3890488889 0.1481623457 0)
(0.4135733333 0.1481694444 0)
(0.4380977778 0.1481765432 0)
(0.4626222222 0.148183642 0)
(0.4871466667 0.1481907407 0)
(0.5116711111 0.1481978395 0)
(0.5361955556 0.1482049383 0)
(0.56072 0.148212037 0)
(0.5852444444 0.1482191358 0)
(0.6097688889 0.1482262346 0)
(0.6342933333 0.1482333333 0)
(0.6588177778 0.1482404321 0)
(0.6833422222 0.1482475309 0)
(0.7078666667 0.1482546296 0)
(0.7323911111 0.1482617284 0)
(0.7569155556 0.1482688272 0)
(0.78144 0.1482759259 0)
(0.3645244444 0.1540776235 0)
(0.3890488889 0.1540811728 0)
(0.4135733333 0.1540847222 0)
(0.4380977778 0.1540882716 0)
(0.4626222222 0.154091821 0)
(0.4871466667 0.1540953704 0)
(0.5116711111 0.1540989198 0)
(0.5361955556 0.1541024691 0)
(0.56072 0.1541060185 0)
(0.5852444444 0.1541095679 0)
(0.6097688889 0.1541131173 0)
(0.6342933333 0.1541166667 0)
(0.6588177778 0.154120216 0)
(0.6833422222 0.1541237654 0)
(0.7078666667 0.1541273148 0)
(0.7323911111 0.1541308642 0)
(0.7569155556 0.1541344136 0)
(0.78144 0.154137963 0)
(0.3645244444 0.16 0)
(0.3890488889 0.16 0)
(0.4135733333 0.16 0)
(0.4380977778 0.16 0)
(0.4626222222 0.16 0)
(0.4871466667 0.16 0)
(0.5116711111 0.16 0)
(0.5361955556 0.16 0)
(0.56072 0.16 0)
(0.5852444444 0.16 0)
(0.6097688889 0.16 0)
(0.6342933333 0.16 0)
(0.6588177778 0.16 0)
(0.6833422222 0.16 0)
(0.7078666667 0.16 0)
(0.7323911111 0.16 0)
(0.7569155556 0.16 0)
(0.78144 0.16 0)
(0.3645244444 9.583333333e-05 0.05)
(0.3890488889 0.0001916666667 0.05)
(0.4135733333 0.0002875 0.05)
(0.4380977778 0.0003833333333 0.05)
(0.4626222222 0.0004791666667 0.05)
(0.4871466667 0.000575 0.05)
(0.5116711111 0.0006708333333 0.05)
(0.5361955556 0.0007666666667 0.05)
(0.56072 0.0008625 0.05)
(0.5852444444 0.0009583333333 0.05)
(0.6097688889 0.001054166667 0.05)
(0.6342933333 0.00115 0.05)
(0.6588177778 0.001245833333 0.05)
(0.6833422222 0.001341666667 0.05)
(0.7078666667 0.0014375 0.05)
(0.7323911111 0.001533333333 0.05)
(0.7569155556 0.001629166667 0.05)
(0.78144 0.001725 0.05)
(0.3645244444 0.006018209877 0.05)
(0.3890488889 0.006110493827 0.05)
(0.4135733333 0.006202777778 0.05)
(0.4380977778 0.006295061728 0.05)
(0.4626222222 0.006387345679 0.05)
(0.4871466667 0.00647962963 0.05)
(0.5116711111 0.00657191358 0.05)
(0.5361955556 0.006664197531 0.05)
(0.56072 0.006756481481 0.05)
(0.5852444444 0.006848765432 0.05)
(0.6097688889 0.006941049383 0.05)
(0.6342933333 0.007033333333 0.05)
(0.6588177778 0.007125617284 0.05)
(0.6833422222 0.007217901235 0.05)
(0.7078666667 0.007310185185 0.05)
(0.7323911111 0.007402469136 0.05)
(0.7569155556 0.007494753086 0.05)
(0.78144 0.007587037037 0.05)
(0.3645244444 0.01194058642 0.05)
(0.3890488889 0.01202932099 0.05)
(0.4135733333 0.01211805556 0.05)
(0.4380977778 0.01220679012 0.05)
(0.4626222222 0.01229552469 0.05)
(0.4871466667 0.01238425926 0.05)
(0.5116711111 0.01247299383 0.05)
(0.5361955556 0.0125617284 0.05)
(0.56072 0.01265046296 0.05)
(0.5852444444 0.01273919753 0.05)
(0.6097688889 0.0128279321 0.05)
(0.6342933333 0.01291666667 0.05)
(0.6588177778 0.01300540123 0.05)
(0.6833422222 0.0130941358 0.05)
(0.7078666667 0.01318287037 0.05)
(0.7323911111 0.01327160494 0.05)
(0.7569155556 0.01336033951 0.05)
(0.78144 0.01344907407 0.05)
(0.3645244444 0.01786296296 0.05)
(0.3890488889 0.01794814815 0.05)
(0.4135733333 0.01803333333 0.05)
(0.4380977778 0.01811851852 0.05)
(0.4626222222 0.0182037037 0.05)
(0.4871466667 0.01828888889 0.05)
(0.5116711111 0.01837407407 0.05)
(0.5361955556 0.01845925926 0.05)
(0.56072 0.01854444444 0.05)
(0.5852444444 0.01862962963 0.05)
(0.6097688889 0.01871481481 0.05)
(0.6342933333 0.0188 0.05)
(0.6588177778 0.01888518519 0.05)
(0.6833422222 0.01897037037 0.05)
(0.7078666667 0.01905555556 0.05)
(0.7323911111 0.01914074074 0.05)
(0.7569155556 0.01922592593 0.05)
(0.78144 0.01931111111 0.05)
(0.3645244444 0.02378533951 0.05)
(0.3890488889 0.02386697531 0.05)
(0.4135733333 0.02394861111 0.05)
(0.4380977778 0.02403024691 0.05)
(0.4626222222 0.02411188272 0.05)
(0.4871466667 0.02419351852 0.05)
(0.5116711111 0.02427515432 0.05)
(0.5361955556 0.02435679012 0.05)
(0.56072 0.02443842593 0.05)
(0.5852444444 0.02452006173 0.05)
(0.6097688889 0.02460169753 0.05)
(0.6342933333 0.02468333333 0.05)
(0.6588177778 0.02476496914 0.05)
(0.6833422222 0.02484660494 0.05)
(0.7078666667 0.02492824074 0.05)
(0.7323911111 0.02500987654 0.05)
(0.7569155556 0.02509151235 0.05)
(0.78144 0.02517314815 0.05)
(0.3645244444 0.02970771605 0.05)
(0.3890488889 0.02978580247 0.05)
(0.4135733333 0.02986388889 0.05)
(0.4380977778 0.02994197531 0.05)
(0.4626222222 0.03002006173 0.05)
(0.4871466667 0.03009814815 0.05)
(0.5116711111 0.03017623457 0.05)
(0.5361955556 0.03025432099 0.05)
(0.56072 0.03033240741 0.05)
(0.5852444444 0.03041049383 0.05)
(0.6097688889 0.03048858025 0.05)
(0.6342933333 0.03056666667 0.05)
(0.6588177778 0.03064475309 0.05)
(0.6833422222 0.03072283951 0.05)
(0.7078666667 0.03080092593 0.05)
(0.7323911111 0.03087901235 0.05)
(0.7569155556 0.03095709877 0.05)
(0.78144 0.03103518519 0.05)
(0.3645244444 0.03563009259 0.05)
(0.3890488889 0.03570462963 0.05)
(0.4135733333 0.03577916667 0.05)
(0.4380977778 0.0358537037 0.05)
(0.4626222222 0.03592824074 0.05)
(0.4871466667 0.03600277778 0.05)
(0.5116711111 0.03607731481 0.05)
(0.5361955556 0.03615185185 0.05)
(0.56072 0.03622638889 0.05)
(0.5852444444 0.03630092593 0.05)
(0.6097688889 0.03637546296 0.05)
(0.6342933333 0.03645 0.05)
(0.6588177778 0.03652453704 0.05)
(0.6833422222 0.03659907407 0.05)
(0.7078666667 0.03667361111 0.05)
(0.7323911111 0.03674814815 0.05)
(0.7569155556 0.03682268519 0.05)
(0.78144 0.03689722222 0.05)
(0.3645244444 0.04155246914 0.05)
(0.3890488889 0.04162345679 0.05)
(0.4135733333 0.04169444444 0.05)
(0.4380977778 0.0417654321 0.05)
(0.4626222222 0.04183641975 0.05)
(0.4871466667 0.04190740741 0.05)
(0.5116711111 0.04197839506 0.05)
(0.5361955556 0.04204938272 0.05)
(0.56072 0.04212037037 0.05)
(0.5852444444 0.04219135802 0.05)
(0.6097688889 0.04226234568 0.05)
(0.6342933333 0.04233333333 0.05)
(0.6588177778 0.04240432099 0.05)
(0.6833422222 0.04247530864 0.05)
(0.7078666667 0.0425462963 0.05)
(0.7323911111 0.04261728395 0.05)
(0.7569155556 0.0426882716 0.05)
(0.78144 0.04275925926 0.05)
(0.3645244444 0.04747484568 0.05)
(0.3890488889 0.04754228395 0.05)
(0.4135733333 0.04760972222 0.05)
(0.4380977778 0.04767716049 0.05)
(0.4626222222 0.04774459877 0.05)
(0.4871466667 0.04781203704 0.05)
(0.5116711111 0.04787947531 0.05)
(0.5361955556 0.04794691358 0.05)
(0.56072 0.04801435185 0.05)
(0.5852444444 0.04808179012 0.05)
(0.6097688889 0.0481492284 0.05)
(0.6342933333 0.04821666667 0.05)
(0.6588177778 0.04828410494 0.05)
(0.6833422222 0.04835154321 0.05)
(0.7078666667 0.04841898148 0.05)
(0.7323911111 0.04848641975 0.05)
(0.7569155556 0.04855385802 0.05)
(0.78144 0.0486212963 0.05)
(0.3645244444 0.05339722222 0.05)
(0.3890488889 0.05346111111 0.05)
(0.4135733333 0.053525 0.05)
(0.4380977778 0.05358888889 0.05)
(0.4626222222 0.05365277778 0.05)
(0.4871466667 0.05371666667 0.05)
(0.5116711111 0.05378055556 0.05)
(0.5361955556 0.05384444444 0.05)
(0.56072 0.05390833333 0.05)
(0.5852444444 0.05397222222 0.05)
(0.6097688889 0.05403611111 0.05)
(0.6342933333 0.0541 0.05)
(0.6588177778 0.05416388889 0.05)
(0.6833422222 0.05422777778 0.05)
(0.7078666667 0.05429166667 0.05)
(0.7323911111 0.05435555556 0.05)
(0.7569155556 0.05441944444 0.05)
(0.78144 0.05448333333 0.05)
(0.3645244444 0.05931959877 0.05)
(0.3890488889 0.05937993827 0.05)
(0.4135733333 0.05944027778 0.05)
(0.4380977778 0.05950061728 0.05)
(0.4626222222 0.05956095679 0.05)
(0.4871466667 0.0596212963 0.05)
(0.5116711111 0.0596816358 0.05)
(0.5361955556 0.05974197531 0.05)
(0.56072 0.05980231481 0.05)
(0.5852444444 0.05986265432 0.05)
(0.6097688889 0.05992299383 0.05)
(0.6342933333 0.05998333333 0.05)
(0.6588177778 0.06004367284 0.05)
(0.6833422222 0.06010401235 0.05)
(0.7078666667 0.06016435185 0.05)
(0.7323911111 0.06022469136 0.05)
(0.7569155556 0.06028503086 0.05)
(0.78144 0.06034537037 0.05)
(0.3645244444 0.06524197531 0.05)
(0.3890488889 0.06529876543 0.05)
(0.4135733333 0.06535555556 0.05)
(0.4380977778 0.06541234568 0.05)
(0.4626222222 0.0654691358 0.05)
(0.4871466667 0.06552592593 0.05)
(0.5116711111 0.06558271605 0.05)
(0.5361955556 0.06563950617 0.05)
(0.56072 0.0656962963 0.05)
(0.5852444444 0.06575308642 0.05)
(0.6097688889 0.06580987654 0.05)
(0.6342933333 0.06586666667 0.05)
(0.6588177778 0.06592345679 0.05)
(0.6833422222 0.06598024691 0.05)
(0.7078666667 0.06603703704 0.05)
(0.7323911111 0.06609382716 0.05)
(0.7569155556 0.06615061728 0.05)
(0.78144 0.06620740741 0.05)
(0.3645244444 0.07116435185 0.05)
(0.3890488889 0.07121759259 0.05)
(0.4135733333 0.07127083333 0.05)
(0.4380977778 0.07132407407 0.05)
(0.4626222222 0.07137731481 0.05)
(0.4871466667 0.07143055556 0.05)
(0.5116711111 0.0714837963 0.05)
(0.5361955556 0.07153703704 0.05)
(0.56072 0.07159027778 0.05)
(0.5852444444 0.07164351852 0.05)
(0.6097688889 0.07169675926 0.05)
(0.6342933333 0.07175 0.05)
(0.6588177778 0.07180324074 0.05)
(0.6833422222 0.07185648148 0.05)
(0.7078666667 0.07190972222 0.05)
(0.7323911111 0.07196296296 0.05)
(0.7569155556 0.0720162037 0.05)
(0.78144 0.07206944444 0.05)
(0.3645244444 0.0770867284 0.05)
(0.3890488889 0.07713641975 0.05)
(0.4135733333 0.07718611111 0.05)
(0.4380977778 0.07723580247 0.05)
(0.4626222222 0.07728549383 0.05)
(0.4871466667 0.07733518519 0.05)
(0.5116711111 0.07738487654 0.05)
(0.5361955556 0.0774345679 0.05)
(0.56072 0.07748425926 0.05)
(0.5852444444 0.07753395062 0.05)
(0.6097688889 0.07758364198 0.05)
(0.6342933333 0.07763333333 0.05)
(0.6588177778 0.07768302469 0.05)
(0.6833422222 0.07773271605 0.05)
(0.7078666667 0.07778240741 0.05)
(0.7323911111 0.07783209877 0.05)
(0.7569155556 0.07788179012 0.05)
(0.78144 0.07793148148 0.05)
(0.3645244444 0.08300910494 0.05)
(0.3890488889 0.08305524691 0.05)
(0.4135733333 0.08310138889 0.05)
(0.4380977778 0.08314753086 0.05)
(0.4626222222 0.08319367284 0.05)
(0.4871466667 0.08323981481 0.05)
(0.5116711111 0.08328595679 0.05)
(0.5361955556 0.08333209877 0.05)
(0.56072 0.08337824074 0.05)
(0.5852444444 0.08342438272 0.05)
(0.6097688889 0.08347052469 0.05)
(0.6342933333 0.08351666667 0.05)
(0.6588177778 0.08356280864 0.05)
(0.6833422222 0.08360895062 0.05)
(0.7078666667 0.08365509259 0.05)
(0.7323911111 0.08370123457 0.05)
(0.7569155556 0.08374737654 0.05)
(0.78144 0.08379351852 0.05)
(0.3645244444 0.08893148148 0.05)
(0.3890488889 0.08897407407 0.05)
(0.4135733333 0.08901666667 0.05)
(0.4380977778 0.08905925926 0.05)
(0.4626222222 0.08910185185 0.05)
(0.4871466667 0.08914444444 0.05)
(0.5116711111 0.08918703704 0.05)
(0.5361955556 0.08922962963 0.05)
(0.56072 0.08927222222 0.05)
(0.5852444444 0.08931481481 0.05)
(0.6097688889 0.08935740741 0.05)
(0.6342933333 0.0894 0.05)
(0.6588177778 0.08944259259 0.05)
(0.6833422222 0.08948518519 0.05)
(0.7078666667 0.08952777778 0.05)
(0.7323911111 0.08957037037 0.05)
(0.7569155556 0.08961296296 0.05)
(0.78144 0.08965555556 0.05)
(0.3645244444 0.09485385802 0.05)
(0.3890488889 0.09489290123 0.05)
(0.4135733333 0.09493194444 0.05)
(0.4380977778 0.09497098765 0.05)
(0.4626222222 0.09501003086 0.05)
(0.4871466667 0.09504907407 0.05)
(0.5116711111 0.09508811728 0.05)
(0.5361955556 0.09512716049 0.05)
(0.56072 0.0951662037 0.05)
(0.5852444444 0.09520524691 0.05)
(0.6097688889 0.09524429012 0.05)
(0.6342933333 0.09528333333 0.05)
(0.6588177778 0.09532237654 0.05)
(0.6833422222 0.09536141975 0.05)
(0.7078666667 0.09540046296 0.05)
(0.7323911111 0.09543950617 0.05)
(0.7569155556 0.09547854938 0.05)
(0.78144 0.09551759259 0.05)
(0.3645244444 0.1007762346 0.05)
(0.3890488889 0.1008117284 0.05)
(0.4135733333 0.1008472222 0.05)
(0.4380977778 0.100882716 0.05)
(0.4626222222 0.1009182099 0.05)
(0.4871466667 0.1009537037 0.05)
(0.5116711111 0.1009891975 0.05)
(0.5361955556 0.1010246914 0.05)
(0.56072 0.1010601852 0.05)
(0.5852444444 0.101095679 0.05)
(0.6097688889 0.1011311728 0.05)
(0.6342933333 0.1011666667 0.05)
(0.6588177778 0.1012021605 0.05)
(0.6833422222 0.1012376543 0.05)
(0.7078666667 0.1012731481 0.05)
(0.7323911111 0.101308642 0.05)
(0.7569155556 0.1013441358 0.05)
(0.78144 0.1013796296 0.05)
(0.3645244444 0.1066986111 0.05)
(0.3890488889 0.1067305556 0.05)
(0.4135733333 0.1067625 0.05)
(0.4380977778 0.1067944444 0.05)
(0.4626222222 0.1068263889 0.05)
(0.4871466667 0.1068583333 0.05)
(0.5116711111 0.1068902778 0.05)
(0.5361955556 0.1069222222 0.05)
(0.56072 0.1069541667 0.05)
(0.5852444444 0.1069861111 0.05)
(0.6097688889 0.1070180556 0.05)
(0.6342933333 0.10705 0.05)
(0.6588177778 0.1070819444 0.05)
(0.6833422222 0.1071138889 0.05)
(0.7078666667 0.1071458333 0.05)
(0.7323911111 0.1071777778 0.05)
(0.7569155556 0.1072097222 0.05)
(0.78144 0.1072416667 0.05)
(0.3645244444 0.1126209877 0.05)
(0.3890488889 0.1126493827 0.05)
(0.4135733333 0.1126777778 0.05)
(0.4380977778 0.1127061728 0.05)
(0.4626222222 0.1127345679 0.05)
(0.4871466667 0.112762963 0.05)
(0.5116711111 0.112791358 0.05)
(0.5361955556 0.1128197531 0.05)
(0.56072 0.1128481481 0.05)
(0.5852444444 0.1128765432 0.05)
(0.6097688889 0.1129049383 0.05)
(0.6342933333 0.1129333333 0.05)
(0.6588177778 0.1129617284 0.05)
(0.6833422222 0.1129901235 0.05)
(0.7078666667 0.1130185185 0.05)
(0.7323911111 0.1130469136 0.05)
(0.7569155556 0.1130753086 0.05)
(0.78144 0.1131037037 0.05)
(0.3645244444 0.1185433642 0.05)
(0.3890488889 0.1185682099 0.05)
(0.4135733333 0.1185930556 0.05)
(0.4380977778 0.1186179012 0.05)
(0.4626222222 0.1186427469 0.05)
(0.4871466667 0.1186675926 0.05)
(0.5116711111 0.1186924383 0.05)
(0.5361955556 0.118717284 0.05)
(0.56072 0.1187421296 0.05)
(0.5852444444 0.1187669753 0.05)
(0.6097688889 0.118791821 0.05)
(0.6342933333 0.1188166667 0.05)
(0.6588177778 0.1188415123 0.05)
(0.6833422222 0.118866358 0.05)
(0.7078666667 0.1188912037 0.05)
(0.7323911111 0.1189160494 0.05)
(0.7569155556 0.1189408951 0.05)
(0.78144 0.1189657407 0.05)
(0.3645244444 0.1244657407 0.05)
(0.3890488889 0.124487037 0.05)
(0.4135733333 0.1245083333 0.05)
(0.4380977778 0.1245296296 0.05)
(0.4626222222 0.1245509259 0.05)
(0.4871466667 0.1245722222 0.05)
(0.5116711111 0.1245935185 0.05)
(0.5361955556 0.1246148148 0.05)
(0.56072 0.1246361111 0.05)
(0.5852444444 0.1246574074 0.05)
(0.6097688889 0.1246787037 0.05)
(0.6342933333 0.1247 0.05)
(0.6588177778 0.1247212963 0.05)
(0.6833422222 0.1247425926 0.05)
(0.7078666667 0.1247638889 0.05)
(0.7323911111 0.1247851852 0.05)
(0.7569155556 0.1248064815 0.05)
(0.78144 0.1248277778 0.05)
(0.3645244444 0.1303881173 0.05)
(0.3890488889 0.1304058642 0.05)
(0.4135733333 0.1304236111 0.05)
(0.4380977778 0.130441358 0.05)
(0.4626222222 0.1304591049 0.05)
(0.4871466667 0.1304768519 0.05)
(0.5116711111 0.1304945988 0.05)
(0.5361955556 0.1305123457 0.05)
(0.56072 0.1305300926 0.05)
(0.5852444444 0.1305478395 0.05)
(0.6097688889 0.1305655864 0.05)
(0.6342933333 0.1305833333 0.05)
(0.6588177778 0.1306010802 0.05)
(0.6833422222 0.1306188272 0.05)
(0.7078666667 0.1306365741 0.05)
(0.7323911111 0.130654321 0.05)
(0.7569155556 0.1306720679 0.05)
(0.78144 0.1306898148 0.05)
(0.3645244444 0.1363104938 0.05)
(0.3890488889 0.1363246914 0.05)
(0.4135733333 0.1363388889 0.05)
(0.4380977778 0.1363530864 0.05)
(0.4626222222 0.136367284 0.05)
(0.4871466667 0.1363814815 0.05)
(0.5116711111 0.136395679 0.05)
(0.5361955556 0.1364098765 0.05)
(0.56072 0.1364240741 0.05)
(0.5852444444 0.1364382716 0.05)
(0.6097688889 0.1364524691 0.05)
(0.6342933333 0.1364666667 0.05)
(0.6588177778 0.1364808642 0.05)
(0.6833422222 0.1364950617 0.05)
(0.7078666667 0.1365092593 0.05)
(0.7323911111 0.1365234568 0.05)
(0.7569155556 0.1365376543 0.05)
(0.78144 0.1365518519 0.05)
(0.3645244444 0.1422328704 0.05)
(0.3890488889 0.1422435185 0.05)
(0.4135733333 0.1422541667 0.05)
(0.4380977778 0.1422648148 0.05)
(0.4626222222 0.142275463 0.05)
(0.4871466667 0.1422861111 0.05)
(0.5116711111 0.1422967593 0.05)
(0.5361955556 0.1423074074 0.05)
(0.56072 0.1423180556 0.05)
(0.5852444444 0.1423287037 0.05)
(0.6097688889 0.1423393519 0.05)
(0.6342933333 0.14235 0.05)
(0.6588177778 0.1423606481 0.05)
(0.6833422222 0.1423712963 0.05)
(0.7078666667 0.1423819444 0.05)
(0.7323911111 0.1423925926 0.05)
(0.7569155556 0.1424032407 0.05)
(0.78144 0.1424138889 0.05)
(0.3645244444 0.1481552469 0.05)
(0.3890488889 0.1481623457 0.05)
(0.4135733333 0.1481694444 0.05)
(0.4380977778 0.1481765432 0.05)
(0.4626222222 0.148183642 0.05)
(0.4871466667 0.1481907407 0.05)
(0.5116711111 0.1481978395 0.05)
(0.5361955556 0.1482049383 0.05)
(0.56072 0.148212037 0.05)
(0.5852444444 0.1482191358 0.05)
(0.6097688889 0.1482262346 0.05)
(0.6342933333 0.1482333333 0.05)
(0.6588177778 0.1482404321 0.05)
(0.6833422222 0.1482475309 0.05)
(0.7078666667 0.1482546296 0.05)
(0.7323911111 0.1482617284 0.05)
(0.7569155556 0.1482688272 0.05)
(0.78144 0.1482759259 0.05)
(0.3645244444 0.1540776235 0.05)
(0.3890488889 0.1540811728 0.05)
(0.4135733333 0.1540847222 0.05)
(0.4380977778 0.1540882716 0.05)
(0.4626222222 0.154091821 0.05)
(0.4871466667 0.1540953704 0.05)
(0.5116711111 0.1540989198 0.05)
(0.5361955556 0.1541024691 0.05)
(0.56072 0.1541060185 0.05)
(0.5852444444 0.1541095679 0.05)
(0.6097688889 0.1541131173 0.05)
(0.6342933333 0.1541166667 0.05)
(0.6588177778 0.154120216 0.05)
(0.6833422222 0.1541237654 0.05)
(0.7078666667 0.1541273148 0.05)
(0.7323911111 0.1541308642 0.05)
(0.7569155556 0.1541344136 0.05)
(0.78144 0.154137963 0.05)
(0.3645244444 0.16 0.05)
(0.3890488889 0.16 0.05)
(0.4135733333 0.16 0.05)
(0.4380977778 0.16 0.05)
(0.4626222222 0.16 0.05)
(0.4871466667 0.16 0.05)
(0.5116711111 0.16 0.05)
(0.5361955556 0.16 0.05)
(0.56072 0.16 0.05)
(0.5852444444 0.16 0.05)
(0.6097688889 0.16 0.05)
(0.6342933333 0.16 0.05)
(0.6588177778 0.16 0.05)
(0.6833422222 0.16 0.05)
(0.7078666667 0.16 0.05)
(0.7323911111 0.16 0.05)
(0.7569155556 0.16 0.05)
(0.78144 0.16 0.05)
(0.78674 0.00242275875 0)
(0.79204 0.0031205175 0)
(0.79734 0.00381827625 0)
(0.80264 0.004516035 0)
(0.80794 0.00521379375 0)
(0.81324 0.0059115525 0)
(0.81854 0.00660931125 0)
(0.82384 0.00730707 0)
(0.78674 0.00825895287 0)
(0.79204 0.008930868704 0)
(0.79734 0.009602784537 0)
(0.80264 0.01027470037 0)
(0.80794 0.0109466162 0)
(0.81324 0.01161853204 0)
(0.81854 0.01229044787 0)
(0.82384 0.0129623637 0)
(0.78674 0.01409514699 0)
(0.79204 0.01474121991 0)
(0.79734 0.01538729282 0)
(0.80264 0.01603336574 0)
(0.80794 0.01667943866 0)
(0.81324 0.01732551157 0)
(0.81854 0.01797158449 0)
(0.82384 0.01861765741 0)
(0.78674 0.01993134111 0)
(0.79204 0.02055157111 0)
(0.79734 0.02117180111 0)
(0.80264 0.02179203111 0)
(0.80794 0.02241226111 0)
(0.81324 0.02303249111 0)
(0.81854 0.02365272111 0)
(0.82384 0.02427295111 0)
(0.78674 0.02576753523 0)
(0.79204 0.02636192231 0)
(0.79734 0.0269563094 0)
(0.80264 0.02755069648 0)
(0.80794 0.02814508356 0)
(0.81324 0.02873947065 0)
(0.81854 0.02933385773 0)
(0.82384 0.02992824481 0)
(0.78674 0.03160372935 0)
(0.79204 0.03217227352 0)
(0.79734 0.03274081769 0)
(0.80264 0.03330936185 0)
(0.80794 0.03387790602 0)
(0.81324 0.03444645019 0)
(0.81854 0.03501499435 0)
(0.82384 0.03558353852 0)
(0.78674 0.03743992347 0)
(0.79204 0.03798262472 0)
(0.79734 0.03852532597 0)
(0.80264 0.03906802722 0)
(0.80794 0.03961072847 0)
(0.81324 0.04015342972 0)
(0.81854 0.04069613097 0)
(0.82384 0.04123883222 0)
(0.78674 0.04327611759 0)
(0.79204 0.04379297593 0)
(0.79734 0.04430983426 0)
(0.80264 0.04482669259 0)
(0.80794 0.04534355093 0)
(0.81324 0.04586040926 0)
(0.81854 0.04637726759 0)
(0.82384 0.04689412593 0)
(0.78674 0.04911231171 0)
(0.79204 0.04960332713 0)
(0.79734 0.05009434255 0)
(0.80264 0.05058535796 0)
(0.80794 0.05107637338 0)
(0.81324 0.0515673888 0)
(0.81854 0.05205840421 0)
(0.82384 0.05254941963 0)
(0.78674 0.05494850583 0)
(0.79204 0.05541367833 0)
(0.79734 0.05587885083 0)
(0.80264 0.05634402333 0)
(0.80794 0.05680919583 0)
(0.81324 0.05727436833 0)
(0.81854 0.05773954083 0)
(0.82384 0.05820471333 0)
(0.78674 0.06078469995 0)
(0.79204 0.06122402954 0)
(0.79734 0.06166335912 0)
(0.80264 0.0621026887 0)
(0.80794 0.06254201829 0)
(0.81324 0.06298134787 0)
(0.81854 0.06342067745 0)
(0.82384 0.06386000704 0)
(0.78674 0.06662089407 0)
(0.79204 0.06703438074 0)
(0.79734 0.06744786741 0)
(0.80264 0.06786135407 0)
(0.80794 0.06827484074 0)
(0.81324 0.06868832741 0)
(0.81854 0.06910181407 0)
(0.82384 0.06951530074 0)
(0.78674 0.07245708819 0)
(0.79204 0.07284473194 0)
(0.79734 0.07323237569 0)
(0.80264 0.07362001944 0)
(0.80794 0.07400766319 0)
(0.81324 0.07439530694 0)
(0.81854 0.07478295069 0)
(0.82384 0.07517059444 0)
(0.78674 0.07829328231 0)
(0.79204 0.07865508315 0)
(0.79734 0.07901688398 0)
(0.80264 0.07937868481 0)
(0.80794 0.07974048565 0)
(0.81324 0.08010228648 0)
(0.81854 0.08046408731 0)
(0.82384 0.08082588815 0)
(0.78674 0.08412947644 0)
(0.79204 0.08446543435 0)
(0.79734 0.08480139227 0)
(0.80264 0.08513735019 0)
(0.80794 0.0854733081 0)
(0.81324 0.08580926602 0)
(0.81854 0.08614522394 0)
(0.82384 0.08648118185 0)
(0.78674 0.08996567056 0)
(0.79204 0.09027578556 0)
(0.79734 0.09058590056 0)
(0.80264 0.09089601556 0)
(0.80794 0.09120613056 0)
(0.81324 0.09151624556 0)
(0.81854 0.09182636056 0)
(0.82384 0.09213647556 0)
(0.78674 0.09580186468 0)
(0.79204 0.09608613676 0)
(0.79734 0.09637040884 0)
(0.80264 0.09665468093 0)
(0.80794 0.09693895301 0)
(0.81324 0.09722322509 0)
(0.81854 0.09750749718 0)
(0.82384 0.09779176926 0)
(0.78674 0.1016380588 0)
(0.79204 0.101896488 0)
(0.79734 0.1021549171 0)
(0.80264 0.1024133463 0)
(0.80794 0.1026717755 0)
(0.81324 0.1029302046 0)
(0.81854 0.1031886338 0)
(0.82384 0.103447063 0)
(0.78674 0.1074742529 0)
(0.79204 0.1077068392 0)
(0.79734 0.1079394254 0)
(0.80264 0.1081720117 0)
(0.80794 0.1084045979 0)
(0.81324 0.1086371842 0)
(0.81854 0.1088697704 0)
(0.82384 0.1091023567 0)
(0.78674 0.113310447 0)
(0.79204 0.1135171904 0)
(0.79734 0.1137239337 0)
(0.80264 0.113930677 0)
(0.80794 0.1141374204 0)
(0.81324 0.1143441637 0)
(0.81854 0.114550907 0)
(0.82384 0.1147576504 0)
(0.78674 0.1191466412 0)
(0.79204 0.1193275416 0)
(0.79734 0.119508442 0)
(0.80264 0.1196893424 0)
(0.80794 0.1198702428 0)
(0.81324 0.1200511432 0)
(0.81854 0.1202320437 0)
(0.82384 0.1204129441 0)
(0.78674 0.1249828353 0)
(0.79204 0.1251378928 0)
(0.79734 0.1252929503 0)
(0.80264 0.1254480078 0)
(0.80794 0.1256030653 0)
(0.81324 0.1257581228 0)
(0.81854 0.1259131803 0)
(0.82384 0.1260682378 0)
(0.78674 0.1308190294 0)
(0.79204 0.130948244 0)
(0.79734 0.1310774586 0)
(0.80264 0.1312066731 0)
(0.80794 0.1313358877 0)
(0.81324 0.1314651023 0)
(0.81854 0.1315943169 0)
(0.82384 0.1317235315 0)
(0.78674 0.1366552235 0)
(0.79204 0.1367585952 0)
(0.79734 0.1368619669 0)
(0.80264 0.1369653385 0)
(0.80794 0.1370687102 0)
(0.81324 0.1371720819 0)
(0.81854 0.1372754535 0)
(0.82384 0.1373788252 0)
(0.78674 0.1424914176 0)
(0.79204 0.1425689464 0)
(0.79734 0.1426464751 0)
(0.80264 0.1427240039 0)
(0.80794 0.1428015326 0)
(0.81324 0.1428790614 0)
(0.81854 0.1429565901 0)
(0.82384 0.1430341189 0)
(0.78674 0.1483276118 0)
(0.79204 0.1483792976 0)
(0.79734 0.1484309834 0)
(0.80264 0.1484826693 0)
(0.80794 0.1485343551 0)
(0.81324 0.1485860409 0)
(0.81854 0.1486377268 0)
(0.82384 0.1486894126 0)
(0.78674 0.1541638059 0)
(0.79204 0.1541896488 0)
(0.79734 0.1542154917 0)
(0.80264 0.1542413346 0)
(0.80794 0.1542671775 0)
(0.81324 0.1542930205 0)
(0.81854 0.1543188634 0)
(0.82384 0.1543447063 0)
(0.78674 0.16 0)
(0.79204 0.16 0)
(0.79734 0.16 0)
(0.80264 0.16 0)
(0.80794 0.16 0)
(0.81324 0.16 0)
(0.81854 0.16 0)
(0.82384 0.16 0)
(0.78674 0.00242275875 0.05)
(0.79204 0.0031205175 0.05)
(0.79734 0.00381827625 0.05)
(0.80264 0.004516035 0.05)
(0.80794 0.00521379375 0.05)
(0.81324 0.0059115525 0.05)
(0.81854 0.00660931125 0.05)
(0.82384 0.00730707 0.05)
(0.78674 0.00825895287 0.05)
(0.79204 0.008930868704 0.05)
(0.79734 0.009602784537 0.05)
(0.80264 0.01027470037 0.05)
(0.80794 0.0109466162 0.05)
(0.81324 0.01161853204 0.05)
(0.81854 0.01229044787 0.05)
(0.82384 0.0129623637 0.05)
(0.78674 0.01409514699 0.05)
(0.79204 0.01474121991 0.05)
(0.79734 0.01538729282 0.05)
(0.80264 0.01603336574 0.05)
(0.80794 0.01667943866 0.05)
(0.81324 0.01732551157 0.05)
(0.81854 0.01797158449 0.05)
(0.82384 0.01861765741 0.05)
(0.78674 0.01993134111 0.05)
(0.79204 0.02055157111 0.05)
(0.79734 0.02117180111 0.05)
(0.80264 0.02179203111 0.05)
(0.80794 0.02241226111 0.05)
(0.81324 0.02303249111 0.05)
(0.81854 0.02365272111 0.05)
(0.82384 0.02427295111 0.05)
(0.78674 0.02576753523 0.05)
(0.79204 0.02636192231 0.05)
(0.79734 0.0269563094 0.05)
(0.80264 0.02755069648 0.05)
(0.80794 0.02814508356 0.05)
(0.81324 0.02873947065 0.05)
(0.81854 0.02933385773 0.05)
(0.82384 0.02992824481 0.05)
(0.78674 0.03160372935 0.05)
(0.79204 0.03217227352 0.05)
(0.79734 0.03274081769 0.05)
(0.80264 0.03330936185 0.05)
(0.80794 0.03387790602 0.05)
(0.81324 0.03444645019 0.05)
(0.81854 0.03501499435 0.05)
(0.82384 0.03558353852 0.05)
(0.78674 0.03743992347 0.05)
(0.79204 0.03798262472 0.05)
(0.79734 0.03852532597 0.05)
(0.80264 0.03906802722 0.05)
(0.80794 0.03961072847 0.05)
(0.81324 0.04015342972 0.05)
(0.81854 0.04069613097 0.05)
(0.82384 0.04123883222 0.05)
(0.78674 0.04327611759 0.05)
(0.79204 0.04379297593 0.05)
(0.79734 0.04430983426 0.05)
(0.80264 0.04482669259 0.05)
(0.80794 0.04534355093 0.05)
(0.81324 0.04586040926 0.05)
(0.81854 0.04637726759 0.05)
(0.82384 0.04689412593 0.05)
(0.78674 0.04911231171 0.05)
(0.79204 0.04960332713 0.05)
(0.79734 0.05009434255 0.05)
(0.80264 0.05058535796 0.05)
(0.80794 0.05107637338 0.05)
(0.81324 0.0515673888 0.05)
(0.81854 0.05205840421 0.05)
(0.82384 0.05254941963 0.05)
(0.78674 0.05494850583 0.05)
(0.79204 0.05541367833 0.05)
(0.79734 0.05587885083 0.05)
(0.80264 0.05634402333 0.05)
(0.80794 0.05680919583 0.05)
(0.81324 0.05727436833 0.05)
(0.81854 0.05773954083 0.05)
(0.82384 0.05820471333 0.05)
(0.78674 0.06078469995 0.05)
(0.79204 0.06122402954 0.05)
(0.79734 0.06166335912 0.05)
(0.80264 0.0621026887 0.05)
(0.80794 0.06254201829 0.05)
(0.81324 0.06298134787 0.05)
(0.81854 0.06342067745 0.05)
(0.82384 0.06386000704 0.05)
(0.78674 0.06662089407 0.05)
(0.79204 0.06703438074 0.05)
(0.79734 0.06744786741 0.05)
(0.80264 0.06786135407 0.05)
(0.80794 0.06827484074 0.05)
(0.81324 0.06868832741 0.05)
(0.81854 0.06910181407 0.05)
(0.82384 0.06951530074 0.05)
(0.78674 0.07245708819 0.05)
(0.79204 0.07284473194 0.05)
(0.79734 0.07323237569 0.05)
(0.80264 0.07362001944 0.05)
(0.80794 0.07400766319 0.05)
(0.81324 0.07439530694 0.05)
(0.81854 0.07478295069 0.05)
(0.82384 0.07517059444 0.05)
(0.78674 0.07829328231 0.05)
(0.79204 0.07865508315 0.05)
(0.79734 0.07901688398 0.05)
(0.80264 0.07937868481 0.05)
(0.80794 0.07974048565 0.05)
(0.81324 0.08010228648 0.05)
(0.81854 0.08046408731 0.05)
(0.82384 0.08082588815 0.05)
(0.78674 0.08412947644 0.05)
(0.79204 0.08446543435 0.05)
(0.79734 0.08480139227 0.05)
(0.80264 0.08513735019 0.05)
(0.80794 0.0854733081 0.05)
(0.81324 0.08580926602 0.05)
(0.81854 0.08614522394 0.05)
(0.82384 0.08648118185 0.05)
(0.78674 0.08996567056 0.05)
(0.79204 0.09027578556 0.05)
(0.79734 0.09058590056 0.05)
(0.80264 0.09089601556 0.05)
(0.80794 0.09120613056 0.05)
(0.81324 0.09151624556 0.05)
(0.81854 0.09182636056 0.05)
(0.82384 0.09213647556 0.05)
(0.78674 0.09580186468 0.05)
(0.79204 0.09608613676 0.05)
(0.79734 0.09637040884 0.05)
(0.80264 0.09665468093 0.05)
(0.80794 0.09693895301 0.05)
(0.81324 0.09722322509 0.05)
(0.81854 0.09750749718 0.05)
(0.82384 0.09779176926 0.05)
(0.78674 0.1016380588 0.05)
(0.79204 0.101896488 0.05)
(0.79734 0.1021549171 0.05)
(0.80264 0.1024133463 0.05)
(0.80794 0.1026717755 0.05)
(0.81324 0.1029302046 0.05)
(0.81854 0.1031886338 0.05)
(0.82384 0.103447063 0.05)
(0.78674 0.1074742529 0.05)
(0.79204 0.1077068392 0.05)
(0.79734 0.1079394254 0.05)
(0.80264 0.1081720117 0.05)
(0.80794 0.1084045979 0.05)
(0.81324 0.1086371842 0.05)
(0.81854 0.1088697704 0.05)
(0.82384 0.1091023567 0.05)
(0.78674 0.113310447 0.05)
(0.79204 0.1135171904 0.05)
(0.79734 0.1137239337 0.05)
(0.80264 0.113930677 0.05)
(0.80794 0.1141374204 0.05)
(0.81324 0.1143441637 0.05)
(0.81854 0.114550907 0.05)
(0.82384 0.1147576504 0.05)
(0.78674 0.1191466412 0.05)
(0.79204 0.1193275416 0.05)
(0.79734 0.119508442 0.05)
(0.80264 0.1196893424 0.05)
(0.80794 0.1198702428 0.05)
(0.81324 0.1200511432 0.05)
(0.81854 0.1202320437 0.05)
(0.82384 0.1204129441 0.05)
(0.78674 0.1249828353 0.05)
(0.79204 0.1251378928 0.05)
(0.79734 0.1252929503 0.05)
(0.80264 0.1254480078 0.05)
(0.80794 0.1256030653 0.05)
(0.81324 0.1257581228 0.05)
(0.81854 0.1259131803 0.05)
(0.82384 0.1260682378 0.05)
(0.78674 0.1308190294 0.05)
(0.79204 0.130948244 0.05)
(0.79734 0.1310774586 0.05)
(0.80264 0.1312066731 0.05)
(0.80794 0.1313358877 0.05)
(0.81324 0.1314651023 0.05)
(0.81854 0.1315943169 0.05)
(0.82384 0.1317235315 0.05)
(0.78674 0.1366552235 0.05)
(0.79204 0.1367585952 0.05)
(0.79734 0.1368619669 0.05)
(0.80264 0.1369653385 0.05)
(0.80794 0.1370687102 0.05)
(0.81324 0.1371720819 0.05)
(0.81854 0.1372754535 0.05)
(0.82384 0.1373788252 0.05)
(0.78674 0.1424914176 0.05)
(0.79204 0.1425689464 0.05)
(0.79734 0.1426464751 0.05)
(0.80264 0.1427240039 0.05)
(0.80794 0.1428015326 0.05)
(0.81324 0.1428790614 0.05)
(0.81854 0.1429565901 0.05)
(0.82384 0.1430341189 0.05)
(0.78674 0.1483276118 0.05)
(0.79204 0.1483792976 0.05)
(0.79734 0.1484309834 0.05)
(0.80264 0.1484826693 0.05)
(0.80794 0.1485343551 0.05)
(0.81324 0.1485860409 0.05)
(0.81854 0.1486377268 0.05)
(0.82384 0.1486894126 0.05)
(0.78674 0.1541638059 0.05)
(0.79204 0.1541896488 0.05)
(0.79734 0.1542154917 0.05)
(0.80264 0.1542413346 0.05)
(0.80794 0.1542671775 0.05)
(0.81324 0.1542930205 0.05)
(0.81854 0.1543188634 0.05)
(0.82384 0.1543447063 0.05)
(0.78674 0.16 0.05)
(0.79204 0.16 0.05)
(0.79734 0.16 0.05)
(0.80264 0.16 0.05)
(0.80794 0.16 0.05)
(0.81324 0.16 0.05)
(0.81854 0.16 0.05)
(0.82384 0.16 0.05)
(0.84086 0.00933217 0)
(0.85788 0.01135727 0)
(0.8749 0.01338237 0)
(0.89192 0.01540747 0)
(0.90894 0.01743257 0)
(0.92596 0.01945767 0)
(0.94298 0.02148277 0)
(0.96 0.02350787 0)
(0.84086 0.01491246 0)
(0.85788 0.0168625563 0)
(0.8749 0.01881265259 0)
(0.89192 0.02076274889 0)
(0.90894 0.02271284519 0)
(0.92596 0.02466294148 0)
(0.94298 0.02661303778 0)
(0.96 0.02856313407 0)
(0.84086 0.02049275 0)
(0.85788 0.02236784259 0)
(0.8749 0.02424293519 0)
(0.89192 0.02611802778 0)
(0.90894 0.02799312037 0)
(0.92596 0.02986821296 0)
(0.94298 0.03174330556 0)
(0.96 0.03361839815 0)
(0.84086 0.02607304 0)
(0.85788 0.02787312889 0)
(0.8749 0.02967321778 0)
(0.89192 0.03147330667 0)
(0.90894 0.03327339556 0)
(0.92596 0.03507348444 0)
(0.94298 0.03687357333 0)
(0.96 0.03867366222 0)
(0.84086 0.03165333 0)
(0.85788 0.03337841519 0)
(0.8749 0.03510350037 0)
(0.89192 0.03682858556 0)
(0.90894 0.03855367074 0)
(0.92596 0.04027875593 0)
(0.94298 0.04200384111 0)
(0.96 0.0437289263 0)
(0.84086 0.03723362 0)
(0.85788 0.03888370148 0)
(0.8749 0.04053378296 0)
(0.89192 0.04218386444 0)
(0.90894 0.04383394593 0)
(0.92596 0.04548402741 0)
(0.94298 0.04713410889 0)
(0.96 0.04878419037 0)
(0.84086 0.04281391 0)
(0.85788 0.04438898778 0)
(0.8749 0.04596406556 0)
(0.89192 0.04753914333 0)
(0.90894 0.04911422111 0)
(0.92596 0.05068929889 0)
(0.94298 0.05226437667 0)
(0.96 0.05383945444 0)
(0.84086 0.0483942 0)
(0.85788 0.04989427407 0)
(0.8749 0.05139434815 0)
(0.89192 0.05289442222 0)
(0.90894 0.0543944963 0)
(0.92596 0.05589457037 0)
(0.94298 0.05739464444 0)
(0.96 0.05889471852 0)
(0.84086 0.05397449 0)
(0.85788 0.05539956037 0)
(0.8749 0.05682463074 0)
(0.89192 0.05824970111 0)
(0.90894 0.05967477148 0)
(0.92596 0.06109984185 0)
(0.94298 0.06252491222 0)
(0.96 0.06394998259 0)
(0.84086 0.05955478 0)
(0.85788 0.06090484667 0)
(0.8749 0.06225491333 0)
(0.89192 0.06360498 0)
(0.90894 0.06495504667 0)
(0.92596 0.06630511333 0)
(0.94298 0.06765518 0)
(0.96 0.06900524667 0)
(0.84086 0.06513507 0)
(0.85788 0.06641013296 0)
(0.8749 0.06768519593 0)
(0.89192 0.06896025889 0)
(0.90894 0.07023532185 0)
(0.92596 0.07151038481 0)
(0.94298 0.07278544778 0)
(0.96 0.07406051074 0)
(0.84086 0.07071536 0)
(0.85788 0.07191541926 0)
(0.8749 0.07311547852 0)
(0.89192 0.07431553778 0)
(0.90894 0.07551559704 0)
(0.92596 0.0767156563 0)
(0.94298 0.07791571556 0)
(0.96 0.07911577481 0)
(0.84086 0.07629565 0)
(0.85788 0.07742070556 0)
(0.8749 0.07854576111 0)
(0.89192 0.07967081667 0)
(0.90894 0.08079587222 0)
(0.92596 0.08192092778 0)
(0.94298 0.08304598333 0)
(0.96 0.08417103889 0)
(0.84086 0.08187594 0)
(0.85788 0.08292599185 0)
(0.8749 0.0839760437 0)
(0.89192 0.08502609556 0)
(0.90894 0.08607614741 0)
(0.92596 0.08712619926 0)
(0.94298 0.08817625111 0)
(0.96 0.08922630296 0)
(0.84086 0.08745623 0)
(0.85788 0.08843127815 0)
(0.8749 0.0894063263 0)
(0.89192 0.09038137444 0)
(0.90894 0.09135642259 0)
(0.92596 0.09233147074 0)
(0.94298 0.09330651889 0)
(0.96 0.09428156704 0)
(0.84086 0.09303652 0)
(0.85788 0.09393656444 0)
(0.8749 0.09483660889 0)
(0.89192 0.09573665333 0)
(0.90894 0.09663669778 0)
(0.92596 0.09753674222 0)
(0.94298 0.09843678667 0)
(0.96 0.09933683111 0)
(0.84086 0.09861681 0)
(0.85788 0.09944185074 0)
(0.8749 0.1002668915 0)
(0.89192 0.1010919322 0)
(0.90894 0.101916973 0)
(0.92596 0.1027420137 0)
(0.94298 0.1035670544 0)
(0.96 0.1043920952 0)
(0.84086 0.1041971 0)
(0.85788 0.104947137 0)
(0.8749 0.1056971741 0)
(0.89192 0.1064472111 0)
(0.90894 0.1071972481 0)
(0.92596 0.1079472852 0)
(0.94298 0.1086973222 0)
(0.96 0.1094473593 0)
(0.84086 0.10977739 0)
(0.85788 0.1104524233 0)
(0.8749 0.1111274567 0)
(0.89192 0.11180249 0)
(0.90894 0.1124775233 0)
(0.92596 0.1131525567 0)
(0.94298 0.11382759 0)
(0.96 0.1145026233 0)
(0.84086 0.11535768 0)
(0.85788 0.1159577096 0)
(0.8749 0.1165577393 0)
(0.89192 0.1171577689 0)
(0.90894 0.1177577985 0)
(0.92596 0.1183578281 0)
(0.94298 0.1189578578 0)
(0.96 0.1195578874 0)
(0.84086 0.12093797 0)
(0.85788 0.1214629959 0)
(0.8749 0.1219880219 0)
(0.89192 0.1225130478 0)
(0.90894 0.1230380737 0)
(0.92596 0.1235630996 0)
(0.94298 0.1240881256 0)
(0.96 0.1246131515 0)
(0.84086 0.12651826 0)
(0.85788 0.1269682822 0)
(0.8749 0.1274183044 0)
(0.89192 0.1278683267 0)
(0.90894 0.1283183489 0)
(0.92596 0.1287683711 0)
(0.94298 0.1292183933 0)
(0.96 0.1296684156 0)
(0.84086 0.13209855 0)
(0.85788 0.1324735685 0)
(0.8749 0.132848587 0)
(0.89192 0.1332236056 0)
(0.90894 0.1335986241 0)
(0.92596 0.1339736426 0)
(0.94298 0.1343486611 0)
(0.96 0.1347236796 0)
(0.84086 0.13767884 0)
(0.85788 0.1379788548 0)
(0.8749 0.1382788696 0)
(0.89192 0.1385788844 0)
(0.90894 0.1388788993 0)
(0.92596 0.1391789141 0)
(0.94298 0.1394789289 0)
(0.96 0.1397789437 0)
(0.84086 0.14325913 0)
(0.85788 0.1434841411 0)
(0.8749 0.1437091522 0)
(0.89192 0.1439341633 0)
(0.90894 0.1441591744 0)
(0.92596 0.1443841856 0)
(0.94298 0.1446091967 0)
(0.96 0.1448342078 0)
(0.84086 0.14883942 0)
(0.85788 0.1489894274 0)
(0.8749 0.1491394348 0)
(0.89192 0.1492894422 0)
(0.90894 0.1494394496 0)
(0.92596 0.149589457 0)
(0.94298 0.1497394644 0)
(0.96 0.1498894719 0)
(0.84086 0.15441971 0)
(0.85788 0.1544947137 0)
(0.8749 0.1545697174 0)
(0.89192 0.1546447211 0)
(0.90894 0.1547197248 0)
(0.92596 0.1547947285 0)
(0.94298 0.1548697322 0)
(0.96 0.1549447359 0)
(0.84086 0.16 0)
(0.85788 0.16 0)
(0.8749 0.16 0)
(0.89192 0.16 0)
(0.90894 0.16 0)
(0.92596 0.16 0)
(0.94298 0.16 0)
(0.96 0.16 0)
(0.84086 0.00933217 0.05)
(0.85788 0.01135727 0.05)
(0.8749 0.01338237 0.05)
(0.89192 0.01540747 0.05)
(0.90894 0.01743257 0.05)
(0.92596 0.01945767 0.05)
(0.94298 0.02148277 0.05)
(0.96 0.02350787 0.05)
(0.84086 0.01491246 0.05)
(0.85788 0.0168625563 0.05)
(0.8749 0.01881265259 0.05)
(0.89192 0.02076274889 0.05)
(0.90894 0.02271284519 0.05)
(0.92596 0.02466294148 0.05)
(0.94298 0.02661303778 0.05)
(0.96 0.02856313407 0.05)
(0.84086 0.02049275 0.05)
(0.85788 0.02236784259 0.05)
(0.8749 0.02424293519 0.05)
(0.89192 0.02611802778 0.05)
(0.90894 0.02799312037 0.05)
(0.92596 0.02986821296 0.05)
(0.94298 0.03174330556 0.05)
(0.96 0.03361839815 0.05)
(0.84086 0.02607304 0.05)
(0.85788 0.02787312889 0.05)
(0.8749 0.02967321778 0.05)
(0.89192 0.03147330667 0.05)
(0.90894 0.03327339556 0.05)
(0.92596 0.03507348444 0.05)
(0.94298 0.03687357333 0.05)
(0.96 0.03867366222 0.05)
(0.84086 0.03165333 0.05)
(0.85788 0.03337841519 0.05)
(0.8749 0.03510350037 0.05)
(0.89192 0.03682858556 0.05)
(0.90894 0.03855367074 0.05)
(0.92596 0.04027875593 0.05)
(0.94298 0.04200384111 0.05)
(0.96 0.0437289263 0.05)
(0.84086 0.03723362 0.05)
(0.85788 0.03888370148 0.05)
(0.8749 0.04053378296 0.05)
(0.89192 0.04218386444 0.05)
(0.90894 0.04383394593 0.05)
(0.92596 0.04548402741 0.05)
(0.94298 0.04713410889 0.05)
(0.96 0.04878419037 0.05)
(0.84086 0.04281391 0.05)
(0.85788 0.04438898778 0.05)
(0.8749 0.04596406556 0.05)
(0.89192 0.04753914333 0.05)
(0.90894 0.04911422111 0.05)
(0.92596 0.05068929889 0.05)
(0.94298 0.05226437667 0.05)
(0.96 0.05383945444 0.05)
(0.84086 0.0483942 0.05)
(0.85788 0.04989427407 0.05)
(0.8749 0.05139434815 0.05)
(0.89192 0.05289442222 0.05)
(0.90894 0.0543944963 0.05)
(0.92596 0.05589457037 0.05)
(0.94298 0.05739464444 0.05)
(0.96 0.05889471852 0.05)
(0.84086 0.05397449 0.05)
(0.85788 0.05539956037 0.05)
(0.8749 0.05682463074 0.05)
(0.89192 0.05824970111 0.05)
(0.90894 0.05967477148 0.05)
(0.92596 0.06109984185 0.05)
(0.94298 0.06252491222 0.05)
(0.96 0.06394998259 0.05)
(0.84086 0.05955478 0.05)
(0.85788 0.06090484667 0.05)
(0.8749 0.06225491333 0.05)
(0.89192 0.06360498 0.05)
(0.90894 0.06495504667 0.05)
(0.92596 0.06630511333 0.05)
(0.94298 0.06765518 0.05)
(0.96 0.06900524667 0.05)
(0.84086 0.06513507 0.05)
(0.85788 0.06641013296 0.05)
(0.8749 0.06768519593 0.05)
(0.89192 0.06896025889 0.05)
(0.90894 0.07023532185 0.05)
(0.92596 0.07151038481 0.05)
(0.94298 0.07278544778 0.05)
(0.96 0.07406051074 0.05)
(0.84086 0.07071536 0.05)
(0.85788 0.07191541926 0.05)
(0.8749 0.07311547852 0.05)
(0.89192 0.07431553778 0.05)
(0.90894 0.07551559704 0.05)
(0.92596 0.0767156563 0.05)
(0.94298 0.07791571556 0.05)
(0.96 0.07911577481 0.05)
(0.84086 0.07629565 0.05)
(0.85788 0.07742070556 0.05)
(0.8749 0.07854576111 0.05)
(0.89192 0.07967081667 0.05)
(0.90894 0.08079587222 0.05)
(0.92596 0.08192092778 0.05)
(0.94298 0.08304598333 0.05)
(0.96 0.08417103889 0.05)
(0.84086 0.08187594 0.05)
(0.85788 0.08292599185 0.05)
(0.8749 0.0839760437 0.05)
(0.89192 0.08502609556 0.05)
(0.90894 0.08607614741 0.05)
(0.92596 0.08712619926 0.05)
(0.94298 0.08817625111 0.05)
(0.96 0.08922630296 0.05)
(0.84086 0.08745623 0.05)
(0.85788 0.08843127815 0.05)
(0.8749 0.0894063263 0.05)
(0.89192 0.09038137444 0.05)
(0.90894 0.09135642259 0.05)
(0.92596 0.09233147074 0.05)
(0.94298 0.09330651889 0.05)
(0.96 0.09428156704 0.05)
(0.84086 0.09303652 0.05)
(0.85788 0.09393656444 0.05)
(0.8749 0.09483660889 0.05)
(0.89192 0.09573665333 0.05)
(0.90894 0.09663669778 0.05)
(0.92596 0.09753674222 0.05)
(0.94298 0.09843678667 0.05)
(0.96 0.09933683111 0.05)
(0.84086 0.09861681 0.05)
(0.85788 0.09944185074 0.05)
(0.8749 0.1002668915 0.05)
(0.89192 0.1010919322 0.05)
(0.90894 0.101916973 0.05)
(0.92596 0.1027420137 0.05)
(0.94298 0.1035670544 0.05)
(0.96 0.1043920952 0.05)
(0.84086 0.1041971 0.05)
(0.85788 0.104947137 0.05)
(0.8749 0.1056971741 0.05)
(0.89192 0.1064472111 0.05)
(0.90894 0.1071972481 0.05)
(0.92596 0.1079472852 0.05)
(0.94298 0.1086973222 0.05)
(0.96 0.1094473593 0.05)
(0.84086 0.10977739 0.05)
(0.85788 0.1104524233 0.05)
(0.8749 0.1111274567 0.05)
(0.89192 0.11180249 0.05)
(0.90894 0.1124775233 0.05)
(0.92596 0.1131525567 0.05)
(0.94298 0.11382759 0.05)
(0.96 0.1145026233 0.05)
(0.84086 0.11535768 0.05)
(0.85788 0.1159577096 0.05)
(0.8749 0.1165577393 0.05)
(0.89192 0.1171577689 0.05)
(0.90894 0.1177577985 0.05)
(0.92596 0.1183578281 0.05)
(0.94298 0.1189578578 0.05)
(0.96 0.1195578874 0.05)
(0.84086 0.12093797 0.05)
(0.85788 0.1214629959 0.05)
(0.8749 0.1219880219 0.05)
(0.89192 0.1225130478 0.05)
(0.90894 0.1230380737 0.05)
(0.92596 0.1235630996 0.05)
(0.94298 0.1240881256 0.05)
(0.96 0.1246131515 0.05)
(0.84086 0.12651826 0.05)
(0.85788 0.1269682822 0.05)
(0.8749 0.1274183044 0.05)
(0.89192 0.1278683267 0.05)
(0.90894 0.1283183489 0.05)
(0.92596 0.1287683711 0.05)
(0.94298 0.1292183933 0.05)
(0.96 0.1296684156 0.05)
(0.84086 0.13209855 0.05)
(0.85788 0.1324735685 0.05)
(0.8749 0.132848587 0.05)
(0.89192 0.1332236056 0.05)
(0.90894 0.1335986241 0.05)
(0.92596 0.1339736426 0.05)
(0.94298 0.1343486611 0.05)
(0.96 0.1347236796 0.05)
(0.84086 0.13767884 0.05)
(0.85788 0.1379788548 0.05)
(0.8749 0.1382788696 0.05)
(0.89192 0.1385788844 0.05)
(0.90894 0.1388788993 0.05)
(0.92596 0.1391789141 0.05)
(0.94298 0.1394789289 0.05)
(0.96 0.1397789437 0.05)
(0.84086 0.14325913 0.05)
(0.85788 0.1434841411 0.05)
(0.8749 0.1437091522 0.05)
(0.89192 0.1439341633 0.05)
(0.90894 0.1441591744 0.05)
(0.92596 0.1443841856 0.05)
(0.94298 0.1446091967 0.05)
(0.96 0.1448342078 0.05)
(0.84086 0.14883942 0.05)
(0.85788 0.1489894274 0.05)
(0.8749 0.1491394348 0.05)
(0.89192 0.1492894422 0.05)
(0.90894 0.1494394496 0.05)
(0.92596 0.149589457 0.05)
(0.94298 0.1497394644 0.05)
(0.96 0.1498894719 0.05)
(0.84086 0.15441971 0.05)
(0.85788 0.1544947137 0.05)
(0.8749 0.1545697174 0.05)
(0.89192 0.1546447211 0.05)
(0.90894 0.1547197248 0.05)
(0.92596 0.1547947285 0.05)
(0.94298 0.1548697322 0.05)
(0.96 0.1549447359 0.05)
(0.84086 0.16 0.05)
(0.85788 0.16 0.05)
(0.8749 0.16 0.05)
(0.89192 0.16 0.05)
(0.90894 0.16 0.05)
(0.92596 0.16 0.05)
(0.94298 0.16 0.05)
(0.96 0.16 0.05)
(0.9835599861 0.02424224429 0)
(1.007119972 0.02497661857 0)
(1.030679958 0.02571099286 0)
(1.054239944 0.02644536714 0)
(1.07779993 0.02717974143 0)
(1.101359916 0.02791411571 0)
(1.124919902 0.02864849 0)
(1.148479889 0.02938286429 0)
(1.172039875 0.03011723857 0)
(1.195599861 0.03085161286 0)
(1.219159847 0.03158598714 0)
(1.242719833 0.03232036143 0)
(1.266279819 0.03305473571 0)
(1.289839805 0.03378911 0)
(1.313399791 0.03452348429 0)
(1.336959777 0.03525785857 0)
(1.360519763 0.03599223286 0)
(1.384079749 0.03672660714 0)
(1.407639735 0.03746098143 0)
(1.431199721 0.03819535571 0)
(1.454759708 0.03892973 0)
(1.478319694 0.03966410429 0)
(1.50187968 0.04039847857 0)
(1.525439666 0.04113285286 0)
(1.548999652 0.04186722714 0)
(1.572559638 0.04260160143 0)
(1.596119624 0.04333597571 0)
(1.61967961 0.04407035 0)
(0.9835604099 0.02927030931 0)
(1.00712082 0.02997748455 0)
(1.03068123 0.03068465979 0)
(1.054241639 0.03139183503 0)
(1.077802049 0.03209901026 0)
(1.101362459 0.0328061855 0)
(1.124922869 0.03351336074 0)
(1.148483279 0.03422053598 0)
(1.172043689 0.03492771122 0)
(1.195604099 0.03563488646 0)
(1.219164509 0.03634206169 0)
(1.242724918 0.03704923693 0)
(1.266285328 0.03775641217 0)
(1.289845738 0.03846358741 0)
(1.313406148 0.03917076265 0)
(1.336966558 0.03987793788 0)
(1.360526968 0.04058511312 0)
(1.384087378 0.04129228836 0)
(1.407647787 0.0419994636 0)
(1.431208197 0.04270663884 0)
(1.454768607 0.04341381407 0)
(1.478329017 0.04412098931 0)
(1.501889427 0.04482816455 0)
(1.525449837 0.04553533979 0)
(1.549010247 0.04624251503 0)
(1.572570657 0.04694969026 0)
(1.596131066 0.0476568655 0)
(1.619691476 0.04836404074 0)
(0.9835608337 0.03429837434 0)
(1.007121667 0.03497835053 0)
(1.030682501 0.03565832672 0)
(1.054243335 0.03633830291 0)
(1.077804168 0.0370182791 0)
(1.101365002 0.03769825529 0)
(1.124925836 0.03837823148 0)
(1.148486669 0.03905820767 0)
(1.172047503 0.03973818386 0)
(1.195608337 0.04041816005 0)
(1.21916917 0.04109813624 0)
(1.242730004 0.04177811243 0)
(1.266290838 0.04245808862 0)
(1.289851671 0.04313806481 0)
(1.313412505 0.04381804101 0)
(1.336973339 0.0444980172 0)
(1.360534172 0.04517799339 0)
(1.384095006 0.04585796958 0)
(1.40765584 0.04653794577 0)
(1.431216673 0.04721792196 0)
(1.454777507 0.04789789815 0)
(1.478338341 0.04857787434 0)
(1.501899174 0.04925785053 0)
(1.525460008 0.04993782672 0)
(1.549020842 0.05061780291 0)
(1.572581675 0.0512977791 0)
(1.596142509 0.05197775529 0)
(1.619703343 0.05265773148 0)
(0.9835612575 0.03932643937 0)
(1.007122515 0.03997921651 0)
(1.030683772 0.04063199365 0)
(1.05424503 0.04128477079 0)
(1.077806287 0.04193754794 0)
(1.101367545 0.04259032508 0)
(1.124928802 0.04324310222 0)
(1.14849006 0.04389587937 0)
(1.172051317 0.04454865651 0)
(1.195612575 0.04520143365 0)
(1.219173832 0.04585421079 0)
(1.24273509 0.04650698794 0)
(1.266296347 0.04715976508 0)
(1.289857604 0.04781254222 0)
(1.313418862 0.04846531937 0)
(1.336980119 0.04911809651 0)
(1.360541377 0.04977087365 0)
(1.384102634 0.05042365079 0)
(1.407663892 0.05107642794 0)
(1.431225149 0.05172920508 0)
(1.454786407 0.05238198222 0)
(1.478347664 0.05303475937 0)
(1.501908922 0.05368753651 0)
(1.525470179 0.05434031365 0)
(1.549031437 0.05499309079 0)
(1.572592694 0.05564586794 0)
(1.596153951 0.05629864508 0)
(1.619715209 0.05695142222 0)
(0.9835616813 0.04435450439 0)
(1.007123363 0.04498008249 0)
(1.030685044 0.04560566058 0)
(1.054246725 0.04623123868 0)
(1.077808406 0.04685681677 0)
(1.101370088 0.04748239487 0)
(1.124931769 0.04810797296 0)
(1.14849345 0.04873355106 0)
(1.172055131 0.04935912915 0)
(1.195616813 0.04998470725 0)
(1.219178494 0.05061028534 0)
(1.242740175 0.05123586344 0)
(1.266301856 0.05186144153 0)
(1.289863538 0.05248701963 0)
(1.313425219 0.05311259772 0)
(1.3369869 0.05373817582 0)
(1.360548581 0.05436375392 0)
(1.384110263 0.05498933201 0)
(1.407671944 0.05561491011 0)
(1.431233625 0.0562404882 0)
(1.454795306 0.0568660663 0)
(1.478356988 0.05749164439 0)
(1.501918669 0.05811722249 0)
(1.52548035 0.05874280058 0)
(1.549042031 0.05936837868 0)
(1.572603713 0.05999395677 0)
(1.596165394 0.06061953487 0)
(1.619727075 0.06124511296 0)
(0.9835621051 0.04938256942 0)
(1.00712421 0.04998094847 0)
(1.030686315 0.05057932751 0)
(1.05424842 0.05117770656 0)
(1.077810525 0.05177608561 0)
(1.10137263 0.05237446466 0)
(1.124934735 0.0529728437 0)
(1.14849684 0.05357122275 0)
(1.172058945 0.0541696018 0)
(1.195621051 0.05476798085 0)
(1.219183156 0.05536635989 0)
(1.242745261 0.05596473894 0)
(1.266307366 0.05656311799 0)
(1.289869471 0.05716149704 0)
(1.313431576 0.05775987608 0)
(1.336993681 0.05835825513 0)
(1.360555786 0.05895663418 0)
(1.384117891 0.05955501323 0)
(1.407679996 0.06015339228 0)
(1.431242101 0.06075177132 0)
(1.454804206 0.06135015037 0)
(1.478366311 0.06194852942 0)
(1.501928416 0.06254690847 0)
(1.525490521 0.06314528751 0)
(1.549052626 0.06374366656 0)
(1.572614731 0.06434204561 0)
(1.596176836 0.06494042466 0)
(1.619738941 0.0655388037 0)
(0.9835625288 0.05441063444 0)
(1.007125058 0.05498181444 0)
(1.030687587 0.05555299444 0)
(1.054250115 0.05612417444 0)
(1.077812644 0.05669535444 0)
(1.101375173 0.05726653444 0)
(1.124937702 0.05783771444 0)
(1.148500231 0.05840889444 0)
(1.17206276 0.05898007444 0)
(1.195625288 0.05955125444 0)
(1.219187817 0.06012243444 0)
(1.242750346 0.06069361444 0)
(1.266312875 0.06126479444 0)
(1.289875404 0.06183597444 0)
(1.313437933 0.06240715444 0)
(1.337000462 0.06297833444 0)
(1.36056299 0.06354951444 0)
(1.384125519 0.06412069444 0)
(1.407688048 0.06469187444 0)
(1.431250577 0.06526305444 0)
(1.454813106 0.06583423444 0)
(1.478375635 0.06640541444 0)
(1.501938164 0.06697659444 0)
(1.525500692 0.06754777444 0)
(1.549063221 0.06811895444 0)
(1.57262575 0.06869013444 0)
(1.596188279 0.06926131444 0)
(1.619750808 0.06983249444 0)
(0.9835629526 0.05943869947 0)
(1.007125905 0.05998268042 0)
(1.030688858 0.06052666138 0)
(1.054251811 0.06107064233 0)
(1.077814763 0.06161462328 0)
(1.101377716 0.06215860423 0)
(1.124940669 0.06270258519 0)
(1.148503621 0.06324656614 0)
(1.172066574 0.06379054709 0)
(1.195629526 0.06433452804 0)
(1.219192479 0.06487850899 0)
(1.242755432 0.06542248995 0)
(1.266318384 0.0659664709 0)
(1.289881337 0.06651045185 0)
(1.31344429 0.0670544328 0)
(1.337007242 0.06759841376 0)
(1.360570195 0.06814239471 0)
(1.384133148 0.06868637566 0)
(1.4076961 0.06923035661 0)
(1.431259053 0.06977433757 0)
(1.454822006 0.07031831852 0)
(1.478384958 0.07086229947 0)
(1.501947911 0.07140628042 0)
(1.525510863 0.07195026138 0)
(1.549073816 0.07249424233 0)
(1.572636769 0.07303822328 0)
(1.596199721 0.07358220423 0)
(1.619762674 0.07412618519 0)
(0.9835633764 0.0644667645 0)
(1.007126753 0.0649835464 0)
(1.030690129 0.06550032831 0)
(1.054253506 0.06601711021 0)
(1.077816882 0.06653389212 0)
(1.101380259 0.06705067402 0)
(1.124943635 0.06756745593 0)
(1.148507012 0.06808423783 0)
(1.172070388 0.06860101974 0)
(1.195633764 0.06911780164 0)
(1.219197141 0.06963458354 0)
(1.242760517 0.07015136545 0)
(1.266323894 0.07066814735 0)
(1.28988727 0.07118492926 0)
(1.313450647 0.07170171116 0)
(1.337014023 0.07221849307 0)
(1.3605774 0.07273527497 0)
(1.384140776 0.07325205688 0)
(1.407704152 0.07376883878 0)
(1.431267529 0.07428562069 0)
(1.454830905 0.07480240259 0)
(1.478394282 0.0753191845 0)
(1.501957658 0.0758359664 0)
(1.525521035 0.07635274831 0)
(1.549084411 0.07686953021 0)
(1.572647787 0.07738631212 0)
(1.596211164 0.07790309402 0)
(1.61977454 0.07841987593 0)
(0.9835638002 0.06949482952 0)
(1.0071276 0.06998441238 0)
(1.030691401 0.07047399524 0)
(1.054255201 0.0709635781 0)
(1.077819001 0.07145316095 0)
(1.101382801 0.07194274381 0)
(1.124946602 0.07243232667 0)
(1.148510402 0.07292190952 0)
(1.172074202 0.07341149238 0)
(1.195638002 0.07390107524 0)
(1.219201803 0.0743906581 0)
(1.242765603 0.07488024095 0)
(1.266329403 0.07536982381 0)
(1.289893203 0.07585940667 0)
(1.313457004 0.07634898952 0)
(1.337020804 0.07683857238 0)
(1.360584604 0.07732815524 0)
(1.384148404 0.0778177381 0)
(1.407712205 0.07830732095 0)
(1.431276005 0.07879690381 0)
(1.454839805 0.07928648667 0)
(1.478403605 0.07977606952 0)
(1.501967405 0.08026565238 0)
(1.525531206 0.08075523524 0)
(1.549095006 0.0812448181 0)
(1.572658806 0.08173440095 0)
(1.596222606 0.08222398381 0)
(1.619786407 0.08271356667 0)
(0.983564224 0.07452289455 0)
(1.007128448 0.07498527836 0)
(1.030692672 0.07544766217 0)
(1.054256896 0.07591004598 0)
(1.07782112 0.07637242979 0)
(1.101385344 0.0768348136 0)
(1.124949568 0.07729719741 0)
(1.148513792 0.07775958122 0)
(1.172078016 0.07822196503 0)
(1.19564224 0.07868434884 0)
(1.219206464 0.07914673265 0)
(1.242770688 0.07960911646 0)
(1.266334912 0.08007150026 0)
(1.289899136 0.08053388407 0)
(1.313463361 0.08099626788 0)
(1.337027585 0.08145865169 0)
(1.360591809 0.0819210355 0)
(1.384156033 0.08238341931 0)
(1.407720257 0.08284580312 0)
(1.431284481 0.08330818693 0)
(1.454848705 0.08377057074 0)
(1.478412929 0.08423295455 0)
(1.501977153 0.08469533836 0)
(1.525541377 0.08515772217 0)
(1.549105601 0.08562010598 0)
(1.572669825 0.08608248979 0)
(1.596234049 0.0865448736 0)
(1.619798273 0.08700725741 0)
(0.9835646478 0.07955095958 0)
(1.007129296 0.07998614434 0)
(1.030693943 0.0804213291 0)
(1.054258591 0.08085651386 0)
(1.077823239 0.08129169862 0)
(1.101387887 0.08172688339 0)
(1.124952535 0.08216206815 0)
(1.148517183 0.08259725291 0)
(1.17208183 0.08303243767 0)
(1.195646478 0.08346762243 0)
(1.219211126 0.0839028072 0)
(1.242775774 0.08433799196 0)
(1.266340422 0.08477317672 0)
(1.28990507 0.08520836148 0)
(1.313469717 0.08564354624 0)
(1.337034365 0.08607873101 0)
(1.360599013 0.08651391577 0)
(1.384163661 0.08694910053 0)
(1.407728309 0.08738428529 0)
(1.431292957 0.08781947005 0)
(1.454857604 0.08825465481 0)
(1.478422252 0.08868983958 0)
(1.5019869 0.08912502434 0)
(1.525551548 0.0895602091 0)
(1.549116196 0.08999539386 0)
(1.572680844 0.09043057862 0)
(1.596245491 0.09086576339 0)
(1.619810139 0.09130094815 0)
(0.9835650716 0.0845790246 0)
(1.007130143 0.08498701032 0)
(1.030695215 0.08539499603 0)
(1.054260287 0.08580298175 0)
(1.077825358 0.08621096746 0)
(1.10139043 0.08661895317 0)
(1.124955501 0.08702693889 0)
(1.148520573 0.0874349246 0)
(1.172085645 0.08784291032 0)
(1.195650716 0.08825089603 0)
(1.219215788 0.08865888175 0)
(1.24278086 0.08906686746 0)
(1.266345931 0.08947485317 0)
(1.289911003 0.08988283889 0)
(1.313476074 0.0902908246 0)
(1.337041146 0.09069881032 0)
(1.360606218 0.09110679603 0)
(1.384171289 0.09151478175 0)
(1.407736361 0.09192276746 0)
(1.431301433 0.09233075317 0)
(1.454866504 0.09273873889 0)
(1.478431576 0.0931467246 0)
(1.501996647 0.09355471032 0)
(1.525561719 0.09396269603 0)
(1.549126791 0.09437068175 0)
(1.572691862 0.09477866746 0)
(1.596256934 0.09518665317 0)
(1.619822006 0.09559463889 0)
(0.9835654954 0.08960708963 0)
(1.007130991 0.0899878763 0)
(1.030696486 0.09036866296 0)
(1.054261982 0.09074944963 0)
(1.077827477 0.0911302363 0)
(1.101392973 0.09151102296 0)
(1.124958468 0.09189180963 0)
(1.148523963 0.0922725963 0)
(1.172089459 0.09265338296 0)
(1.195654954 0.09303416963 0)
(1.21922045 0.0934149563 0)
(1.242785945 0.09379574296 0)
(1.266351441 0.09417652963 0)
(1.289916936 0.0945573163 0)
(1.313482431 0.09493810296 0)
(1.337047927 0.09531888963 0)
(1.360613422 0.0956996763 0)
(1.384178918 0.09608046296 0)
(1.407744413 0.09646124963 0)
(1.431309908 0.0968420363 0)
(1.454875404 0.09722282296 0)
(1.478440899 0.09760360963 0)
(1.502006395 0.0979843963 0)
(1.52557189 0.09836518296 0)
(1.549137386 0.09874596963 0)
(1.572702881 0.0991267563 0)
(1.596268376 0.09950754296 0)
(1.619833872 0.09988832963 0)
(0.9835659192 0.09463515466 0)
(1.007131838 0.09498874228 0)
(1.030697758 0.09534232989 0)
(1.054263677 0.09569591751 0)
(1.077829596 0.09604950513 0)
(1.101395515 0.09640309275 0)
(1.124961435 0.09675668037 0)
(1.148527354 0.09711026799 0)
(1.172093273 0.09746385561 0)
(1.195659192 0.09781744323 0)
(1.219225111 0.09817103085 0)
(1.242791031 0.09852461847 0)
(1.26635695 0.09887820608 0)
(1.289922869 0.0992317937 0)
(1.313488788 0.09958538132 0)
(1.337054708 0.09993896894 0)
(1.360620627 0.1002925566 0)
(1.384186546 0.1006461442 0)
(1.407752465 0.1009997318 0)
(1.431318384 0.1013533194 0)
(1.454884304 0.101706907 0)
(1.478450223 0.1020604947 0)
(1.502016142 0.1024140823 0)
(1.525582061 0.1027676699 0)
(1.54914798 0.1031212575 0)
(1.5727139 0.1034748451 0)
(1.596279819 0.1038284328 0)
(1.619845738 0.1041820204 0)
(0.983566343 0.09966321968 0)
(1.007132686 0.09998960825 0)
(1.030699029 0.1003159968 0)
(1.054265372 0.1006423854 0)
(1.077831715 0.100968774 0)
(1.101398058 0.1012951625 0)
(1.124964401 0.1016215511 0)
(1.148530744 0.1019479397 0)
(1.172097087 0.1022743283 0)
(1.19566343 0.1026007168 0)
(1.219229773 0.1029271054 0)
(1.242796116 0.103253494 0)
(1.266362459 0.1035798825 0)
(1.289928802 0.1039062711 0)
(1.313495145 0.1042326597 0)
(1.337061488 0.1045590483 0)
(1.360627831 0.1048854368 0)
(1.384194174 0.1052118254 0)
(1.407760517 0.105538214 0)
(1.43132686 0.1058646025 0)
(1.454893203 0.1061909911 0)
(1.478459546 0.1065173797 0)
(1.502025889 0.1068437683 0)
(1.525592232 0.1071701568 0)
(1.549158575 0.1074965454 0)
(1.572724918 0.107822934 0)
(1.596291261 0.1081493225 0)
(1.619857604 0.1084757111 0)
(0.9835667668 0.1046912847 0)
(1.007133534 0.1049904742 0)
(1.0307003 0.1052896638 0)
(1.054267067 0.1055888533 0)
(1.077833834 0.1058880428 0)
(1.101400601 0.1061872323 0)
(1.124967368 0.1064864219 0)
(1.148534134 0.1067856114 0)
(1.172100901 0.1070848009 0)
(1.195667668 0.1073839904 0)
(1.219234435 0.1076831799 0)
(1.242801202 0.1079823695 0)
(1.266367969 0.108281559 0)
(1.289934735 0.1085807485 0)
(1.313501502 0.108879938 0)
(1.337068269 0.1091791276 0)
(1.360635036 0.1094783171 0)
(1.384201803 0.1097775066 0)
(1.407768569 0.1100766961 0)
(1.431335336 0.1103758857 0)
(1.454902103 0.1106750752 0)
(1.47846887 0.1109742647 0)
(1.502035637 0.1112734542 0)
(1.525602403 0.1115726438 0)
(1.54916917 0.1118718333 0)
(1.572735937 0.1121710228 0)
(1.596302704 0.1124702123 0)
(1.619869471 0.1127694019 0)
(0.9835671906 0.1097193497 0)
(1.007134381 0.1099913402 0)
(1.030701572 0.1102633307 0)
(1.054268762 0.1105353212 0)
(1.077835953 0.1108073116 0)
(1.101403144 0.1110793021 0)
(1.124970334 0.1113512926 0)
(1.148537525 0.1116232831 0)
(1.172104715 0.1118952735 0)
(1.195671906 0.112167264 0)
(1.219239097 0.1124392545 0)
(1.242806287 0.112711245 0)
(1.266373478 0.1129832354 0)
(1.289940669 0.1132552259 0)
(1.313507859 0.1135272164 0)
(1.33707505 0.1137992069 0)
(1.36064224 0.1140711974 0)
(1.384209431 0.1143431878 0)
(1.407776622 0.1146151783 0)
(1.431343812 0.1148871688 0)
(1.454911003 0.1151591593 0)
(1.478478193 0.1154311497 0)
(1.502045384 0.1157031402 0)
(1.525612575 0.1159751307 0)
(1.549179765 0.1162471212 0)
(1.572746956 0.1165191116 0)
(1.596314146 0.1167911021 0)
(1.619881337 0.1170630926 0)
(0.9835676144 0.1147474148 0)
(1.007135229 0.1149922062 0)
(1.030702843 0.1152369976 0)
(1.054270458 0.115481789 0)
(1.077838072 0.1157265805 0)
(1.101405686 0.1159713719 0)
(1.124973301 0.1162161633 0)
(1.148540915 0.1164609548 0)
(1.17210853 0.1167057462 0)
(1.195676144 0.1169505376 0)
(1.219243758 0.117195329 0)
(1.242811373 0.1174401205 0)
(1.266378987 0.1176849119 0)
(1.289946602 0.1179297033 0)
(1.313514216 0.1181744948 0)
(1.33708183 0.1184192862 0)
(1.360649445 0.1186640776 0)
(1.384217059 0.118908869 0)
(1.407784674 0.1191536605 0)
(1.431352288 0.1193984519 0)
(1.454919903 0.1196432433 0)
(1.478487517 0.1198880348 0)
(1.502055131 0.1201328262 0)
(1.525622746 0.1203776176 0)
(1.54919036 0.120622409 0)
(1.572757975 0.1208672005 0)
(1.596325589 0.1211119919 0)
(1.619893203 0.1213567833 0)
(0.9835680382 0.1197754798 0)
(1.007136076 0.1199930722 0)
(1.030704115 0.1202106646 0)
(1.054272153 0.1204282569 0)
(1.077840191 0.1206458493 0)
(1.101408229 0.1208634417 0)
(1.124976267 0.1210810341 0)
(1.148544306 0.1212986265 0)
(1.172112344 0.1215162188 0)
(1.195680382 0.1217338112 0)
(1.21924842 0.1219514036 0)
(1.242816458 0.122168996 0)
(1.266384497 0.1223865884 0)
(1.289952535 0.1226041807 0)
(1.313520573 0.1228217731 0)
(1.337088611 0.1230393655 0)
(1.360656649 0.1232569579 0)
(1.384224688 0.1234745503 0)
(1.407792726 0.1236921426 0)
(1.431360764 0.123909735 0)
(1.454928802 0.1241273274 0)
(1.47849684 0.1243449198 0)
(1.502064879 0.1245625122 0)
(1.525632917 0.1247801046 0)
(1.549200955 0.1249976969 0)
(1.572768993 0.1252152893 0)
(1.596337031 0.1254328817 0)
(1.61990507 0.1256504741 0)
(0.983568462 0.1248035448 0)
(1.007136924 0.1249939381 0)
(1.030705386 0.1251843315 0)
(1.054273848 0.1253747248 0)
(1.07784231 0.1255651181 0)
(1.101410772 0.1257555115 0)
(1.124979234 0.1259459048 0)
(1.148547696 0.1261362981 0)
(1.172116158 0.1263266915 0)
(1.19568462 0.1265170848 0)
(1.219253082 0.1267074781 0)
(1.242821544 0.1268978715 0)
(1.266390006 0.1270882648 0)
(1.289958468 0.1272786581 0)
(1.31352693 0.1274690515 0)
(1.337095392 0.1276594448 0)
(1.360663854 0.1278498381 0)
(1.384232316 0.1280402315 0)
(1.407800778 0.1282306248 0)
(1.43136924 0.1284210181 0)
(1.454937702 0.1286114115 0)
(1.478506164 0.1288018048 0)
(1.502074626 0.1289921981 0)
(1.525643088 0.1291825915 0)
(1.54921155 0.1293729848 0)
(1.572780012 0.1295633781 0)
(1.596348474 0.1297537715 0)
(1.619916936 0.1299441648 0)
(0.9835688858 0.1298316098 0)
(1.007137772 0.1299948041 0)
(1.030706657 0.1301579984 0)
(1.054275543 0.1303211927 0)
(1.077844429 0.130484387 0)
(1.101413315 0.1306475813 0)
(1.124982201 0.1308107756 0)
(1.148551086 0.1309739698 0)
(1.172119972 0.1311371641 0)
(1.195688858 0.1313003584 0)
(1.219257744 0.1314635527 0)
(1.24282663 0.131626747 0)
(1.266395515 0.1317899413 0)
(1.289964401 0.1319531356 0)
(1.313533287 0.1321163298 0)
(1.337102173 0.1322795241 0)
(1.360671058 0.1324427184 0)
(1.384239944 0.1326059127 0)
(1.40780883 0.132769107 0)
(1.431377716 0.1329323013 0)
(1.454946602 0.1330954956 0)
(1.478515487 0.1332586898 0)
(1.502084373 0.1334218841 0)
(1.525653259 0.1335850784 0)
(1.549222145 0.1337482727 0)
(1.572791031 0.133911467 0)
(1.596359916 0.1340746613 0)
(1.619928802 0.1342378556 0)
(0.9835693096 0.1348596749 0)
(1.007138619 0.1349956701 0)
(1.030707929 0.1351316653 0)
(1.054277238 0.1352676606 0)
(1.077846548 0.1354036558 0)
(1.101415858 0.1355396511 0)
(1.124985167 0.1356756463 0)
(1.148554477 0.1358116415 0)
(1.172123786 0.1359476368 0)
(1.195693096 0.136083632 0)
(1.219262405 0.1362196272 0)
(1.242831715 0.1363556225 0)
(1.266401025 0.1364916177 0)
(1.289970334 0.136627613 0)
(1.313539644 0.1367636082 0)
(1.337108953 0.1368996034 0)
(1.360678263 0.1370355987 0)
(1.384247573 0.1371715939 0)
(1.407816882 0.1373075892 0)
(1.431386192 0.1374435844 0)
(1.454955501 0.1375795796 0)
(1.478524811 0.1377155749 0)
(1.502094121 0.1378515701 0)
(1.52566343 0.1379875653 0)
(1.54923274 0.1381235606 0)
(1.572802049 0.1382595558 0)
(1.596371359 0.1383955511 0)
(1.619940669 0.1385315463 0)
(0.9835697334 0.1398877399 0)
(1.007139467 0.1399965361 0)
(1.0307092 0.1401053323 0)
(1.054278934 0.1402141285 0)
(1.077848667 0.1403229247 0)
(1.1014184 0.1404317208 0)
(1.124988134 0.140540517 0)
(1.148557867 0.1406493132 0)
(1.1721276 0.1407581094 0)
(1.195697334 0.1408669056 0)
(1.219267067 0.1409757018 0)
(1.242836801 0.141084498 0)
(1.266406534 0.1411932942 0)
(1.289976267 0.1413020904 0)
(1.313546001 0.1414108866 0)
(1.337115734 0.1415196828 0)
(1.360685468 0.1416284789 0)
(1.384255201 0.1417372751 0)
(1.407824934 0.1418460713 0)
(1.431394668 0.1419548675 0)
(1.454964401 0.1420636637 0)
(1.478534134 0.1421724599 0)
(1.502103868 0.1422812561 0)
(1.525673601 0.1423900523 0)
(1.549243335 0.1424988485 0)
(1.572813068 0.1426076447 0)
(1.596382801 0.1427164408 0)
(1.619952535 0.142825237 0)
(0.9835701572 0.1449158049 0)
(1.007140314 0.1449974021 0)
(1.030710472 0.1450789992 0)
(1.054280629 0.1451605963 0)
(1.077850786 0.1452421935 0)
(1.101420943 0.1453237906 0)
(1.1249911 0.1454053878 0)
(1.148561257 0.1454869849 0)
(1.172131415 0.1455685821 0)
(1.195701572 0.1456501792 0)
(1.219271729 0.1457317763 0)
(1.242841886 0.1458133735 0)
(1.266412043 0.1458949706 0)
(1.289982201 0.1459765678 0)
(1.313552358 0.1460581649 0)
(1.337122515 0.1461397621 0)
(1.360692672 0.1462213592 0)
(1.384262829 0.1463029563 0)
(1.407832986 0.1463845535 0)
(1.431403144 0.1464661506 0)
(1.454973301 0.1465477478 0)
(1.478543458 0.1466293449 0)
(1.502113615 0.1467109421 0)
(1.525683772 0.1467925392 0)
(1.54925393 0.1468741363 0)
(1.572824087 0.1469557335 0)
(1.596394244 0.1470373306 0)
(1.619964401 0.1471189278 0)
(0.983570581 0.1499438699 0)
(1.007141162 0.149998268 0)
(1.030711743 0.1500526661 0)
(1.054282324 0.1501070642 0)
(1.077852905 0.1501614623 0)
(1.101423486 0.1502158604 0)
(1.124994067 0.1502702585 0)
(1.148564648 0.1503246566 0)
(1.172135229 0.1503790547 0)
(1.19570581 0.1504334528 0)
(1.219276391 0.1504878509 0)
(1.242846972 0.150542249 0)
(1.266417553 0.1505966471 0)
(1.289988134 0.1506510452 0)
(1.313558715 0.1507054433 0)
(1.337129296 0.1507598414 0)
(1.360699877 0.1508142395 0)
(1.384270458 0.1508686376 0)
(1.407841039 0.1509230357 0)
(1.43141162 0.1509774338 0)
(1.454982201 0.1510318319 0)
(1.478552782 0.1510862299 0)
(1.502123363 0.151140628 0)
(1.525693943 0.1511950261 0)
(1.549264524 0.1512494242 0)
(1.572835105 0.1513038223 0)
(1.596405686 0.1513582204 0)
(1.619976267 0.1514126185 0)
(0.9835710048 0.154971935 0)
(1.00714201 0.154999134 0)
(1.030713014 0.1550263331 0)
(1.054284019 0.1550535321 0)
(1.077855024 0.1550807312 0)
(1.101426029 0.1551079302 0)
(1.124997033 0.1551351293 0)
(1.148568038 0.1551623283 0)
(1.172139043 0.1551895274 0)
(1.195710048 0.1552167264 0)
(1.219281053 0.1552439254 0)
(1.242852057 0.1552711245 0)
(1.266423062 0.1552983235 0)
(1.289994067 0.1553255226 0)
(1.313565072 0.1553527216 0)
(1.337136076 0.1553799207 0)
(1.360707081 0.1554071197 0)
(1.384278086 0.1554343188 0)
(1.407849091 0.1554615178 0)
(1.431420096 0.1554887169 0)
(1.4549911 0.1555159159 0)
(1.478562105 0.155543115 0)
(1.50213311 0.155570314 0)
(1.525704115 0.1555975131 0)
(1.549275119 0.1556247121 0)
(1.572846124 0.1556519112 0)
(1.596417129 0.1556791102 0)
(1.619988134 0.1557063093 0)
(0.9835714286 0.16 0)
(1.007142857 0.16 0)
(1.030714286 0.16 0)
(1.054285714 0.16 0)
(1.077857143 0.16 0)
(1.101428571 0.16 0)
(1.125 0.16 0)
(1.148571429 0.16 0)
(1.172142857 0.16 0)
(1.195714286 0.16 0)
(1.219285714 0.16 0)
(1.242857143 0.16 0)
(1.266428571 0.16 0)
(1.29 0.16 0)
(1.313571429 0.16 0)
(1.337142857 0.16 0)
(1.360714286 0.16 0)
(1.384285714 0.16 0)
(1.407857143 0.16 0)
(1.431428571 0.16 0)
(1.455 0.16 0)
(1.478571429 0.16 0)
(1.502142857 0.16 0)
(1.525714286 0.16 0)
(1.549285714 0.16 0)
(1.572857143 0.16 0)
(1.596428571 0.16 0)
(1.62 0.16 0)
(0.9835599861 0.02424224429 0.05)
(1.007119972 0.02497661857 0.05)
(1.030679958 0.02571099286 0.05)
(1.054239944 0.02644536714 0.05)
(1.07779993 0.02717974143 0.05)
(1.101359916 0.02791411571 0.05)
(1.124919902 0.02864849 0.05)
(1.148479889 0.02938286429 0.05)
(1.172039875 0.03011723857 0.05)
(1.195599861 0.03085161286 0.05)
(1.219159847 0.03158598714 0.05)
(1.242719833 0.03232036143 0.05)
(1.266279819 0.03305473571 0.05)
(1.289839805 0.03378911 0.05)
(1.313399791 0.03452348429 0.05)
(1.336959777 0.03525785857 0.05)
(1.360519763 0.03599223286 0.05)
(1.384079749 0.03672660714 0.05)
(1.407639735 0.03746098143 0.05)
(1.431199721 0.03819535571 0.05)
(1.454759708 0.03892973 0.05)
(1.478319694 0.03966410429 0.05)
(1.50187968 0.04039847857 0.05)
(1.525439666 0.04113285286 0.05)
(1.548999652 0.04186722714 0.05)
(1.572559638 0.04260160143 0.05)
(1.596119624 0.04333597571 0.05)
(1.61967961 0.04407035 0.05)
(0.9835604099 0.02927030931 0.05)
(1.00712082 0.02997748455 0.05)
(1.03068123 0.03068465979 0.05)
(1.054241639 0.03139183503 0.05)
(1.077802049 0.03209901026 0.05)
(1.101362459 0.0328061855 0.05)
(1.124922869 0.03351336074 0.05)
(1.148483279 0.03422053598 0.05)
(1.172043689 0.03492771122 0.05)
(1.195604099 0.03563488646 0.05)
(1.219164509 0.03634206169 0.05)
(1.242724918 0.03704923693 0.05)
(1.266285328 0.03775641217 0.05)
(1.289845738 0.03846358741 0.05)
(1.313406148 0.03917076265 0.05)
(1.336966558 0.03987793788 0.05)
(1.360526968 0.04058511312 0.05)
(1.384087378 0.04129228836 0.05)
(1.407647787 0.0419994636 0.05)
(1.431208197 0.04270663884 0.05)
(1.454768607 0.04341381407 0.05)
(1.478329017 0.04412098931 0.05)
(1.501889427 0.04482816455 0.05)
(1.525449837 0.04553533979 0.05)
(1.549010247 0.04624251503 0.05)
(1.572570657 0.04694969026 0.05)
(1.596131066 0.0476568655 0.05)
(1.619691476 0.04836404074 0.05)
(0.9835608337 0.03429837434 0.05)
(1.007121667 0.03497835053 0.05)
(1.030682501 0.03565832672 0.05)
(1.054243335 0.03633830291 0.05)
(1.077804168 0.0370182791 0.05)
(1.101365002 0.03769825529 0.05)
(1.124925836 0.03837823148 0.05)
(1.148486669 0.03905820767 0.05)
(1.172047503 0.03973818386 0.05)
(1.195608337 0.04041816005 0.05)
(1.21916917 0.04109813624 0.05)
(1.242730004 0.04177811243 0.05)
(1.266290838 0.04245808862 0.05)
(1.289851671 0.04313806481 0.05)
(1.313412505 0.04381804101 0.05)
(1.336973339 0.0444980172 0.05)
(1.360534172 0.04517799339 0.05)
(1.384095006 0.04585796958 0.05)
(1.40765584 0.04653794577 0.05)
(1.431216673 0.04721792196 0.05)
(1.454777507 0.04789789815 0.05)
(1.478338341 0.04857787434 0.05)
(1.501899174 0.04925785053 0.05)
(1.525460008 0.04993782672 0.05)
(1.549020842 0.05061780291 0.05)
(1.572581675 0.0512977791 0.05)
(1.596142509 0.05197775529 0.05)
(1.619703343 0.05265773148 0.05)
(0.9835612575 0.03932643937 0.05)
(1.007122515 0.03997921651 0.05)
(1.030683772 0.04063199365 0.05)
(1.05424503 0.04128477079 0.05)
(1.077806287 0.04193754794 0.05)
(1.101367545 0.04259032508 0.05)
(1.124928802 0.04324310222 0.05)
(1.14849006 0.04389587937 0.05)
(1.172051317 0.04454865651 0.05)
(1.195612575 0.04520143365 0.05)
(1.219173832 0.04585421079 0.05)
(1.24273509 0.04650698794 0.05)
(1.266296347 0.04715976508 0.05)
(1.289857604 0.04781254222 0.05)
(1.313418862 0.04846531937 0.05)
(1.336980119 0.04911809651 0.05)
(1.360541377 0.04977087365 0.05)
(1.384102634 0.05042365079 0.05)
(1.407663892 0.05107642794 0.05)
(1.431225149 0.05172920508 0.05)
(1.454786407 0.05238198222 0.05)
(1.478347664 0.05303475937 0.05)
(1.501908922 0.05368753651 0.05)
(1.525470179 0.05434031365 0.05)
(1.549031437 0.05499309079 0.05)
(1.572592694 0.05564586794 0.05)
(1.596153951 0.05629864508 0.05)
(1.619715209 0.05695142222 0.05)
(0.9835616813 0.04435450439 0.05)
(1.007123363 0.04498008249 0.05)
(1.030685044 0.04560566058 0.05)
(1.054246725 0.04623123868 0.05)
(1.077808406 0.04685681677 0.05)
(1.101370088 0.04748239487 0.05)
(1.124931769 0.04810797296 0.05)
(1.14849345 0.04873355106 0.05)
(1.172055131 0.04935912915 0.05)
(1.195616813 0.04998470725 0.05)
(1.219178494 0.05061028534 0.05)
(1.242740175 0.05123586344 0.05)
(1.266301856 0.05186144153 0.05)
(1.289863538 0.05248701963 0.05)
(1.313425219 0.05311259772 0.05)
(1.3369869 0.05373817582 0.05)
(1.360548581 0.05436375392 0.05)
(1.384110263 0.05498933201 0.05)
(1.407671944 0.05561491011 0.05)
(1.431233625 0.0562404882 0.05)
(1.454795306 0.0568660663 0.05)
(1.478356988 0.05749164439 0.05)
(1.501918669 0.05811722249 0.05)
(1.52548035 0.05874280058 0.05)
(1.549042031 0.05936837868 0.05)
(1.572603713 0.05999395677 0.05)
(1.596165394 0.06061953487 0.05)
(1.619727075 0.06124511296 0.05)
(0.9835621051 0.04938256942 0.05)
(1.00712421 0.04998094847 0.05)
(1.030686315 0.05057932751 0.05)
(1.05424842 0.05117770656 0.05)
(1.077810525 0.05177608561 0.05)
(1.10137263 0.05237446466 0.05)
(1.124934735 0.0529728437 0.05)
(1.14849684 0.05357122275 0.05)
(1.172058945 0.0541696018 0.05)
(1.195621051 0.05476798085 0.05)
(1.219183156 0.05536635989 0.05)
(1.242745261 0.05596473894 0.05)
(1.266307366 0.05656311799 0.05)
(1.289869471 0.05716149704 0.05)
(1.313431576 0.05775987608 0.05)
(1.336993681 0.05835825513 0.05)
(1.360555786 0.05895663418 0.05)
(1.384117891 0.05955501323 0.05)
(1.407679996 0.06015339228 0.05)
(1.431242101 0.06075177132 0.05)
(1.454804206 0.06135015037 0.05)
(1.478366311 0.06194852942 0.05)
(1.501928416 0.06254690847 0.05)
(1.525490521 0.06314528751 0.05)
(1.549052626 0.06374366656 0.05)
(1.572614731 0.06434204561 0.05)
(1.596176836 0.06494042466 0.05)
(1.619738941 0.0655388037 0.05)
(0.9835625288 0.05441063444 0.05)
(1.007125058 0.05498181444 0.05)
(1.030687587 0.05555299444 0.05)
(1.054250115 0.05612417444 0.05)
(1.077812644 0.05669535444 0.05)
(1.101375173 0.05726653444 0.05)
(1.124937702 0.05783771444 0.05)
(1.148500231 0.05840889444 0.05)
(1.17206276 0.05898007444 0.05)
(1.195625288 0.05955125444 0.05)
(1.219187817 0.06012243444 0.05)
(1.242750346 0.06069361444 0.05)
(1.266312875 0.06126479444 0.05)
(1.289875404 0.06183597444 0.05)
(1.313437933 0.06240715444 0.05)
(1.337000462 0.06297833444 0.05)
(1.36056299 0.06354951444 0.05)
(1.384125519 0.06412069444 0.05)
(1.407688048 0.06469187444 0.05)
(1.431250577 0.06526305444 0.05)
(1.454813106 0.06583423444 0.05)
(1.478375635 0.06640541444 0.05)
(1.501938164 0.06697659444 0.05)
(1.525500692 0.06754777444 0.05)
(1.549063221 0.06811895444 0.05)
(1.57262575 0.06869013444 0.05)
(1.596188279 0.06926131444 0.05)
(1.619750808 0.06983249444 0.05)
(0.9835629526 0.05943869947 0.05)
(1.007125905 0.05998268042 0.05)
(1.030688858 0.06052666138 0.05)
(1.054251811 0.06107064233 0.05)
(1.077814763 0.06161462328 0.05)
(1.101377716 0.06215860423 0.05)
(1.124940669 0.06270258519 0.05)
(1.148503621 0.06324656614 0.05)
(1.172066574 0.06379054709 0.05)
(1.195629526 0.06433452804 0.05)
(1.219192479 0.06487850899 0.05)
(1.242755432 0.06542248995 0.05)
(1.266318384 0.0659664709 0.05)
(1.289881337 0.06651045185 0.05)
(1.31344429 0.0670544328 0.05)
(1.337007242 0.06759841376 0.05)
(1.360570195 0.06814239471 0.05)
(1.384133148 0.06868637566 0.05)
(1.4076961 0.06923035661 0.05)
(1.431259053 0.06977433757 0.05)
(1.454822006 0.07031831852 0.05)
(1.478384958 0.07086229947 0.05)
(1.501947911 0.07140628042 0.05)
(1.525510863 0.07195026138 0.05)
(1.549073816 0.07249424233 0.05)
(1.572636769 0.07303822328 0.05)
(1.596199721 0.07358220423 0.05)
(1.619762674 0.07412618519 0.05)
(0.9835633764 0.0644667645 0.05)
(1.007126753 0.0649835464 0.05)
(1.030690129 0.06550032831 0.05)
(1.054253506 0.06601711021 0.05)
(1.077816882 0.06653389212 0.05)
(1.101380259 0.06705067402 0.05)
(1.124943635 0.06756745593 0.05)
(1.148507012 0.06808423783 0.05)
(1.172070388 0.06860101974 0.05)
(1.195633764 0.06911780164 0.05)
(1.219197141 0.06963458354 0.05)
(1.242760517 0.07015136545 0.05)
(1.266323894 0.07066814735 0.05)
(1.28988727 0.07118492926 0.05)
(1.313450647 0.07170171116 0.05)
(1.337014023 0.07221849307 0.05)
(1.3605774 0.07273527497 0.05)
(1.384140776 0.07325205688 0.05)
(1.407704152 0.07376883878 0.05)
(1.431267529 0.07428562069 0.05)
(1.454830905 0.07480240259 0.05)
(1.478394282 0.0753191845 0.05)
(1.501957658 0.0758359664 0.05)
(1.525521035 0.07635274831 0.05)
(1.549084411 0.07686953021 0.05)
(1.572647787 0.07738631212 0.05)
(1.596211164 0.07790309402 0.05)
(1.61977454 0.07841987593 0.05)
(0.9835638002 0.06949482952 0.05)
(1.0071276 0.06998441238 0.05)
(1.030691401 0.07047399524 0.05)
(1.054255201 0.0709635781 0.05)
(1.077819001 0.07145316095 0.05)
(1.101382801 0.07194274381 0.05)
(1.124946602 0.07243232667 0.05)
(1.148510402 0.07292190952 0.05)
(1.172074202 0.07341149238 0.05)
(1.195638002 0.07390107524 0.05)
(1.219201803 0.0743906581 0.05)
(1.242765603 0.07488024095 0.05)
(1.266329403 0.07536982381 0.05)
(1.289893203 0.07585940667 0.05)
(1.313457004 0.07634898952 0.05)
(1.337020804 0.07683857238 0.05)
(1.360584604 0.07732815524 0.05)
(1.384148404 0.0778177381 0.05)
(1.407712205 0.07830732095 0.05)
(1.431276005 0.07879690381 0.05)
(1.454839805 0.07928648667 0.05)
(1.478403605 0.07977606952 0.05)
(1.501967405 0.08026565238 0.05)
(1.525531206 0.08075523524 0.05)
(1.549095006 0.0812448181 0.05)
(1.572658806 0.08173440095 0.05)
(1.596222606 0.08222398381 0.05)
(1.619786407 0.08271356667 0.05)
(0.983564224 0.07452289455 0.05)
(1.007128448 0.07498527836 0.05)
(1.030692672 0.07544766217 0.05)
(1.054256896 0.07591004598 0.05)
(1.07782112 0.07637242979 0.05)
(1.101385344 0.0768348136 0.05)
(1.124949568 0.07729719741 0.05)
(1.148513792 0.07775958122 0.05)
(1.172078016 0.07822196503 0.05)
(1.19564224 0.07868434884 0.05)
(1.219206464 0.07914673265 0.05)
(1.242770688 0.07960911646 0.05)
(1.266334912 0.08007150026 0.05)
(1.289899136 0.08053388407 0.05)
(1.313463361 0.08099626788 0.05)
(1.337027585 0.08145865169 0.05)
(1.360591809 0.0819210355 0.05)
(1.384156033 0.08238341931 0.05)
(1.407720257 0.08284580312 0.05)
(1.431284481 0.08330818693 0.05)
(1.454848705 0.08377057074 0.05)
(1.478412929 0.08423295455 0.05)
(1.501977153 0.08469533836 0.05)
(1.525541377 0.08515772217 0.05)
(1.549105601 0.08562010598 0.05)
(1.572669825 0.08608248979 0.05)
(1.596234049 0.0865448736 0.05)
(1.619798273 0.08700725741 0.05)
(0.9835646478 0.07955095958 0.05)
(1.007129296 0.07998614434 0.05)
(1.030693943 0.0804213291 0.05)
(1.054258591 0.08085651386 0.05)
(1.077823239 0.08129169862 0.05)
(1.101387887 0.08172688339 0.05)
(1.124952535 0.08216206815 0.05)
(1.148517183 0.08259725291 0.05)
(1.17208183 0.08303243767 0.05)
(1.195646478 0.08346762243 0.05)
(1.219211126 0.0839028072 0.05)
(1.242775774 0.08433799196 0.05)
(1.266340422 0.08477317672 0.05)
(1.28990507 0.08520836148 0.05)
(1.313469717 0.08564354624 0.05)
(1.337034365 0.08607873101 0.05)
(1.360599013 0.08651391577 0.05)
(1.384163661 0.08694910053 0.05)
(1.407728309 0.08738428529 0.05)
(1.431292957 0.08781947005 0.05)
(1.454857604 0.08825465481 0.05)
(1.478422252 0.08868983958 0.05)
(1.5019869 0.08912502434 0.05)
(1.525551548 0.0895602091 0.05)
(1.549116196 0.08999539386 0.05)
(1.572680844 0.09043057862 0.05)
(1.596245491 0.09086576339 0.05)
(1.619810139 0.09130094815 0.05)
(0.9835650716 0.0845790246 0.05)
(1.007130143 0.08498701032 0.05)
(1.030695215 0.08539499603 0.05)
(1.054260287 0.08580298175 0.05)
(1.077825358 0.08621096746 0.05)
(1.10139043 0.08661895317 0.05)
(1.124955501 0.08702693889 0.05)
(1.148520573 0.0874349246 0.05)
(1.172085645 0.08784291032 0.05)
(1.195650716 0.08825089603 0.05)
(1.219215788 0.08865888175 0.05)
(1.24278086 0.08906686746 0.05)
(1.266345931 0.08947485317 0.05)
(1.289911003 0.08988283889 0.05)
(1.313476074 0.0902908246 0.05)
(1.337041146 0.09069881032 0.05)
(1.360606218 0.09110679603 0.05)
(1.384171289 0.09151478175 0.05)
(1.407736361 0.09192276746 0.05)
(1.431301433 0.09233075317 0.05)
(1.454866504 0.09273873889 0.05)
(1.478431576 0.0931467246 0.05)
(1.501996647 0.09355471032 0.05)
(1.525561719 0.09396269603 0.05)
(1.549126791 0.09437068175 0.05)
(1.572691862 0.09477866746 0.05)
(1.596256934 0.09518665317 0.05)
(1.619822006 0.09559463889 0.05)
(0.9835654954 0.08960708963 0.05)
(1.007130991 0.0899878763 0.05)
(1.030696486 0.09036866296 0.05)
(1.054261982 0.09074944963 0.05)
(1.077827477 0.0911302363 0.05)
(1.101392973 0.09151102296 0.05)
(1.124958468 0.09189180963 0.05)
(1.148523963 0.0922725963 0.05)
(1.172089459 0.09265338296 0.05)
(1.195654954 0.09303416963 0.05)
(1.21922045 0.0934149563 0.05)
(1.242785945 0.09379574296 0.05)
(1.266351441 0.09417652963 0.05)
(1.289916936 0.0945573163 0.05)
(1.313482431 0.09493810296 0.05)
(1.337047927 0.09531888963 0.05)
(1.360613422 0.0956996763 0.05)
(1.384178918 0.09608046296 0.05)
(1.407744413 0.09646124963 0.05)
(1.431309908 0.0968420363 0.05)
(1.454875404 0.09722282296 0.05)
(1.478440899 0.09760360963 0.05)
(1.502006395 0.0979843963 0.05)
(1.52557189 0.09836518296 0.05)
(1.549137386 0.09874596963 0.05)
(1.572702881 0.0991267563 0.05)
(1.596268376 0.09950754296 0.05)
(1.619833872 0.09988832963 0.05)
(0.9835659192 0.09463515466 0.05)
(1.007131838 0.09498874228 0.05)
(1.030697758 0.09534232989 0.05)
(1.054263677 0.09569591751 0.05)
(1.077829596 0.09604950513 0.05)
(1.101395515 0.09640309275 0.05)
(1.124961435 0.09675668037 0.05)
(1.148527354 0.09711026799 0.05)
(1.172093273 0.09746385561 0.05)
(1.195659192 0.09781744323 0.05)
(1.219225111 0.09817103085 0.05)
(1.242791031 0.09852461847 0.05)
(1.26635695 0.09887820608 0.05)
(1.289922869 0.0992317937 0.05)
(1.313488788 0.09958538132 0.05)
(1.337054708 0.09993896894 0.05)
(1.360620627 0.1002925566 0.05)
(1.384186546 0.1006461442 0.05)
(1.407752465 0.1009997318 0.05)
(1.431318384 0.1013533194 0.05)
(1.454884304 0.101706907 0.05)
(1.478450223 0.1020604947 0.05)
(1.502016142 0.1024140823 0.05)
(1.525582061 0.1027676699 0.05)
(1.54914798 0.1031212575 0.05)
(1.5727139 0.1034748451 0.05)
(1.596279819 0.1038284328 0.05)
(1.619845738 0.1041820204 0.05)
(0.983566343 0.09966321968 0.05)
(1.007132686 0.09998960825 0.05)
(1.030699029 0.1003159968 0.05)
(1.054265372 0.1006423854 0.05)
(1.077831715 0.100968774 0.05)
(1.101398058 0.1012951625 0.05)
(1.124964401 0.1016215511 0.05)
(1.148530744 0.1019479397 0.05)
(1.172097087 0.1022743283 0.05)
(1.19566343 0.1026007168 0.05)
(1.219229773 0.1029271054 0.05)
(1.242796116 0.103253494 0.05)
(1.266362459 0.1035798825 0.05)
(1.289928802 0.1039062711 0.05)
(1.313495145 0.1042326597 0.05)
(1.337061488 0.1045590483 0.05)
(1.360627831 0.1048854368 0.05)
(1.384194174 0.1052118254 0.05)
(1.407760517 0.105538214 0.05)
(1.43132686 0.1058646025 0.05)
(1.454893203 0.1061909911 0.05)
(1.478459546 0.1065173797 0.05)
(1.502025889 0.1068437683 0.05)
(1.525592232 0.1071701568 0.05)
(1.549158575 0.1074965454 0.05)
(1.572724918 0.107822934 0.05)
(1.596291261 0.1081493225 0.05)
(1.619857604 0.1084757111 0.05)
(0.9835667668 0.1046912847 0.05)
(1.007133534 0.1049904742 0.05)
(1.0307003 0.1052896638 0.05)
(1.054267067 0.1055888533 0.05)
(1.077833834 0.1058880428 0.05)
(1.101400601 0.1061872323 0.05)
(1.124967368 0.1064864219 0.05)
(1.148534134 0.1067856114 0.05)
(1.172100901 0.1070848009 0.05)
(1.195667668 0.1073839904 0.05)
(1.219234435 0.1076831799 0.05)
(1.242801202 0.1079823695 0.05)
(1.266367969 0.108281559 0.05)
(1.289934735 0.1085807485 0.05)
(1.313501502 0.108879938 0.05)
(1.337068269 0.1091791276 0.05)
(1.360635036 0.1094783171 0.05)
(1.384201803 0.1097775066 0.05)
(1.407768569 0.1100766961 0.05)
(1.431335336 0.1103758857 0.05)
(1.454902103 0.1106750752 0.05)
(1.47846887 0.1109742647 0.05)
(1.502035637 0.1112734542 0.05)
(1.525602403 0.1115726438 0.05)
(1.54916917 0.1118718333 0.05)
(1.572735937 0.1121710228 0.05)
(1.596302704 0.1124702123 0.05)
(1.619869471 0.1127694019 0.05)
(0.9835671906 0.1097193497 0.05)
(1.007134381 0.1099913402 0.05)
(1.030701572 0.1102633307 0.05)
(1.054268762 0.1105353212 0.05)
(1.077835953 0.1108073116 0.05)
(1.101403144 0.1110793021 0.05)
(1.124970334 0.1113512926 0.05)
(1.148537525 0.1116232831 0.05)
(1.172104715 0.1118952735 0.05)
(1.195671906 0.112167264 0.05)
(1.219239097 0.1124392545 0.05)
(1.242806287 0.112711245 0.05)
(1.266373478 0.1129832354 0.05)
(1.289940669 0.1132552259 0.05)
(1.313507859 0.1135272164 0.05)
(1.33707505 0.1137992069 0.05)
(1.36064224 0.1140711974 0.05)
(1.384209431 0.1143431878 0.05)
(1.407776622 0.1146151783 0.05)
(1.431343812 0.1148871688 0.05)
(1.454911003 0.1151591593 0.05)
(1.478478193 0.1154311497 0.05)
(1.502045384 0.1157031402 0.05)
(1.525612575 0.1159751307 0.05)
(1.549179765 0.1162471212 0.05)
(1.572746956 0.1165191116 0.05)
(1.596314146 0.1167911021 0.05)
(1.619881337 0.1170630926 0.05)
(0.9835676144 0.1147474148 0.05)
(1.007135229 0.1149922062 0.05)
(1.030702843 0.1152369976 0.05)
(1.054270458 0.115481789 0.05)
(1.077838072 0.1157265805 0.05)
(1.101405686 0.1159713719 0.05)
(1.124973301 0.1162161633 0.05)
(1.148540915 0.1164609548 0.05)
(1.17210853 0.1167057462 0.05)
(1.195676144 0.1169505376 0.05)
(1.219243758 0.117195329 0.05)
(1.242811373 0.1174401205 0.05)
(1.266378987 0.1176849119 0.05)
(1.289946602 0.1179297033 0.05)
(1.313514216 0.1181744948 0.05)
(1.33708183 0.1184192862 0.05)
(1.360649445 0.1186640776 0.05)
(1.384217059 0.118908869 0.05)
(1.407784674 0.1191536605 0.05)
(1.431352288 0.1193984519 0.05)
(1.454919903 0.1196432433 0.05)
(1.478487517 0.1198880348 0.05)
(1.502055131 0.1201328262 0.05)
(1.525622746 0.1203776176 0.05)
(1.54919036 0.120622409 0.05)
(1.572757975 0.1208672005 0.05)
(1.596325589 0.1211119919 0.05)
(1.619893203 0.1213567833 0.05)
(0.9835680382 0.1197754798 0.05)
(1.007136076 0.1199930722 0.05)
(1.030704115 0.1202106646 0.05)
(1.054272153 0.1204282569 0.05)
(1.077840191 0.1206458493 0.05)
(1.101408229 0.1208634417 0.05)
(1.124976267 0.1210810341 0.05)
(1.148544306 0.1212986265 0.05)
(1.172112344 0.1215162188 0.05)
(1.195680382 0.1217338112 0.05)
(1.21924842 0.1219514036 0.05)
(1.242816458 0.122168996 0.05)
(1.266384497 0.1223865884 0.05)
(1.289952535 0.1226041807 0.05)
(1.313520573 0.1228217731 0.05)
(1.337088611 0.1230393655 0.05)
(1.360656649 0.1232569579 0.05)
(1.384224688 0.1234745503 0.05)
(1.407792726 0.1236921426 0.05)
(1.431360764 0.123909735 0.05)
(1.454928802 0.1241273274 0.05)
(1.47849684 0.1243449198 0.05)
(1.502064879 0.1245625122 0.05)
(1.525632917 0.1247801046 0.05)
(1.549200955 0.1249976969 0.05)
(1.572768993 0.1252152893 0.05)
(1.596337031 0.1254328817 0.05)
(1.61990507 0.1256504741 0.05)
(0.983568462 0.1248035448 0.05)
(1.007136924 0.1249939381 0.05)
(1.030705386 0.1251843315 0.05)
(1.054273848 0.1253747248 0.05)
(1.07784231 0.1255651181 0.05)
(1.101410772 0.1257555115 0.05)
(1.124979234 0.1259459048 0.05)
(1.148547696 0.1261362981 0.05)
(1.172116158 0.1263266915 0.05)
(1.19568462 0.1265170848 0.05)
(1.219253082 0.1267074781 0.05)
(1.242821544 0.1268978715 0.05)
(1.266390006 0.1270882648 0.05)
(1.289958468 0.1272786581 0.05)
(1.31352693 0.1274690515 0.05)
(1.337095392 0.1276594448 0.05)
(1.360663854 0.1278498381 0.05)
(1.384232316 0.1280402315 0.05)
(1.407800778 0.1282306248 0.05)
(1.43136924 0.1284210181 0.05)
(1.454937702 0.1286114115 0.05)
(1.478506164 0.1288018048 0.05)
(1.502074626 0.1289921981 0.05)
(1.525643088 0.1291825915 0.05)
(1.54921155 0.1293729848 0.05)
(1.572780012 0.1295633781 0.05)
(1.596348474 0.1297537715 0.05)
(1.619916936 0.1299441648 0.05)
(0.9835688858 0.1298316098 0.05)
(1.007137772 0.1299948041 0.05)
(1.030706657 0.1301579984 0.05)
(1.054275543 0.1303211927 0.05)
(1.077844429 0.130484387 0.05)
(1.101413315 0.1306475813 0.05)
(1.124982201 0.1308107756 0.05)
(1.148551086 0.1309739698 0.05)
(1.172119972 0.1311371641 0.05)
(1.195688858 0.1313003584 0.05)
(1.219257744 0.1314635527 0.05)
(1.24282663 0.131626747 0.05)
(1.266395515 0.1317899413 0.05)
(1.289964401 0.1319531356 0.05)
(1.313533287 0.1321163298 0.05)
(1.337102173 0.1322795241 0.05)
(1.360671058 0.1324427184 0.05)
(1.384239944 0.1326059127 0.05)
(1.40780883 0.132769107 0.05)
(1.431377716 0.1329323013 0.05)
(1.454946602 0.1330954956 0.05)
(1.478515487 0.1332586898 0.05)
(1.502084373 0.1334218841 0.05)
(1.525653259 0.1335850784 0.05)
(1.549222145 0.1337482727 0.05)
(1.572791031 0.133911467 0.05)
(1.596359916 0.1340746613 0.05)
(1.619928802 0.1342378556 0.05)
(0.9835693096 0.1348596749 0.05)
(1.007138619 0.1349956701 0.05)
(1.030707929 0.1351316653 0.05)
(1.054277238 0.1352676606 0.05)
(1.077846548 0.1354036558 0.05)
(1.101415858 0.1355396511 0.05)
(1.124985167 0.1356756463 0.05)
(1.148554477 0.1358116415 0.05)
(1.172123786 0.1359476368 0.05)
(1.195693096 0.136083632 0.05)
(1.219262405 0.1362196272 0.05)
(1.242831715 0.1363556225 0.05)
(1.266401025 0.1364916177 0.05)
(1.289970334 0.136627613 0.05)
(1.313539644 0.1367636082 0.05)
(1.337108953 0.1368996034 0.05)
(1.360678263 0.1370355987 0.05)
(1.384247573 0.1371715939 0.05)
(1.407816882 0.1373075892 0.05)
(1.431386192 0.1374435844 0.05)
(1.454955501 0.1375795796 0.05)
(1.478524811 0.1377155749 0.05)
(1.502094121 0.1378515701 0.05)
(1.52566343 0.1379875653 0.05)
(1.54923274 0.1381235606 0.05)
(1.572802049 0.1382595558 0.05)
(1.596371359 0.1383955511 0.05)
(1.619940669 0.1385315463 0.05)
(0.9835697334 0.1398877399 0.05)
(1.007139467 0.1399965361 0.05)
(1.0307092 0.1401053323 0.05)
(1.054278934 0.1402141285 0.05)
(1.077848667 0.1403229247 0.05)
(1.1014184 0.1404317208 0.05)
(1.124988134 0.140540517 0.05)
(1.148557867 0.1406493132 0.05)
(1.1721276 0.1407581094 0.05)
(1.195697334 0.1408669056 0.05)
(1.219267067 0.1409757018 0.05)
(1.242836801 0.141084498 0.05)
(1.266406534 0.1411932942 0.05)
(1.289976267 0.1413020904 0.05)
(1.313546001 0.1414108866 0.05)
(1.337115734 0.1415196828 0.05)
(1.360685468 0.1416284789 0.05)
(1.384255201 0.1417372751 0.05)
(1.407824934 0.1418460713 0.05)
(1.431394668 0.1419548675 0.05)
(1.454964401 0.1420636637 0.05)
(1.478534134 0.1421724599 0.05)
(1.502103868 0.1422812561 0.05)
(1.525673601 0.1423900523 0.05)
(1.549243335 0.1424988485 0.05)
(1.572813068 0.1426076447 0.05)
(1.596382801 0.1427164408 0.05)
(1.619952535 0.142825237 0.05)
(0.9835701572 0.1449158049 0.05)
(1.007140314 0.1449974021 0.05)
(1.030710472 0.1450789992 0.05)
(1.054280629 0.1451605963 0.05)
(1.077850786 0.1452421935 0.05)
(1.101420943 0.1453237906 0.05)
(1.1249911 0.1454053878 0.05)
(1.148561257 0.1454869849 0.05)
(1.172131415 0.1455685821 0.05)
(1.195701572 0.1456501792 0.05)
(1.219271729 0.1457317763 0.05)
(1.242841886 0.1458133735 0.05)
(1.266412043 0.1458949706 0.05)
(1.289982201 0.1459765678 0.05)
(1.313552358 0.1460581649 0.05)
(1.337122515 0.1461397621 0.05)
(1.360692672 0.1462213592 0.05)
(1.384262829 0.1463029563 0.05)
(1.407832986 0.1463845535 0.05)
(1.431403144 0.1464661506 0.05)
(1.454973301 0.1465477478 0.05)
(1.478543458 0.1466293449 0.05)
(1.502113615 0.1467109421 0.05)
(1.525683772 0.1467925392 0.05)
(1.54925393 0.1468741363 0.05)
(1.572824087 0.1469557335 0.05)
(1.596394244 0.1470373306 0.05)
(1.619964401 0.1471189278 0.05)
(0.983570581 0.1499438699 0.05)
(1.007141162 0.149998268 0.05)
(1.030711743 0.1500526661 0.05)
(1.054282324 0.1501070642 0.05)
(1.077852905 0.1501614623 0.05)
(1.101423486 0.1502158604 0.05)
(1.124994067 0.1502702585 0.05)
(1.148564648 0.1503246566 0.05)
(1.172135229 0.1503790547 0.05)
(1.19570581 0.1504334528 0.05)
(1.219276391 0.1504878509 0.05)
(1.242846972 0.150542249 0.05)
(1.266417553 0.1505966471 0.05)
(1.289988134 0.1506510452 0.05)
(1.313558715 0.1507054433 0.05)
(1.337129296 0.1507598414 0.05)
(1.360699877 0.1508142395 0.05)
(1.384270458 0.1508686376 0.05)
(1.407841039 0.1509230357 0.05)
(1.43141162 0.1509774338 0.05)
(1.454982201 0.1510318319 0.05)
(1.478552782 0.1510862299 0.05)
(1.502123363 0.151140628 0.05)
(1.525693943 0.1511950261 0.05)
(1.549264524 0.1512494242 0.05)
(1.572835105 0.1513038223 0.05)
(1.596405686 0.1513582204 0.05)
(1.619976267 0.1514126185 0.05)
(0.9835710048 0.154971935 0.05)
(1.00714201 0.154999134 0.05)
(1.030713014 0.1550263331 0.05)
(1.054284019 0.1550535321 0.05)
(1.077855024 0.1550807312 0.05)
(1.101426029 0.1551079302 0.05)
(1.124997033 0.1551351293 0.05)
(1.148568038 0.1551623283 0.05)
(1.172139043 0.1551895274 0.05)
(1.195710048 0.1552167264 0.05)
(1.219281053 0.1552439254 0.05)
(1.242852057 0.1552711245 0.05)
(1.266423062 0.1552983235 0.05)
(1.289994067 0.1553255226 0.05)
(1.313565072 0.1553527216 0.05)
(1.337136076 0.1553799207 0.05)
(1.360707081 0.1554071197 0.05)
(1.384278086 0.1554343188 0.05)
(1.407849091 0.1554615178 0.05)
(1.431420096 0.1554887169 0.05)
(1.4549911 0.1555159159 0.05)
(1.478562105 0.155543115 0.05)
(1.50213311 0.155570314 0.05)
(1.525704115 0.1555975131 0.05)
(1.549275119 0.1556247121 0.05)
(1.572846124 0.1556519112 0.05)
(1.596417129 0.1556791102 0.05)
(1.619988134 0.1557063093 0.05)
(0.9835714286 0.16 0.05)
(1.007142857 0.16 0.05)
(1.030714286 0.16 0.05)
(1.054285714 0.16 0.05)
(1.077857143 0.16 0.05)
(1.101428571 0.16 0.05)
(1.125 0.16 0.05)
(1.148571429 0.16 0.05)
(1.172142857 0.16 0.05)
(1.195714286 0.16 0.05)
(1.219285714 0.16 0.05)
(1.242857143 0.16 0.05)
(1.266428571 0.16 0.05)
(1.29 0.16 0.05)
(1.313571429 0.16 0.05)
(1.337142857 0.16 0.05)
(1.360714286 0.16 0.05)
(1.384285714 0.16 0.05)
(1.407857143 0.16 0.05)
(1.431428571 0.16 0.05)
(1.455 0.16 0.05)
(1.478571429 0.16 0.05)
(1.502142857 0.16 0.05)
(1.525714286 0.16 0.05)
(1.549285714 0.16 0.05)
(1.572857143 0.16 0.05)
(1.596428571 0.16 0.05)
(1.62 0.16 0.05)
)


// ************************************************************************* //
