<?xml version='1.0'?>
<!-- case='local_case' region='region0' time='70' index='70' -->
<VTKFile type='UnstructuredGrid' version='0.1' byte_order='LittleEndian' header_type='UInt64'>
  <UnstructuredGrid>
    <FieldData>
      <DataArray type='Float32' Name='TimeValue' NumberOfTuples='1' format='ascii'>
70
      </DataArray>
    </FieldData>
    <Piece NumberOfPoints='4312' NumberOfCells='2052'>
      <Points>
        <DataArray type='Float32' Name='Points' NumberOfComponents='3' format='ascii'>
0 0 0 0.0242857 0 0 0.0485714 0 0
0.0728571 0 0 0.0971429 0 0 0.121429 0 0
0.145714 0 0 0.17 0 0 0.194286 0 0
0.218571 0 0 0.242857 0 0 0.267143 0 0
0.291429 0 0 0.315714 0 0 0.34 0 0
0 0.00592593 0 0.0242857 0.00592593 0 0.0485714 0.00592593 0
0.0728571 0.00592593 0 0.0971429 0.00592593 0 0.121429 0.00592593 0
0.145714 0.00592593 0 0.17 0.00592593 0 0.194286 0.00592593 0
0.218571 0.00592593 0 0.242857 0.00592593 0 0.267143 0.00592593 0
0.291429 0.00592593 0 0.315714 0.00592593 0 0.34 0.00592593 0
0 0.0118519 0 0.0242857 0.0118519 0 0.0485714 0.0118519 0
0.0728571 0.0118519 0 0.0971429 0.0118519 0 0.121429 0.0118519 0
0.145714 0.0118519 0 0.17 0.0118519 0 0.194286 0.0118519 0
0.218571 0.0118519 0 0.242857 0.0118519 0 0.267143 0.0118519 0
0.291429 0.0118519 0 0.315714 0.0118519 0 0.34 0.0118519 0
0 0.0177778 0 0.0242857 0.0177778 0 0.0485714 0.0177778 0
0.0728571 0.0177778 0 0.0971429 0.0177778 0 0.121429 0.0177778 0
0.145714 0.0177778 0 0.17 0.0177778 0 0.194286 0.0177778 0
0.218571 0.0177778 0 0.242857 0.0177778 0 0.267143 0.0177778 0
0.291429 0.0177778 0 0.315714 0.0177778 0 0.34 0.0177778 0
0 0.0237037 0 0.0242857 0.0237037 0 0.0485714 0.0237037 0
0.0728571 0.0237037 0 0.0971429 0.0237037 0 0.121429 0.0237037 0
0.145714 0.0237037 0 0.17 0.0237037 0 0.194286 0.0237037 0
0.218571 0.0237037 0 0.242857 0.0237037 0 0.267143 0.0237037 0
0.291429 0.0237037 0 0.315714 0.0237037 0 0.34 0.0237037 0
0 0.0296296 0 0.0242857 0.0296296 0 0.0485714 0.0296296 0
0.0728571 0.0296296 0 0.0971429 0.0296296 0 0.121429 0.0296296 0
0.145714 0.0296296 0 0.17 0.0296296 0 0.194286 0.0296296 0
0.218571 0.0296296 0 0.242857 0.0296296 0 0.267143 0.0296296 0
0.291429 0.0296296 0 0.315714 0.0296296 0 0.34 0.0296296 0
0 0.0355556 0 0.0242857 0.0355556 0 0.0485714 0.0355556 0
0.0728571 0.0355556 0 0.0971429 0.0355556 0 0.121429 0.0355556 0
0.145714 0.0355556 0 0.17 0.0355556 0 0.194286 0.0355556 0
0.218571 0.0355556 0 0.242857 0.0355556 0 0.267143 0.0355556 0
0.291429 0.0355556 0 0.315714 0.0355556 0 0.34 0.0355556 0
0 0.0414815 0 0.0242857 0.0414815 0 0.0485714 0.0414815 0
0.0728571 0.0414815 0 0.0971429 0.0414815 0 0.121429 0.0414815 0
0.145714 0.0414815 0 0.17 0.0414815 0 0.194286 0.0414815 0
0.218571 0.0414815 0 0.242857 0.0414815 0 0.267143 0.0414815 0
0.291429 0.0414815 0 0.315714 0.0414815 0 0.34 0.0414815 0
0 0.0474074 0 0.0242857 0.0474074 0 0.0485714 0.0474074 0
0.0728571 0.0474074 0 0.0971429 0.0474074 0 0.121429 0.0474074 0
0.145714 0.0474074 0 0.17 0.0474074 0 0.194286 0.0474074 0
0.218571 0.0474074 0 0.242857 0.0474074 0 0.267143 0.0474074 0
0.291429 0.0474074 0 0.315714 0.0474074 0 0.34 0.0474074 0
0 0.0533333 0 0.0242857 0.0533333 0 0.0485714 0.0533333 0
0.0728571 0.0533333 0 0.0971429 0.0533333 0 0.121429 0.0533333 0
0.145714 0.0533333 0 0.17 0.0533333 0 0.194286 0.0533333 0
0.218571 0.0533333 0 0.242857 0.0533333 0 0.267143 0.0533333 0
0.291429 0.0533333 0 0.315714 0.0533333 0 0.34 0.0533333 0
0 0.0592593 0 0.0242857 0.0592593 0 0.0485714 0.0592593 0
0.0728571 0.0592593 0 0.0971429 0.0592593 0 0.121429 0.0592593 0
0.145714 0.0592593 0 0.17 0.0592593 0 0.194286 0.0592593 0
0.218571 0.0592593 0 0.242857 0.0592593 0 0.267143 0.0592593 0
0.291429 0.0592593 0 0.315714 0.0592593 0 0.34 0.0592593 0
0 0.0651852 0 0.0242857 0.0651852 0 0.0485714 0.0651852 0
0.0728571 0.0651852 0 0.0971429 0.0651852 0 0.121429 0.0651852 0
0.145714 0.0651852 0 0.17 0.0651852 0 0.194286 0.0651852 0
0.218571 0.0651852 0 0.242857 0.0651852 0 0.267143 0.0651852 0
0.291429 0.0651852 0 0.315714 0.0651852 0 0.34 0.0651852 0
0 0.0711111 0 0.0242857 0.0711111 0 0.0485714 0.0711111 0
0.0728571 0.0711111 0 0.0971429 0.0711111 0 0.121429 0.0711111 0
0.145714 0.0711111 0 0.17 0.0711111 0 0.194286 0.0711111 0
0.218571 0.0711111 0 0.242857 0.0711111 0 0.267143 0.0711111 0
0.291429 0.0711111 0 0.315714 0.0711111 0 0.34 0.0711111 0
0 0.077037 0 0.0242857 0.077037 0 0.0485714 0.077037 0
0.0728571 0.077037 0 0.0971429 0.077037 0 0.121429 0.077037 0
0.145714 0.077037 0 0.17 0.077037 0 0.194286 0.077037 0
0.218571 0.077037 0 0.242857 0.077037 0 0.267143 0.077037 0
0.291429 0.077037 0 0.315714 0.077037 0 0.34 0.077037 0
0 0.082963 0 0.0242857 0.082963 0 0.0485714 0.082963 0
0.0728571 0.082963 0 0.0971429 0.082963 0 0.121429 0.082963 0
0.145714 0.082963 0 0.17 0.082963 0 0.194286 0.082963 0
0.218571 0.082963 0 0.242857 0.082963 0 0.267143 0.082963 0
0.291429 0.082963 0 0.315714 0.082963 0 0.34 0.082963 0
0 0.0888889 0 0.0242857 0.0888889 0 0.0485714 0.0888889 0
0.0728571 0.0888889 0 0.0971429 0.0888889 0 0.121429 0.0888889 0
0.145714 0.0888889 0 0.17 0.0888889 0 0.194286 0.0888889 0
0.218571 0.0888889 0 0.242857 0.0888889 0 0.267143 0.0888889 0
0.291429 0.0888889 0 0.315714 0.0888889 0 0.34 0.0888889 0
0 0.0948148 0 0.0242857 0.0948148 0 0.0485714 0.0948148 0
0.0728571 0.0948148 0 0.0971429 0.0948148 0 0.121429 0.0948148 0
0.145714 0.0948148 0 0.17 0.0948148 0 0.194286 0.0948148 0
0.218571 0.0948148 0 0.242857 0.0948148 0 0.267143 0.0948148 0
0.291429 0.0948148 0 0.315714 0.0948148 0 0.34 0.0948148 0
0 0.100741 0 0.0242857 0.100741 0 0.0485714 0.100741 0
0.0728571 0.100741 0 0.0971429 0.100741 0 0.121429 0.100741 0
0.145714 0.100741 0 0.17 0.100741 0 0.194286 0.100741 0
0.218571 0.100741 0 0.242857 0.100741 0 0.267143 0.100741 0
0.291429 0.100741 0 0.315714 0.100741 0 0.34 0.100741 0
0 0.106667 0 0.0242857 0.106667 0 0.0485714 0.106667 0
0.0728571 0.106667 0 0.0971429 0.106667 0 0.121429 0.106667 0
0.145714 0.106667 0 0.17 0.106667 0 0.194286 0.106667 0
0.218571 0.106667 0 0.242857 0.106667 0 0.267143 0.106667 0
0.291429 0.106667 0 0.315714 0.106667 0 0.34 0.106667 0
0 0.112593 0 0.0242857 0.112593 0 0.0485714 0.112593 0
0.0728571 0.112593 0 0.0971429 0.112593 0 0.121429 0.112593 0
0.145714 0.112593 0 0.17 0.112593 0 0.194286 0.112593 0
0.218571 0.112593 0 0.242857 0.112593 0 0.267143 0.112593 0
0.291429 0.112593 0 0.315714 0.112593 0 0.34 0.112593 0
0 0.118519 0 0.0242857 0.118519 0 0.0485714 0.118519 0
0.0728571 0.118519 0 0.0971429 0.118519 0 0.121429 0.118519 0
0.145714 0.118519 0 0.17 0.118519 0 0.194286 0.118519 0
0.218571 0.118519 0 0.242857 0.118519 0 0.267143 0.118519 0
0.291429 0.118519 0 0.315714 0.118519 0 0.34 0.118519 0
0 0.124444 0 0.0242857 0.124444 0 0.0485714 0.124444 0
0.0728571 0.124444 0 0.0971429 0.124444 0 0.121429 0.124444 0
0.145714 0.124444 0 0.17 0.124444 0 0.194286 0.124444 0
0.218571 0.124444 0 0.242857 0.124444 0 0.267143 0.124444 0
0.291429 0.124444 0 0.315714 0.124444 0 0.34 0.124444 0
0 0.13037 0 0.0242857 0.13037 0 0.0485714 0.13037 0
0.0728571 0.13037 0 0.0971429 0.13037 0 0.121429 0.13037 0
0.145714 0.13037 0 0.17 0.13037 0 0.194286 0.13037 0
0.218571 0.13037 0 0.242857 0.13037 0 0.267143 0.13037 0
0.291429 0.13037 0 0.315714 0.13037 0 0.34 0.13037 0
0 0.136296 0 0.0242857 0.136296 0 0.0485714 0.136296 0
0.0728571 0.136296 0 0.0971429 0.136296 0 0.121429 0.136296 0
0.145714 0.136296 0 0.17 0.136296 0 0.194286 0.136296 0
0.218571 0.136296 0 0.242857 0.136296 0 0.267143 0.136296 0
0.291429 0.136296 0 0.315714 0.136296 0 0.34 0.136296 0
0 0.142222 0 0.0242857 0.142222 0 0.0485714 0.142222 0
0.0728571 0.142222 0 0.0971429 0.142222 0 0.121429 0.142222 0
0.145714 0.142222 0 0.17 0.142222 0 0.194286 0.142222 0
0.218571 0.142222 0 0.242857 0.142222 0 0.267143 0.142222 0
0.291429 0.142222 0 0.315714 0.142222 0 0.34 0.142222 0
0 0.148148 0 0.0242857 0.148148 0 0.0485714 0.148148 0
0.0728571 0.148148 0 0.0971429 0.148148 0 0.121429 0.148148 0
0.145714 0.148148 0 0.17 0.148148 0 0.194286 0.148148 0
0.218571 0.148148 0 0.242857 0.148148 0 0.267143 0.148148 0
0.291429 0.148148 0 0.315714 0.148148 0 0.34 0.148148 0
0 0.154074 0 0.0242857 0.154074 0 0.0485714 0.154074 0
0.0728571 0.154074 0 0.0971429 0.154074 0 0.121429 0.154074 0
0.145714 0.154074 0 0.17 0.154074 0 0.194286 0.154074 0
0.218571 0.154074 0 0.242857 0.154074 0 0.267143 0.154074 0
0.291429 0.154074 0 0.315714 0.154074 0 0.34 0.154074 0
0 0.16 0 0.0242857 0.16 0 0.0485714 0.16 0
0.0728571 0.16 0 0.0971429 0.16 0 0.121429 0.16 0
0.145714 0.16 0 0.17 0.16 0 0.194286 0.16 0
0.218571 0.16 0 0.242857 0.16 0 0.267143 0.16 0
0.291429 0.16 0 0.315714 0.16 0 0.34 0.16 0
0 0 0.05 0.0242857 0 0.05 0.0485714 0 0.05
0.0728571 0 0.05 0.0971429 0 0.05 0.121429 0 0.05
0.145714 0 0.05 0.17 0 0.05 0.194286 0 0.05
0.218571 0 0.05 0.242857 0 0.05 0.267143 0 0.05
0.291429 0 0.05 0.315714 0 0.05 0.34 0 0.05
0 0.00592593 0.05 0.0242857 0.00592593 0.05 0.0485714 0.00592593 0.05
0.0728571 0.00592593 0.05 0.0971429 0.00592593 0.05 0.121429 0.00592593 0.05
0.145714 0.00592593 0.05 0.17 0.00592593 0.05 0.194286 0.00592593 0.05
0.218571 0.00592593 0.05 0.242857 0.00592593 0.05 0.267143 0.00592593 0.05
0.291429 0.00592593 0.05 0.315714 0.00592593 0.05 0.34 0.00592593 0.05
0 0.0118519 0.05 0.0242857 0.0118519 0.05 0.0485714 0.0118519 0.05
0.0728571 0.0118519 0.05 0.0971429 0.0118519 0.05 0.121429 0.0118519 0.05
0.145714 0.0118519 0.05 0.17 0.0118519 0.05 0.194286 0.0118519 0.05
0.218571 0.0118519 0.05 0.242857 0.0118519 0.05 0.267143 0.0118519 0.05
0.291429 0.0118519 0.05 0.315714 0.0118519 0.05 0.34 0.0118519 0.05
0 0.0177778 0.05 0.0242857 0.0177778 0.05 0.0485714 0.0177778 0.05
0.0728571 0.0177778 0.05 0.0971429 0.0177778 0.05 0.121429 0.0177778 0.05
0.145714 0.0177778 0.05 0.17 0.0177778 0.05 0.194286 0.0177778 0.05
0.218571 0.0177778 0.05 0.242857 0.0177778 0.05 0.267143 0.0177778 0.05
0.291429 0.0177778 0.05 0.315714 0.0177778 0.05 0.34 0.0177778 0.05
0 0.0237037 0.05 0.0242857 0.0237037 0.05 0.0485714 0.0237037 0.05
0.0728571 0.0237037 0.05 0.0971429 0.0237037 0.05 0.121429 0.0237037 0.05
0.145714 0.0237037 0.05 0.17 0.0237037 0.05 0.194286 0.0237037 0.05
0.218571 0.0237037 0.05 0.242857 0.0237037 0.05 0.267143 0.0237037 0.05
0.291429 0.0237037 0.05 0.315714 0.0237037 0.05 0.34 0.0237037 0.05
0 0.0296296 0.05 0.0242857 0.0296296 0.05 0.0485714 0.0296296 0.05
0.0728571 0.0296296 0.05 0.0971429 0.0296296 0.05 0.121429 0.0296296 0.05
0.145714 0.0296296 0.05 0.17 0.0296296 0.05 0.194286 0.0296296 0.05
0.218571 0.0296296 0.05 0.242857 0.0296296 0.05 0.267143 0.0296296 0.05
0.291429 0.0296296 0.05 0.315714 0.0296296 0.05 0.34 0.0296296 0.05
0 0.0355556 0.05 0.0242857 0.0355556 0.05 0.0485714 0.0355556 0.05
0.0728571 0.0355556 0.05 0.0971429 0.0355556 0.05 0.121429 0.0355556 0.05
0.145714 0.0355556 0.05 0.17 0.0355556 0.05 0.194286 0.0355556 0.05
0.218571 0.0355556 0.05 0.242857 0.0355556 0.05 0.267143 0.0355556 0.05
0.291429 0.0355556 0.05 0.315714 0.0355556 0.05 0.34 0.0355556 0.05
0 0.0414815 0.05 0.0242857 0.0414815 0.05 0.0485714 0.0414815 0.05
0.0728571 0.0414815 0.05 0.0971429 0.0414815 0.05 0.121429 0.0414815 0.05
0.145714 0.0414815 0.05 0.17 0.0414815 0.05 0.194286 0.0414815 0.05
0.218571 0.0414815 0.05 0.242857 0.0414815 0.05 0.267143 0.0414815 0.05
0.291429 0.0414815 0.05 0.315714 0.0414815 0.05 0.34 0.0414815 0.05
0 0.0474074 0.05 0.0242857 0.0474074 0.05 0.0485714 0.0474074 0.05
0.0728571 0.0474074 0.05 0.0971429 0.0474074 0.05 0.121429 0.0474074 0.05
0.145714 0.0474074 0.05 0.17 0.0474074 0.05 0.194286 0.0474074 0.05
0.218571 0.0474074 0.05 0.242857 0.0474074 0.05 0.267143 0.0474074 0.05
0.291429 0.0474074 0.05 0.315714 0.0474074 0.05 0.34 0.0474074 0.05
0 0.0533333 0.05 0.0242857 0.0533333 0.05 0.0485714 0.0533333 0.05
0.0728571 0.0533333 0.05 0.0971429 0.0533333 0.05 0.121429 0.0533333 0.05
0.145714 0.0533333 0.05 0.17 0.0533333 0.05 0.194286 0.0533333 0.05
0.218571 0.0533333 0.05 0.242857 0.0533333 0.05 0.267143 0.0533333 0.05
0.291429 0.0533333 0.05 0.315714 0.0533333 0.05 0.34 0.0533333 0.05
0 0.0592593 0.05 0.0242857 0.0592593 0.05 0.0485714 0.0592593 0.05
0.0728571 0.0592593 0.05 0.0971429 0.0592593 0.05 0.121429 0.0592593 0.05
0.145714 0.0592593 0.05 0.17 0.0592593 0.05 0.194286 0.0592593 0.05
0.218571 0.0592593 0.05 0.242857 0.0592593 0.05 0.267143 0.0592593 0.05
0.291429 0.0592593 0.05 0.315714 0.0592593 0.05 0.34 0.0592593 0.05
0 0.0651852 0.05 0.0242857 0.0651852 0.05 0.0485714 0.0651852 0.05
0.0728571 0.0651852 0.05 0.0971429 0.0651852 0.05 0.121429 0.0651852 0.05
0.145714 0.0651852 0.05 0.17 0.0651852 0.05 0.194286 0.0651852 0.05
0.218571 0.0651852 0.05 0.242857 0.0651852 0.05 0.267143 0.0651852 0.05
0.291429 0.0651852 0.05 0.315714 0.0651852 0.05 0.34 0.0651852 0.05
0 0.0711111 0.05 0.0242857 0.0711111 0.05 0.0485714 0.0711111 0.05
0.0728571 0.0711111 0.05 0.0971429 0.0711111 0.05 0.121429 0.0711111 0.05
0.145714 0.0711111 0.05 0.17 0.0711111 0.05 0.194286 0.0711111 0.05
0.218571 0.0711111 0.05 0.242857 0.0711111 0.05 0.267143 0.0711111 0.05
0.291429 0.0711111 0.05 0.315714 0.0711111 0.05 0.34 0.0711111 0.05
0 0.077037 0.05 0.0242857 0.077037 0.05 0.0485714 0.077037 0.05
0.0728571 0.077037 0.05 0.0971429 0.077037 0.05 0.121429 0.077037 0.05
0.145714 0.077037 0.05 0.17 0.077037 0.05 0.194286 0.077037 0.05
0.218571 0.077037 0.05 0.242857 0.077037 0.05 0.267143 0.077037 0.05
0.291429 0.077037 0.05 0.315714 0.077037 0.05 0.34 0.077037 0.05
0 0.082963 0.05 0.0242857 0.082963 0.05 0.0485714 0.082963 0.05
0.0728571 0.082963 0.05 0.0971429 0.082963 0.05 0.121429 0.082963 0.05
0.145714 0.082963 0.05 0.17 0.082963 0.05 0.194286 0.082963 0.05
0.218571 0.082963 0.05 0.242857 0.082963 0.05 0.267143 0.082963 0.05
0.291429 0.082963 0.05 0.315714 0.082963 0.05 0.34 0.082963 0.05
0 0.0888889 0.05 0.0242857 0.0888889 0.05 0.0485714 0.0888889 0.05
0.0728571 0.0888889 0.05 0.0971429 0.0888889 0.05 0.121429 0.0888889 0.05
0.145714 0.0888889 0.05 0.17 0.0888889 0.05 0.194286 0.0888889 0.05
0.218571 0.0888889 0.05 0.242857 0.0888889 0.05 0.267143 0.0888889 0.05
0.291429 0.0888889 0.05 0.315714 0.0888889 0.05 0.34 0.0888889 0.05
0 0.0948148 0.05 0.0242857 0.0948148 0.05 0.0485714 0.0948148 0.05
0.0728571 0.0948148 0.05 0.0971429 0.0948148 0.05 0.121429 0.0948148 0.05
0.145714 0.0948148 0.05 0.17 0.0948148 0.05 0.194286 0.0948148 0.05
0.218571 0.0948148 0.05 0.242857 0.0948148 0.05 0.267143 0.0948148 0.05
0.291429 0.0948148 0.05 0.315714 0.0948148 0.05 0.34 0.0948148 0.05
0 0.100741 0.05 0.0242857 0.100741 0.05 0.0485714 0.100741 0.05
0.0728571 0.100741 0.05 0.0971429 0.100741 0.05 0.121429 0.100741 0.05
0.145714 0.100741 0.05 0.17 0.100741 0.05 0.194286 0.100741 0.05
0.218571 0.100741 0.05 0.242857 0.100741 0.05 0.267143 0.100741 0.05
0.291429 0.100741 0.05 0.315714 0.100741 0.05 0.34 0.100741 0.05
0 0.106667 0.05 0.0242857 0.106667 0.05 0.0485714 0.106667 0.05
0.0728571 0.106667 0.05 0.0971429 0.106667 0.05 0.121429 0.106667 0.05
0.145714 0.106667 0.05 0.17 0.106667 0.05 0.194286 0.106667 0.05
0.218571 0.106667 0.05 0.242857 0.106667 0.05 0.267143 0.106667 0.05
0.291429 0.106667 0.05 0.315714 0.106667 0.05 0.34 0.106667 0.05
0 0.112593 0.05 0.0242857 0.112593 0.05 0.0485714 0.112593 0.05
0.0728571 0.112593 0.05 0.0971429 0.112593 0.05 0.121429 0.112593 0.05
0.145714 0.112593 0.05 0.17 0.112593 0.05 0.194286 0.112593 0.05
0.218571 0.112593 0.05 0.242857 0.112593 0.05 0.267143 0.112593 0.05
0.291429 0.112593 0.05 0.315714 0.112593 0.05 0.34 0.112593 0.05
0 0.118519 0.05 0.0242857 0.118519 0.05 0.0485714 0.118519 0.05
0.0728571 0.118519 0.05 0.0971429 0.118519 0.05 0.121429 0.118519 0.05
0.145714 0.118519 0.05 0.17 0.118519 0.05 0.194286 0.118519 0.05
0.218571 0.118519 0.05 0.242857 0.118519 0.05 0.267143 0.118519 0.05
0.291429 0.118519 0.05 0.315714 0.118519 0.05 0.34 0.118519 0.05
0 0.124444 0.05 0.0242857 0.124444 0.05 0.0485714 0.124444 0.05
0.0728571 0.124444 0.05 0.0971429 0.124444 0.05 0.121429 0.124444 0.05
0.145714 0.124444 0.05 0.17 0.124444 0.05 0.194286 0.124444 0.05
0.218571 0.124444 0.05 0.242857 0.124444 0.05 0.267143 0.124444 0.05
0.291429 0.124444 0.05 0.315714 0.124444 0.05 0.34 0.124444 0.05
0 0.13037 0.05 0.0242857 0.13037 0.05 0.0485714 0.13037 0.05
0.0728571 0.13037 0.05 0.0971429 0.13037 0.05 0.121429 0.13037 0.05
0.145714 0.13037 0.05 0.17 0.13037 0.05 0.194286 0.13037 0.05
0.218571 0.13037 0.05 0.242857 0.13037 0.05 0.267143 0.13037 0.05
0.291429 0.13037 0.05 0.315714 0.13037 0.05 0.34 0.13037 0.05
0 0.136296 0.05 0.0242857 0.136296 0.05 0.0485714 0.136296 0.05
0.0728571 0.136296 0.05 0.0971429 0.136296 0.05 0.121429 0.136296 0.05
0.145714 0.136296 0.05 0.17 0.136296 0.05 0.194286 0.136296 0.05
0.218571 0.136296 0.05 0.242857 0.136296 0.05 0.267143 0.136296 0.05
0.291429 0.136296 0.05 0.315714 0.136296 0.05 0.34 0.136296 0.05
0 0.142222 0.05 0.0242857 0.142222 0.05 0.0485714 0.142222 0.05
0.0728571 0.142222 0.05 0.0971429 0.142222 0.05 0.121429 0.142222 0.05
0.145714 0.142222 0.05 0.17 0.142222 0.05 0.194286 0.142222 0.05
0.218571 0.142222 0.05 0.242857 0.142222 0.05 0.267143 0.142222 0.05
0.291429 0.142222 0.05 0.315714 0.142222 0.05 0.34 0.142222 0.05
0 0.148148 0.05 0.0242857 0.148148 0.05 0.0485714 0.148148 0.05
0.0728571 0.148148 0.05 0.0971429 0.148148 0.05 0.121429 0.148148 0.05
0.145714 0.148148 0.05 0.17 0.148148 0.05 0.194286 0.148148 0.05
0.218571 0.148148 0.05 0.242857 0.148148 0.05 0.267143 0.148148 0.05
0.291429 0.148148 0.05 0.315714 0.148148 0.05 0.34 0.148148 0.05
0 0.154074 0.05 0.0242857 0.154074 0.05 0.0485714 0.154074 0.05
0.0728571 0.154074 0.05 0.0971429 0.154074 0.05 0.121429 0.154074 0.05
0.145714 0.154074 0.05 0.17 0.154074 0.05 0.194286 0.154074 0.05
0.218571 0.154074 0.05 0.242857 0.154074 0.05 0.267143 0.154074 0.05
0.291429 0.154074 0.05 0.315714 0.154074 0.05 0.34 0.154074 0.05
0 0.16 0.05 0.0242857 0.16 0.05 0.0485714 0.16 0.05
0.0728571 0.16 0.05 0.0971429 0.16 0.05 0.121429 0.16 0.05
0.145714 0.16 0.05 0.17 0.16 0.05 0.194286 0.16 0.05
0.218571 0.16 0.05 0.242857 0.16 0.05 0.267143 0.16 0.05
0.291429 0.16 0.05 0.315714 0.16 0.05 0.34 0.16 0.05
0.364524 9.58333e-05 0 0.389049 0.000191667 0 0.413573 0.0002875 0
0.438098 0.000383333 0 0.462622 0.000479167 0 0.487147 0.000575 0
0.511671 0.000670833 0 0.536196 0.000766667 0 0.56072 0.0008625 0
0.585244 0.000958333 0 0.609769 0.00105417 0 0.634293 0.00115 0
0.658818 0.00124583 0 0.683342 0.00134167 0 0.707867 0.0014375 0
0.732391 0.00153333 0 0.756916 0.00162917 0 0.78144 0.001725 0
0.364524 0.00601821 0 0.389049 0.00611049 0 0.413573 0.00620278 0
0.438098 0.00629506 0 0.462622 0.00638735 0 0.487147 0.00647963 0
0.511671 0.00657191 0 0.536196 0.0066642 0 0.56072 0.00675648 0
0.585244 0.00684877 0 0.609769 0.00694105 0 0.634293 0.00703333 0
0.658818 0.00712562 0 0.683342 0.0072179 0 0.707867 0.00731019 0
0.732391 0.00740247 0 0.756916 0.00749475 0 0.78144 0.00758704 0
0.364524 0.0119406 0 0.389049 0.0120293 0 0.413573 0.0121181 0
0.438098 0.0122068 0 0.462622 0.0122955 0 0.487147 0.0123843 0
0.511671 0.012473 0 0.536196 0.0125617 0 0.56072 0.0126505 0
0.585244 0.0127392 0 0.609769 0.0128279 0 0.634293 0.0129167 0
0.658818 0.0130054 0 0.683342 0.0130941 0 0.707867 0.0131829 0
0.732391 0.0132716 0 0.756916 0.0133603 0 0.78144 0.0134491 0
0.364524 0.017863 0 0.389049 0.0179481 0 0.413573 0.0180333 0
0.438098 0.0181185 0 0.462622 0.0182037 0 0.487147 0.0182889 0
0.511671 0.0183741 0 0.536196 0.0184593 0 0.56072 0.0185444 0
0.585244 0.0186296 0 0.609769 0.0187148 0 0.634293 0.0188 0
0.658818 0.0188852 0 0.683342 0.0189704 0 0.707867 0.0190556 0
0.732391 0.0191407 0 0.756916 0.0192259 0 0.78144 0.0193111 0
0.364524 0.0237853 0 0.389049 0.023867 0 0.413573 0.0239486 0
0.438098 0.0240302 0 0.462622 0.0241119 0 0.487147 0.0241935 0
0.511671 0.0242752 0 0.536196 0.0243568 0 0.56072 0.0244384 0
0.585244 0.0245201 0 0.609769 0.0246017 0 0.634293 0.0246833 0
0.658818 0.024765 0 0.683342 0.0248466 0 0.707867 0.0249282 0
0.732391 0.0250099 0 0.756916 0.0250915 0 0.78144 0.0251731 0
0.364524 0.0297077 0 0.389049 0.0297858 0 0.413573 0.0298639 0
0.438098 0.029942 0 0.462622 0.0300201 0 0.487147 0.0300981 0
0.511671 0.0301762 0 0.536196 0.0302543 0 0.56072 0.0303324 0
0.585244 0.0304105 0 0.609769 0.0304886 0 0.634293 0.0305667 0
0.658818 0.0306448 0 0.683342 0.0307228 0 0.707867 0.0308009 0
0.732391 0.030879 0 0.756916 0.0309571 0 0.78144 0.0310352 0
0.364524 0.0356301 0 0.389049 0.0357046 0 0.413573 0.0357792 0
0.438098 0.0358537 0 0.462622 0.0359282 0 0.487147 0.0360028 0
0.511671 0.0360773 0 0.536196 0.0361519 0 0.56072 0.0362264 0
0.585244 0.0363009 0 0.609769 0.0363755 0 0.634293 0.03645 0
0.658818 0.0365245 0 0.683342 0.0365991 0 0.707867 0.0366736 0
0.732391 0.0367481 0 0.756916 0.0368227 0 0.78144 0.0368972 0
0.364524 0.0415525 0 0.389049 0.0416235 0 0.413573 0.0416944 0
0.438098 0.0417654 0 0.462622 0.0418364 0 0.487147 0.0419074 0
0.511671 0.0419784 0 0.536196 0.0420494 0 0.56072 0.0421204 0
0.585244 0.0421914 0 0.609769 0.0422623 0 0.634293 0.0423333 0
0.658818 0.0424043 0 0.683342 0.0424753 0 0.707867 0.0425463 0
0.732391 0.0426173 0 0.756916 0.0426883 0 0.78144 0.0427593 0
0.364524 0.0474748 0 0.389049 0.0475423 0 0.413573 0.0476097 0
0.438098 0.0476772 0 0.462622 0.0477446 0 0.487147 0.047812 0
0.511671 0.0478795 0 0.536196 0.0479469 0 0.56072 0.0480144 0
0.585244 0.0480818 0 0.609769 0.0481492 0 0.634293 0.0482167 0
0.658818 0.0482841 0 0.683342 0.0483515 0 0.707867 0.048419 0
0.732391 0.0484864 0 0.756916 0.0485539 0 0.78144 0.0486213 0
0.364524 0.0533972 0 0.389049 0.0534611 0 0.413573 0.053525 0
0.438098 0.0535889 0 0.462622 0.0536528 0 0.487147 0.0537167 0
0.511671 0.0537806 0 0.536196 0.0538444 0 0.56072 0.0539083 0
0.585244 0.0539722 0 0.609769 0.0540361 0 0.634293 0.0541 0
0.658818 0.0541639 0 0.683342 0.0542278 0 0.707867 0.0542917 0
0.732391 0.0543556 0 0.756916 0.0544194 0 0.78144 0.0544833 0
0.364524 0.0593196 0 0.389049 0.0593799 0 0.413573 0.0594403 0
0.438098 0.0595006 0 0.462622 0.059561 0 0.487147 0.0596213 0
0.511671 0.0596816 0 0.536196 0.059742 0 0.56072 0.0598023 0
0.585244 0.0598627 0 0.609769 0.059923 0 0.634293 0.0599833 0
0.658818 0.0600437 0 0.683342 0.060104 0 0.707867 0.0601644 0
0.732391 0.0602247 0 0.756916 0.060285 0 0.78144 0.0603454 0
0.364524 0.065242 0 0.389049 0.0652988 0 0.413573 0.0653556 0
0.438098 0.0654123 0 0.462622 0.0654691 0 0.487147 0.0655259 0
0.511671 0.0655827 0 0.536196 0.0656395 0 0.56072 0.0656963 0
0.585244 0.0657531 0 0.609769 0.0658099 0 0.634293 0.0658667 0
0.658818 0.0659235 0 0.683342 0.0659802 0 0.707867 0.066037 0
0.732391 0.0660938 0 0.756916 0.0661506 0 0.78144 0.0662074 0
0.364524 0.0711644 0 0.389049 0.0712176 0 0.413573 0.0712708 0
0.438098 0.0713241 0 0.462622 0.0713773 0 0.487147 0.0714306 0
0.511671 0.0714838 0 0.536196 0.071537 0 0.56072 0.0715903 0
0.585244 0.0716435 0 0.609769 0.0716968 0 0.634293 0.07175 0
0.658818 0.0718032 0 0.683342 0.0718565 0 0.707867 0.0719097 0
0.732391 0.071963 0 0.756916 0.0720162 0 0.78144 0.0720694 0
0.364524 0.0770867 0 0.389049 0.0771364 0 0.413573 0.0771861 0
0.438098 0.0772358 0 0.462622 0.0772855 0 0.487147 0.0773352 0
0.511671 0.0773849 0 0.536196 0.0774346 0 0.56072 0.0774843 0
0.585244 0.077534 0 0.609769 0.0775836 0 0.634293 0.0776333 0
0.658818 0.077683 0 0.683342 0.0777327 0 0.707867 0.0777824 0
0.732391 0.0778321 0 0.756916 0.0778818 0 0.78144 0.0779315 0
0.364524 0.0830091 0 0.389049 0.0830553 0 0.413573 0.0831014 0
0.438098 0.0831475 0 0.462622 0.0831937 0 0.487147 0.0832398 0
0.511671 0.083286 0 0.536196 0.0833321 0 0.56072 0.0833782 0
0.585244 0.0834244 0 0.609769 0.0834705 0 0.634293 0.0835167 0
0.658818 0.0835628 0 0.683342 0.0836089 0 0.707867 0.0836551 0
0.732391 0.0837012 0 0.756916 0.0837474 0 0.78144 0.0837935 0
0.364524 0.0889315 0 0.389049 0.0889741 0 0.413573 0.0890167 0
0.438098 0.0890593 0 0.462622 0.0891019 0 0.487147 0.0891444 0
0.511671 0.089187 0 0.536196 0.0892296 0 0.56072 0.0892722 0
0.585244 0.0893148 0 0.609769 0.0893574 0 0.634293 0.0894 0
0.658818 0.0894426 0 0.683342 0.0894852 0 0.707867 0.0895278 0
0.732391 0.0895704 0 0.756916 0.089613 0 0.78144 0.0896556 0
0.364524 0.0948539 0 0.389049 0.0948929 0 0.413573 0.0949319 0
0.438098 0.094971 0 0.462622 0.09501 0 0.487147 0.0950491 0
0.511671 0.0950881 0 0.536196 0.0951272 0 0.56072 0.0951662 0
0.585244 0.0952052 0 0.609769 0.0952443 0 0.634293 0.0952833 0
0.658818 0.0953224 0 0.683342 0.0953614 0 0.707867 0.0954005 0
0.732391 0.0954395 0 0.756916 0.0954785 0 0.78144 0.0955176 0
0.364524 0.100776 0 0.389049 0.100812 0 0.413573 0.100847 0
0.438098 0.100883 0 0.462622 0.100918 0 0.487147 0.100954 0
0.511671 0.100989 0 0.536196 0.101025 0 0.56072 0.10106 0
0.585244 0.101096 0 0.609769 0.101131 0 0.634293 0.101167 0
0.658818 0.101202 0 0.683342 0.101238 0 0.707867 0.101273 0
0.732391 0.101309 0 0.756916 0.101344 0 0.78144 0.10138 0
0.364524 0.106699 0 0.389049 0.106731 0 0.413573 0.106762 0
0.438098 0.106794 0 0.462622 0.106826 0 0.487147 0.106858 0
0.511671 0.10689 0 0.536196 0.106922 0 0.56072 0.106954 0
0.585244 0.106986 0 0.609769 0.107018 0 0.634293 0.10705 0
0.658818 0.107082 0 0.683342 0.107114 0 0.707867 0.107146 0
0.732391 0.107178 0 0.756916 0.10721 0 0.78144 0.107242 0
0.364524 0.112621 0 0.389049 0.112649 0 0.413573 0.112678 0
0.438098 0.112706 0 0.462622 0.112735 0 0.487147 0.112763 0
0.511671 0.112791 0 0.536196 0.11282 0 0.56072 0.112848 0
0.585244 0.112877 0 0.609769 0.112905 0 0.634293 0.112933 0
0.658818 0.112962 0 0.683342 0.11299 0 0.707867 0.113019 0
0.732391 0.113047 0 0.756916 0.113075 0 0.78144 0.113104 0
0.364524 0.118543 0 0.389049 0.118568 0 0.413573 0.118593 0
0.438098 0.118618 0 0.462622 0.118643 0 0.487147 0.118668 0
0.511671 0.118692 0 0.536196 0.118717 0 0.56072 0.118742 0
0.585244 0.118767 0 0.609769 0.118792 0 0.634293 0.118817 0
0.658818 0.118842 0 0.683342 0.118866 0 0.707867 0.118891 0
0.732391 0.118916 0 0.756916 0.118941 0 0.78144 0.118966 0
0.364524 0.124466 0 0.389049 0.124487 0 0.413573 0.124508 0
0.438098 0.12453 0 0.462622 0.124551 0 0.487147 0.124572 0
0.511671 0.124594 0 0.536196 0.124615 0 0.56072 0.124636 0
0.585244 0.124657 0 0.609769 0.124679 0 0.634293 0.1247 0
0.658818 0.124721 0 0.683342 0.124743 0 0.707867 0.124764 0
0.732391 0.124785 0 0.756916 0.124806 0 0.78144 0.124828 0
0.364524 0.130388 0 0.389049 0.130406 0 0.413573 0.130424 0
0.438098 0.130441 0 0.462622 0.130459 0 0.487147 0.130477 0
0.511671 0.130495 0 0.536196 0.130512 0 0.56072 0.13053 0
0.585244 0.130548 0 0.609769 0.130566 0 0.634293 0.130583 0
0.658818 0.130601 0 0.683342 0.130619 0 0.707867 0.130637 0
0.732391 0.130654 0 0.756916 0.130672 0 0.78144 0.13069 0
0.364524 0.13631 0 0.389049 0.136325 0 0.413573 0.136339 0
0.438098 0.136353 0 0.462622 0.136367 0 0.487147 0.136381 0
0.511671 0.136396 0 0.536196 0.13641 0 0.56072 0.136424 0
0.585244 0.136438 0 0.609769 0.136452 0 0.634293 0.136467 0
0.658818 0.136481 0 0.683342 0.136495 0 0.707867 0.136509 0
0.732391 0.136523 0 0.756916 0.136538 0 0.78144 0.136552 0
0.364524 0.142233 0 0.389049 0.142244 0 0.413573 0.142254 0
0.438098 0.142265 0 0.462622 0.142275 0 0.487147 0.142286 0
0.511671 0.142297 0 0.536196 0.142307 0 0.56072 0.142318 0
0.585244 0.142329 0 0.609769 0.142339 0 0.634293 0.14235 0
0.658818 0.142361 0 0.683342 0.142371 0 0.707867 0.142382 0
0.732391 0.142393 0 0.756916 0.142403 0 0.78144 0.142414 0
0.364524 0.148155 0 0.389049 0.148162 0 0.413573 0.148169 0
0.438098 0.148177 0 0.462622 0.148184 0 0.487147 0.148191 0
0.511671 0.148198 0 0.536196 0.148205 0 0.56072 0.148212 0
0.585244 0.148219 0 0.609769 0.148226 0 0.634293 0.148233 0
0.658818 0.14824 0 0.683342 0.148248 0 0.707867 0.148255 0
0.732391 0.148262 0 0.756916 0.148269 0 0.78144 0.148276 0
0.364524 0.154078 0 0.389049 0.154081 0 0.413573 0.154085 0
0.438098 0.154088 0 0.462622 0.154092 0 0.487147 0.154095 0
0.511671 0.154099 0 0.536196 0.154102 0 0.56072 0.154106 0
0.585244 0.15411 0 0.609769 0.154113 0 0.634293 0.154117 0
0.658818 0.15412 0 0.683342 0.154124 0 0.707867 0.154127 0
0.732391 0.154131 0 0.756916 0.154134 0 0.78144 0.154138 0
0.364524 0.16 0 0.389049 0.16 0 0.413573 0.16 0
0.438098 0.16 0 0.462622 0.16 0 0.487147 0.16 0
0.511671 0.16 0 0.536196 0.16 0 0.56072 0.16 0
0.585244 0.16 0 0.609769 0.16 0 0.634293 0.16 0
0.658818 0.16 0 0.683342 0.16 0 0.707867 0.16 0
0.732391 0.16 0 0.756916 0.16 0 0.78144 0.16 0
0.364524 9.58333e-05 0.05 0.389049 0.000191667 0.05 0.413573 0.0002875 0.05
0.438098 0.000383333 0.05 0.462622 0.000479167 0.05 0.487147 0.000575 0.05
0.511671 0.000670833 0.05 0.536196 0.000766667 0.05 0.56072 0.0008625 0.05
0.585244 0.000958333 0.05 0.609769 0.00105417 0.05 0.634293 0.00115 0.05
0.658818 0.00124583 0.05 0.683342 0.00134167 0.05 0.707867 0.0014375 0.05
0.732391 0.00153333 0.05 0.756916 0.00162917 0.05 0.78144 0.001725 0.05
0.364524 0.00601821 0.05 0.389049 0.00611049 0.05 0.413573 0.00620278 0.05
0.438098 0.00629506 0.05 0.462622 0.00638735 0.05 0.487147 0.00647963 0.05
0.511671 0.00657191 0.05 0.536196 0.0066642 0.05 0.56072 0.00675648 0.05
0.585244 0.00684877 0.05 0.609769 0.00694105 0.05 0.634293 0.00703333 0.05
0.658818 0.00712562 0.05 0.683342 0.0072179 0.05 0.707867 0.00731019 0.05
0.732391 0.00740247 0.05 0.756916 0.00749475 0.05 0.78144 0.00758704 0.05
0.364524 0.0119406 0.05 0.389049 0.0120293 0.05 0.413573 0.0121181 0.05
0.438098 0.0122068 0.05 0.462622 0.0122955 0.05 0.487147 0.0123843 0.05
0.511671 0.012473 0.05 0.536196 0.0125617 0.05 0.56072 0.0126505 0.05
0.585244 0.0127392 0.05 0.609769 0.0128279 0.05 0.634293 0.0129167 0.05
0.658818 0.0130054 0.05 0.683342 0.0130941 0.05 0.707867 0.0131829 0.05
0.732391 0.0132716 0.05 0.756916 0.0133603 0.05 0.78144 0.0134491 0.05
0.364524 0.017863 0.05 0.389049 0.0179481 0.05 0.413573 0.0180333 0.05
0.438098 0.0181185 0.05 0.462622 0.0182037 0.05 0.487147 0.0182889 0.05
0.511671 0.0183741 0.05 0.536196 0.0184593 0.05 0.56072 0.0185444 0.05
0.585244 0.0186296 0.05 0.609769 0.0187148 0.05 0.634293 0.0188 0.05
0.658818 0.0188852 0.05 0.683342 0.0189704 0.05 0.707867 0.0190556 0.05
0.732391 0.0191407 0.05 0.756916 0.0192259 0.05 0.78144 0.0193111 0.05
0.364524 0.0237853 0.05 0.389049 0.023867 0.05 0.413573 0.0239486 0.05
0.438098 0.0240302 0.05 0.462622 0.0241119 0.05 0.487147 0.0241935 0.05
0.511671 0.0242752 0.05 0.536196 0.0243568 0.05 0.56072 0.0244384 0.05
0.585244 0.0245201 0.05 0.609769 0.0246017 0.05 0.634293 0.0246833 0.05
0.658818 0.024765 0.05 0.683342 0.0248466 0.05 0.707867 0.0249282 0.05
0.732391 0.0250099 0.05 0.756916 0.0250915 0.05 0.78144 0.0251731 0.05
0.364524 0.0297077 0.05 0.389049 0.0297858 0.05 0.413573 0.0298639 0.05
0.438098 0.029942 0.05 0.462622 0.0300201 0.05 0.487147 0.0300981 0.05
0.511671 0.0301762 0.05 0.536196 0.0302543 0.05 0.56072 0.0303324 0.05
0.585244 0.0304105 0.05 0.609769 0.0304886 0.05 0.634293 0.0305667 0.05
0.658818 0.0306448 0.05 0.683342 0.0307228 0.05 0.707867 0.0308009 0.05
0.732391 0.030879 0.05 0.756916 0.0309571 0.05 0.78144 0.0310352 0.05
0.364524 0.0356301 0.05 0.389049 0.0357046 0.05 0.413573 0.0357792 0.05
0.438098 0.0358537 0.05 0.462622 0.0359282 0.05 0.487147 0.0360028 0.05
0.511671 0.0360773 0.05 0.536196 0.0361519 0.05 0.56072 0.0362264 0.05
0.585244 0.0363009 0.05 0.609769 0.0363755 0.05 0.634293 0.03645 0.05
0.658818 0.0365245 0.05 0.683342 0.0365991 0.05 0.707867 0.0366736 0.05
0.732391 0.0367481 0.05 0.756916 0.0368227 0.05 0.78144 0.0368972 0.05
0.364524 0.0415525 0.05 0.389049 0.0416235 0.05 0.413573 0.0416944 0.05
0.438098 0.0417654 0.05 0.462622 0.0418364 0.05 0.487147 0.0419074 0.05
0.511671 0.0419784 0.05 0.536196 0.0420494 0.05 0.56072 0.0421204 0.05
0.585244 0.0421914 0.05 0.609769 0.0422623 0.05 0.634293 0.0423333 0.05
0.658818 0.0424043 0.05 0.683342 0.0424753 0.05 0.707867 0.0425463 0.05
0.732391 0.0426173 0.05 0.756916 0.0426883 0.05 0.78144 0.0427593 0.05
0.364524 0.0474748 0.05 0.389049 0.0475423 0.05 0.413573 0.0476097 0.05
0.438098 0.0476772 0.05 0.462622 0.0477446 0.05 0.487147 0.047812 0.05
0.511671 0.0478795 0.05 0.536196 0.0479469 0.05 0.56072 0.0480144 0.05
0.585244 0.0480818 0.05 0.609769 0.0481492 0.05 0.634293 0.0482167 0.05
0.658818 0.0482841 0.05 0.683342 0.0483515 0.05 0.707867 0.048419 0.05
0.732391 0.0484864 0.05 0.756916 0.0485539 0.05 0.78144 0.0486213 0.05
0.364524 0.0533972 0.05 0.389049 0.0534611 0.05 0.413573 0.053525 0.05
0.438098 0.0535889 0.05 0.462622 0.0536528 0.05 0.487147 0.0537167 0.05
0.511671 0.0537806 0.05 0.536196 0.0538444 0.05 0.56072 0.0539083 0.05
0.585244 0.0539722 0.05 0.609769 0.0540361 0.05 0.634293 0.0541 0.05
0.658818 0.0541639 0.05 0.683342 0.0542278 0.05 0.707867 0.0542917 0.05
0.732391 0.0543556 0.05 0.756916 0.0544194 0.05 0.78144 0.0544833 0.05
0.364524 0.0593196 0.05 0.389049 0.0593799 0.05 0.413573 0.0594403 0.05
0.438098 0.0595006 0.05 0.462622 0.059561 0.05 0.487147 0.0596213 0.05
0.511671 0.0596816 0.05 0.536196 0.059742 0.05 0.56072 0.0598023 0.05
0.585244 0.0598627 0.05 0.609769 0.059923 0.05 0.634293 0.0599833 0.05
0.658818 0.0600437 0.05 0.683342 0.060104 0.05 0.707867 0.0601644 0.05
0.732391 0.0602247 0.05 0.756916 0.060285 0.05 0.78144 0.0603454 0.05
0.364524 0.065242 0.05 0.389049 0.0652988 0.05 0.413573 0.0653556 0.05
0.438098 0.0654123 0.05 0.462622 0.0654691 0.05 0.487147 0.0655259 0.05
0.511671 0.0655827 0.05 0.536196 0.0656395 0.05 0.56072 0.0656963 0.05
0.585244 0.0657531 0.05 0.609769 0.0658099 0.05 0.634293 0.0658667 0.05
0.658818 0.0659235 0.05 0.683342 0.0659802 0.05 0.707867 0.066037 0.05
0.732391 0.0660938 0.05 0.756916 0.0661506 0.05 0.78144 0.0662074 0.05
0.364524 0.0711644 0.05 0.389049 0.0712176 0.05 0.413573 0.0712708 0.05
0.438098 0.0713241 0.05 0.462622 0.0713773 0.05 0.487147 0.0714306 0.05
0.511671 0.0714838 0.05 0.536196 0.071537 0.05 0.56072 0.0715903 0.05
0.585244 0.0716435 0.05 0.609769 0.0716968 0.05 0.634293 0.07175 0.05
0.658818 0.0718032 0.05 0.683342 0.0718565 0.05 0.707867 0.0719097 0.05
0.732391 0.071963 0.05 0.756916 0.0720162 0.05 0.78144 0.0720694 0.05
0.364524 0.0770867 0.05 0.389049 0.0771364 0.05 0.413573 0.0771861 0.05
0.438098 0.0772358 0.05 0.462622 0.0772855 0.05 0.487147 0.0773352 0.05
0.511671 0.0773849 0.05 0.536196 0.0774346 0.05 0.56072 0.0774843 0.05
0.585244 0.077534 0.05 0.609769 0.0775836 0.05 0.634293 0.0776333 0.05
0.658818 0.077683 0.05 0.683342 0.0777327 0.05 0.707867 0.0777824 0.05
0.732391 0.0778321 0.05 0.756916 0.0778818 0.05 0.78144 0.0779315 0.05
0.364524 0.0830091 0.05 0.389049 0.0830553 0.05 0.413573 0.0831014 0.05
0.438098 0.0831475 0.05 0.462622 0.0831937 0.05 0.487147 0.0832398 0.05
0.511671 0.083286 0.05 0.536196 0.0833321 0.05 0.56072 0.0833782 0.05
0.585244 0.0834244 0.05 0.609769 0.0834705 0.05 0.634293 0.0835167 0.05
0.658818 0.0835628 0.05 0.683342 0.0836089 0.05 0.707867 0.0836551 0.05
0.732391 0.0837012 0.05 0.756916 0.0837474 0.05 0.78144 0.0837935 0.05
0.364524 0.0889315 0.05 0.389049 0.0889741 0.05 0.413573 0.0890167 0.05
0.438098 0.0890593 0.05 0.462622 0.0891019 0.05 0.487147 0.0891444 0.05
0.511671 0.089187 0.05 0.536196 0.0892296 0.05 0.56072 0.0892722 0.05
0.585244 0.0893148 0.05 0.609769 0.0893574 0.05 0.634293 0.0894 0.05
0.658818 0.0894426 0.05 0.683342 0.0894852 0.05 0.707867 0.0895278 0.05
0.732391 0.0895704 0.05 0.756916 0.089613 0.05 0.78144 0.0896556 0.05
0.364524 0.0948539 0.05 0.389049 0.0948929 0.05 0.413573 0.0949319 0.05
0.438098 0.094971 0.05 0.462622 0.09501 0.05 0.487147 0.0950491 0.05
0.511671 0.0950881 0.05 0.536196 0.0951272 0.05 0.56072 0.0951662 0.05
0.585244 0.0952052 0.05 0.609769 0.0952443 0.05 0.634293 0.0952833 0.05
0.658818 0.0953224 0.05 0.683342 0.0953614 0.05 0.707867 0.0954005 0.05
0.732391 0.0954395 0.05 0.756916 0.0954785 0.05 0.78144 0.0955176 0.05
0.364524 0.100776 0.05 0.389049 0.100812 0.05 0.413573 0.100847 0.05
0.438098 0.100883 0.05 0.462622 0.100918 0.05 0.487147 0.100954 0.05
0.511671 0.100989 0.05 0.536196 0.101025 0.05 0.56072 0.10106 0.05
0.585244 0.101096 0.05 0.609769 0.101131 0.05 0.634293 0.101167 0.05
0.658818 0.101202 0.05 0.683342 0.101238 0.05 0.707867 0.101273 0.05
0.732391 0.101309 0.05 0.756916 0.101344 0.05 0.78144 0.10138 0.05
0.364524 0.106699 0.05 0.389049 0.106731 0.05 0.413573 0.106762 0.05
0.438098 0.106794 0.05 0.462622 0.106826 0.05 0.487147 0.106858 0.05
0.511671 0.10689 0.05 0.536196 0.106922 0.05 0.56072 0.106954 0.05
0.585244 0.106986 0.05 0.609769 0.107018 0.05 0.634293 0.10705 0.05
0.658818 0.107082 0.05 0.683342 0.107114 0.05 0.707867 0.107146 0.05
0.732391 0.107178 0.05 0.756916 0.10721 0.05 0.78144 0.107242 0.05
0.364524 0.112621 0.05 0.389049 0.112649 0.05 0.413573 0.112678 0.05
0.438098 0.112706 0.05 0.462622 0.112735 0.05 0.487147 0.112763 0.05
0.511671 0.112791 0.05 0.536196 0.11282 0.05 0.56072 0.112848 0.05
0.585244 0.112877 0.05 0.609769 0.112905 0.05 0.634293 0.112933 0.05
0.658818 0.112962 0.05 0.683342 0.11299 0.05 0.707867 0.113019 0.05
0.732391 0.113047 0.05 0.756916 0.113075 0.05 0.78144 0.113104 0.05
0.364524 0.118543 0.05 0.389049 0.118568 0.05 0.413573 0.118593 0.05
0.438098 0.118618 0.05 0.462622 0.118643 0.05 0.487147 0.118668 0.05
0.511671 0.118692 0.05 0.536196 0.118717 0.05 0.56072 0.118742 0.05
0.585244 0.118767 0.05 0.609769 0.118792 0.05 0.634293 0.118817 0.05
0.658818 0.118842 0.05 0.683342 0.118866 0.05 0.707867 0.118891 0.05
0.732391 0.118916 0.05 0.756916 0.118941 0.05 0.78144 0.118966 0.05
0.364524 0.124466 0.05 0.389049 0.124487 0.05 0.413573 0.124508 0.05
0.438098 0.12453 0.05 0.462622 0.124551 0.05 0.487147 0.124572 0.05
0.511671 0.124594 0.05 0.536196 0.124615 0.05 0.56072 0.124636 0.05
0.585244 0.124657 0.05 0.609769 0.124679 0.05 0.634293 0.1247 0.05
0.658818 0.124721 0.05 0.683342 0.124743 0.05 0.707867 0.124764 0.05
0.732391 0.124785 0.05 0.756916 0.124806 0.05 0.78144 0.124828 0.05
0.364524 0.130388 0.05 0.389049 0.130406 0.05 0.413573 0.130424 0.05
0.438098 0.130441 0.05 0.462622 0.130459 0.05 0.487147 0.130477 0.05
0.511671 0.130495 0.05 0.536196 0.130512 0.05 0.56072 0.13053 0.05
0.585244 0.130548 0.05 0.609769 0.130566 0.05 0.634293 0.130583 0.05
0.658818 0.130601 0.05 0.683342 0.130619 0.05 0.707867 0.130637 0.05
0.732391 0.130654 0.05 0.756916 0.130672 0.05 0.78144 0.13069 0.05
0.364524 0.13631 0.05 0.389049 0.136325 0.05 0.413573 0.136339 0.05
0.438098 0.136353 0.05 0.462622 0.136367 0.05 0.487147 0.136381 0.05
0.511671 0.136396 0.05 0.536196 0.13641 0.05 0.56072 0.136424 0.05
0.585244 0.136438 0.05 0.609769 0.136452 0.05 0.634293 0.136467 0.05
0.658818 0.136481 0.05 0.683342 0.136495 0.05 0.707867 0.136509 0.05
0.732391 0.136523 0.05 0.756916 0.136538 0.05 0.78144 0.136552 0.05
0.364524 0.142233 0.05 0.389049 0.142244 0.05 0.413573 0.142254 0.05
0.438098 0.142265 0.05 0.462622 0.142275 0.05 0.487147 0.142286 0.05
0.511671 0.142297 0.05 0.536196 0.142307 0.05 0.56072 0.142318 0.05
0.585244 0.142329 0.05 0.609769 0.142339 0.05 0.634293 0.14235 0.05
0.658818 0.142361 0.05 0.683342 0.142371 0.05 0.707867 0.142382 0.05
0.732391 0.142393 0.05 0.756916 0.142403 0.05 0.78144 0.142414 0.05
0.364524 0.148155 0.05 0.389049 0.148162 0.05 0.413573 0.148169 0.05
0.438098 0.148177 0.05 0.462622 0.148184 0.05 0.487147 0.148191 0.05
0.511671 0.148198 0.05 0.536196 0.148205 0.05 0.56072 0.148212 0.05
0.585244 0.148219 0.05 0.609769 0.148226 0.05 0.634293 0.148233 0.05
0.658818 0.14824 0.05 0.683342 0.148248 0.05 0.707867 0.148255 0.05
0.732391 0.148262 0.05 0.756916 0.148269 0.05 0.78144 0.148276 0.05
0.364524 0.154078 0.05 0.389049 0.154081 0.05 0.413573 0.154085 0.05
0.438098 0.154088 0.05 0.462622 0.154092 0.05 0.487147 0.154095 0.05
0.511671 0.154099 0.05 0.536196 0.154102 0.05 0.56072 0.154106 0.05
0.585244 0.15411 0.05 0.609769 0.154113 0.05 0.634293 0.154117 0.05
0.658818 0.15412 0.05 0.683342 0.154124 0.05 0.707867 0.154127 0.05
0.732391 0.154131 0.05 0.756916 0.154134 0.05 0.78144 0.154138 0.05
0.364524 0.16 0.05 0.389049 0.16 0.05 0.413573 0.16 0.05
0.438098 0.16 0.05 0.462622 0.16 0.05 0.487147 0.16 0.05
0.511671 0.16 0.05 0.536196 0.16 0.05 0.56072 0.16 0.05
0.585244 0.16 0.05 0.609769 0.16 0.05 0.634293 0.16 0.05
0.658818 0.16 0.05 0.683342 0.16 0.05 0.707867 0.16 0.05
0.732391 0.16 0.05 0.756916 0.16 0.05 0.78144 0.16 0.05
0.78674 0.00242276 0 0.79204 0.00312052 0 0.79734 0.00381828 0
0.80264 0.00451603 0 0.80794 0.00521379 0 0.81324 0.00591155 0
0.81854 0.00660931 0 0.82384 0.00730707 0 0.78674 0.00825895 0
0.79204 0.00893087 0 0.79734 0.00960278 0 0.80264 0.0102747 0
0.80794 0.0109466 0 0.81324 0.0116185 0 0.81854 0.0122904 0
0.82384 0.0129624 0 0.78674 0.0140951 0 0.79204 0.0147412 0
0.79734 0.0153873 0 0.80264 0.0160334 0 0.80794 0.0166794 0
0.81324 0.0173255 0 0.81854 0.0179716 0 0.82384 0.0186177 0
0.78674 0.0199313 0 0.79204 0.0205516 0 0.79734 0.0211718 0
0.80264 0.021792 0 0.80794 0.0224123 0 0.81324 0.0230325 0
0.81854 0.0236527 0 0.82384 0.024273 0 0.78674 0.0257675 0
0.79204 0.0263619 0 0.79734 0.0269563 0 0.80264 0.0275507 0
0.80794 0.0281451 0 0.81324 0.0287395 0 0.81854 0.0293339 0
0.82384 0.0299282 0 0.78674 0.0316037 0 0.79204 0.0321723 0
0.79734 0.0327408 0 0.80264 0.0333094 0 0.80794 0.0338779 0
0.81324 0.0344465 0 0.81854 0.035015 0 0.82384 0.0355835 0
0.78674 0.0374399 0 0.79204 0.0379826 0 0.79734 0.0385253 0
0.80264 0.039068 0 0.80794 0.0396107 0 0.81324 0.0401534 0
0.81854 0.0406961 0 0.82384 0.0412388 0 0.78674 0.0432761 0
0.79204 0.043793 0 0.79734 0.0443098 0 0.80264 0.0448267 0
0.80794 0.0453436 0 0.81324 0.0458604 0 0.81854 0.0463773 0
0.82384 0.0468941 0 0.78674 0.0491123 0 0.79204 0.0496033 0
0.79734 0.0500943 0 0.80264 0.0505854 0 0.80794 0.0510764 0
0.81324 0.0515674 0 0.81854 0.0520584 0 0.82384 0.0525494 0
0.78674 0.0549485 0 0.79204 0.0554137 0 0.79734 0.0558789 0
0.80264 0.056344 0 0.80794 0.0568092 0 0.81324 0.0572744 0
0.81854 0.0577395 0 0.82384 0.0582047 0 0.78674 0.0607847 0
0.79204 0.061224 0 0.79734 0.0616634 0 0.80264 0.0621027 0
0.80794 0.062542 0 0.81324 0.0629813 0 0.81854 0.0634207 0
0.82384 0.06386 0 0.78674 0.0666209 0 0.79204 0.0670344 0
0.79734 0.0674479 0 0.80264 0.0678614 0 0.80794 0.0682748 0
0.81324 0.0686883 0 0.81854 0.0691018 0 0.82384 0.0695153 0
0.78674 0.0724571 0 0.79204 0.0728447 0 0.79734 0.0732324 0
0.80264 0.07362 0 0.80794 0.0740077 0 0.81324 0.0743953 0
0.81854 0.074783 0 0.82384 0.0751706 0 0.78674 0.0782933 0
0.79204 0.0786551 0 0.79734 0.0790169 0 0.80264 0.0793787 0
0.80794 0.0797405 0 0.81324 0.0801023 0 0.81854 0.0804641 0
0.82384 0.0808259 0 0.78674 0.0841295 0 0.79204 0.0844654 0
0.79734 0.0848014 0 0.80264 0.0851374 0 0.80794 0.0854733 0
0.81324 0.0858093 0 0.81854 0.0861452 0 0.82384 0.0864812 0
0.78674 0.0899657 0 0.79204 0.0902758 0 0.79734 0.0905859 0
0.80264 0.090896 0 0.80794 0.0912061 0 0.81324 0.0915162 0
0.81854 0.0918264 0 0.82384 0.0921365 0 0.78674 0.0958019 0
0.79204 0.0960861 0 0.79734 0.0963704 0 0.80264 0.0966547 0
0.80794 0.096939 0 0.81324 0.0972232 0 0.81854 0.0975075 0
0.82384 0.0977918 0 0.78674 0.101638 0 0.79204 0.101896 0
0.79734 0.102155 0 0.80264 0.102413 0 0.80794 0.102672 0
0.81324 0.10293 0 0.81854 0.103189 0 0.82384 0.103447 0
0.78674 0.107474 0 0.79204 0.107707 0 0.79734 0.107939 0
0.80264 0.108172 0 0.80794 0.108405 0 0.81324 0.108637 0
0.81854 0.10887 0 0.82384 0.109102 0 0.78674 0.11331 0
0.79204 0.113517 0 0.79734 0.113724 0 0.80264 0.113931 0
0.80794 0.114137 0 0.81324 0.114344 0 0.81854 0.114551 0
0.82384 0.114758 0 0.78674 0.119147 0 0.79204 0.119328 0
0.79734 0.119508 0 0.80264 0.119689 0 0.80794 0.11987 0
0.81324 0.120051 0 0.81854 0.120232 0 0.82384 0.120413 0
0.78674 0.124983 0 0.79204 0.125138 0 0.79734 0.125293 0
0.80264 0.125448 0 0.80794 0.125603 0 0.81324 0.125758 0
0.81854 0.125913 0 0.82384 0.126068 0 0.78674 0.130819 0
0.79204 0.130948 0 0.79734 0.131077 0 0.80264 0.131207 0
0.80794 0.131336 0 0.81324 0.131465 0 0.81854 0.131594 0
0.82384 0.131724 0 0.78674 0.136655 0 0.79204 0.136759 0
0.79734 0.136862 0 0.80264 0.136965 0 0.80794 0.137069 0
0.81324 0.137172 0 0.81854 0.137275 0 0.82384 0.137379 0
0.78674 0.142491 0 0.79204 0.142569 0 0.79734 0.142646 0
0.80264 0.142724 0 0.80794 0.142802 0 0.81324 0.142879 0
0.81854 0.142957 0 0.82384 0.143034 0 0.78674 0.148328 0
0.79204 0.148379 0 0.79734 0.148431 0 0.80264 0.148483 0
0.80794 0.148534 0 0.81324 0.148586 0 0.81854 0.148638 0
0.82384 0.148689 0 0.78674 0.154164 0 0.79204 0.15419 0
0.79734 0.154215 0 0.80264 0.154241 0 0.80794 0.154267 0
0.81324 0.154293 0 0.81854 0.154319 0 0.82384 0.154345 0
0.78674 0.16 0 0.79204 0.16 0 0.79734 0.16 0
0.80264 0.16 0 0.80794 0.16 0 0.81324 0.16 0
0.81854 0.16 0 0.82384 0.16 0 0.78674 0.00242276 0.05
0.79204 0.00312052 0.05 0.79734 0.00381828 0.05 0.80264 0.00451603 0.05
0.80794 0.00521379 0.05 0.81324 0.00591155 0.05 0.81854 0.00660931 0.05
0.82384 0.00730707 0.05 0.78674 0.00825895 0.05 0.79204 0.00893087 0.05
0.79734 0.00960278 0.05 0.80264 0.0102747 0.05 0.80794 0.0109466 0.05
0.81324 0.0116185 0.05 0.81854 0.0122904 0.05 0.82384 0.0129624 0.05
0.78674 0.0140951 0.05 0.79204 0.0147412 0.05 0.79734 0.0153873 0.05
0.80264 0.0160334 0.05 0.80794 0.0166794 0.05 0.81324 0.0173255 0.05
0.81854 0.0179716 0.05 0.82384 0.0186177 0.05 0.78674 0.0199313 0.05
0.79204 0.0205516 0.05 0.79734 0.0211718 0.05 0.80264 0.021792 0.05
0.80794 0.0224123 0.05 0.81324 0.0230325 0.05 0.81854 0.0236527 0.05
0.82384 0.024273 0.05 0.78674 0.0257675 0.05 0.79204 0.0263619 0.05
0.79734 0.0269563 0.05 0.80264 0.0275507 0.05 0.80794 0.0281451 0.05
0.81324 0.0287395 0.05 0.81854 0.0293339 0.05 0.82384 0.0299282 0.05
0.78674 0.0316037 0.05 0.79204 0.0321723 0.05 0.79734 0.0327408 0.05
0.80264 0.0333094 0.05 0.80794 0.0338779 0.05 0.81324 0.0344465 0.05
0.81854 0.035015 0.05 0.82384 0.0355835 0.05 0.78674 0.0374399 0.05
0.79204 0.0379826 0.05 0.79734 0.0385253 0.05 0.80264 0.039068 0.05
0.80794 0.0396107 0.05 0.81324 0.0401534 0.05 0.81854 0.0406961 0.05
0.82384 0.0412388 0.05 0.78674 0.0432761 0.05 0.79204 0.043793 0.05
0.79734 0.0443098 0.05 0.80264 0.0448267 0.05 0.80794 0.0453436 0.05
0.81324 0.0458604 0.05 0.81854 0.0463773 0.05 0.82384 0.0468941 0.05
0.78674 0.0491123 0.05 0.79204 0.0496033 0.05 0.79734 0.0500943 0.05
0.80264 0.0505854 0.05 0.80794 0.0510764 0.05 0.81324 0.0515674 0.05
0.81854 0.0520584 0.05 0.82384 0.0525494 0.05 0.78674 0.0549485 0.05
0.79204 0.0554137 0.05 0.79734 0.0558789 0.05 0.80264 0.056344 0.05
0.80794 0.0568092 0.05 0.81324 0.0572744 0.05 0.81854 0.0577395 0.05
0.82384 0.0582047 0.05 0.78674 0.0607847 0.05 0.79204 0.061224 0.05
0.79734 0.0616634 0.05 0.80264 0.0621027 0.05 0.80794 0.062542 0.05
0.81324 0.0629813 0.05 0.81854 0.0634207 0.05 0.82384 0.06386 0.05
0.78674 0.0666209 0.05 0.79204 0.0670344 0.05 0.79734 0.0674479 0.05
0.80264 0.0678614 0.05 0.80794 0.0682748 0.05 0.81324 0.0686883 0.05
0.81854 0.0691018 0.05 0.82384 0.0695153 0.05 0.78674 0.0724571 0.05
0.79204 0.0728447 0.05 0.79734 0.0732324 0.05 0.80264 0.07362 0.05
0.80794 0.0740077 0.05 0.81324 0.0743953 0.05 0.81854 0.074783 0.05
0.82384 0.0751706 0.05 0.78674 0.0782933 0.05 0.79204 0.0786551 0.05
0.79734 0.0790169 0.05 0.80264 0.0793787 0.05 0.80794 0.0797405 0.05
0.81324 0.0801023 0.05 0.81854 0.0804641 0.05 0.82384 0.0808259 0.05
0.78674 0.0841295 0.05 0.79204 0.0844654 0.05 0.79734 0.0848014 0.05
0.80264 0.0851374 0.05 0.80794 0.0854733 0.05 0.81324 0.0858093 0.05
0.81854 0.0861452 0.05 0.82384 0.0864812 0.05 0.78674 0.0899657 0.05
0.79204 0.0902758 0.05 0.79734 0.0905859 0.05 0.80264 0.090896 0.05
0.80794 0.0912061 0.05 0.81324 0.0915162 0.05 0.81854 0.0918264 0.05
0.82384 0.0921365 0.05 0.78674 0.0958019 0.05 0.79204 0.0960861 0.05
0.79734 0.0963704 0.05 0.80264 0.0966547 0.05 0.80794 0.096939 0.05
0.81324 0.0972232 0.05 0.81854 0.0975075 0.05 0.82384 0.0977918 0.05
0.78674 0.101638 0.05 0.79204 0.101896 0.05 0.79734 0.102155 0.05
0.80264 0.102413 0.05 0.80794 0.102672 0.05 0.81324 0.10293 0.05
0.81854 0.103189 0.05 0.82384 0.103447 0.05 0.78674 0.107474 0.05
0.79204 0.107707 0.05 0.79734 0.107939 0.05 0.80264 0.108172 0.05
0.80794 0.108405 0.05 0.81324 0.108637 0.05 0.81854 0.10887 0.05
0.82384 0.109102 0.05 0.78674 0.11331 0.05 0.79204 0.113517 0.05
0.79734 0.113724 0.05 0.80264 0.113931 0.05 0.80794 0.114137 0.05
0.81324 0.114344 0.05 0.81854 0.114551 0.05 0.82384 0.114758 0.05
0.78674 0.119147 0.05 0.79204 0.119328 0.05 0.79734 0.119508 0.05
0.80264 0.119689 0.05 0.80794 0.11987 0.05 0.81324 0.120051 0.05
0.81854 0.120232 0.05 0.82384 0.120413 0.05 0.78674 0.124983 0.05
0.79204 0.125138 0.05 0.79734 0.125293 0.05 0.80264 0.125448 0.05
0.80794 0.125603 0.05 0.81324 0.125758 0.05 0.81854 0.125913 0.05
0.82384 0.126068 0.05 0.78674 0.130819 0.05 0.79204 0.130948 0.05
0.79734 0.131077 0.05 0.80264 0.131207 0.05 0.80794 0.131336 0.05
0.81324 0.131465 0.05 0.81854 0.131594 0.05 0.82384 0.131724 0.05
0.78674 0.136655 0.05 0.79204 0.136759 0.05 0.79734 0.136862 0.05
0.80264 0.136965 0.05 0.80794 0.137069 0.05 0.81324 0.137172 0.05
0.81854 0.137275 0.05 0.82384 0.137379 0.05 0.78674 0.142491 0.05
0.79204 0.142569 0.05 0.79734 0.142646 0.05 0.80264 0.142724 0.05
0.80794 0.142802 0.05 0.81324 0.142879 0.05 0.81854 0.142957 0.05
0.82384 0.143034 0.05 0.78674 0.148328 0.05 0.79204 0.148379 0.05
0.79734 0.148431 0.05 0.80264 0.148483 0.05 0.80794 0.148534 0.05
0.81324 0.148586 0.05 0.81854 0.148638 0.05 0.82384 0.148689 0.05
0.78674 0.154164 0.05 0.79204 0.15419 0.05 0.79734 0.154215 0.05
0.80264 0.154241 0.05 0.80794 0.154267 0.05 0.81324 0.154293 0.05
0.81854 0.154319 0.05 0.82384 0.154345 0.05 0.78674 0.16 0.05
0.79204 0.16 0.05 0.79734 0.16 0.05 0.80264 0.16 0.05
0.80794 0.16 0.05 0.81324 0.16 0.05 0.81854 0.16 0.05
0.82384 0.16 0.05 0.84086 0.00933217 0 0.85788 0.0113573 0
0.8749 0.0133824 0 0.89192 0.0154075 0 0.90894 0.0174326 0
0.92596 0.0194577 0 0.94298 0.0214828 0 0.96 0.0235079 0
0.84086 0.0149125 0 0.85788 0.0168626 0 0.8749 0.0188127 0
0.89192 0.0207627 0 0.90894 0.0227128 0 0.92596 0.0246629 0
0.94298 0.026613 0 0.96 0.0285631 0 0.84086 0.0204927 0
0.85788 0.0223678 0 0.8749 0.0242429 0 0.89192 0.026118 0
0.90894 0.0279931 0 0.92596 0.0298682 0 0.94298 0.0317433 0
0.96 0.0336184 0 0.84086 0.026073 0 0.85788 0.0278731 0
0.8749 0.0296732 0 0.89192 0.0314733 0 0.90894 0.0332734 0
0.92596 0.0350735 0 0.94298 0.0368736 0 0.96 0.0386737 0
0.84086 0.0316533 0 0.85788 0.0333784 0 0.8749 0.0351035 0
0.89192 0.0368286 0 0.90894 0.0385537 0 0.92596 0.0402788 0
0.94298 0.0420038 0 0.96 0.0437289 0 0.84086 0.0372336 0
0.85788 0.0388837 0 0.8749 0.0405338 0 0.89192 0.0421839 0
0.90894 0.0438339 0 0.92596 0.045484 0 0.94298 0.0471341 0
0.96 0.0487842 0 0.84086 0.0428139 0 0.85788 0.044389 0
0.8749 0.0459641 0 0.89192 0.0475391 0 0.90894 0.0491142 0
0.92596 0.0506893 0 0.94298 0.0522644 0 0.96 0.0538395 0
0.84086 0.0483942 0 0.85788 0.0498943 0 0.8749 0.0513943 0
0.89192 0.0528944 0 0.90894 0.0543945 0 0.92596 0.0558946 0
0.94298 0.0573946 0 0.96 0.0588947 0 0.84086 0.0539745 0
0.85788 0.0553996 0 0.8749 0.0568246 0 0.89192 0.0582497 0
0.90894 0.0596748 0 0.92596 0.0610998 0 0.94298 0.0625249 0
0.96 0.06395 0 0.84086 0.0595548 0 0.85788 0.0609048 0
0.8749 0.0622549 0 0.89192 0.063605 0 0.90894 0.064955 0
0.92596 0.0663051 0 0.94298 0.0676552 0 0.96 0.0690052 0
0.84086 0.0651351 0 0.85788 0.0664101 0 0.8749 0.0676852 0
0.89192 0.0689603 0 0.90894 0.0702353 0 0.92596 0.0715104 0
0.94298 0.0727854 0 0.96 0.0740605 0 0.84086 0.0707154 0
0.85788 0.0719154 0 0.8749 0.0731155 0 0.89192 0.0743155 0
0.90894 0.0755156 0 0.92596 0.0767157 0 0.94298 0.0779157 0
0.96 0.0791158 0 0.84086 0.0762957 0 0.85788 0.0774207 0
0.8749 0.0785458 0 0.89192 0.0796708 0 0.90894 0.0807959 0
0.92596 0.0819209 0 0.94298 0.083046 0 0.96 0.084171 0
0.84086 0.0818759 0 0.85788 0.082926 0 0.8749 0.083976 0
0.89192 0.0850261 0 0.90894 0.0860761 0 0.92596 0.0871262 0
0.94298 0.0881763 0 0.96 0.0892263 0 0.84086 0.0874562 0
0.85788 0.0884313 0 0.8749 0.0894063 0 0.89192 0.0903814 0
0.90894 0.0913564 0 0.92596 0.0923315 0 0.94298 0.0933065 0
0.96 0.0942816 0 0.84086 0.0930365 0 0.85788 0.0939366 0
0.8749 0.0948366 0 0.89192 0.0957367 0 0.90894 0.0966367 0
0.92596 0.0975367 0 0.94298 0.0984368 0 0.96 0.0993368 0
0.84086 0.0986168 0 0.85788 0.0994418 0 0.8749 0.100267 0
0.89192 0.101092 0 0.90894 0.101917 0 0.92596 0.102742 0
0.94298 0.103567 0 0.96 0.104392 0 0.84086 0.104197 0
0.85788 0.104947 0 0.8749 0.105697 0 0.89192 0.106447 0
0.90894 0.107197 0 0.92596 0.107947 0 0.94298 0.108697 0
0.96 0.109447 0 0.84086 0.109777 0 0.85788 0.110452 0
0.8749 0.111127 0 0.89192 0.111802 0 0.90894 0.112478 0
0.92596 0.113153 0 0.94298 0.113828 0 0.96 0.114503 0
0.84086 0.115358 0 0.85788 0.115958 0 0.8749 0.116558 0
0.89192 0.117158 0 0.90894 0.117758 0 0.92596 0.118358 0
0.94298 0.118958 0 0.96 0.119558 0 0.84086 0.120938 0
0.85788 0.121463 0 0.8749 0.121988 0 0.89192 0.122513 0
0.90894 0.123038 0 0.92596 0.123563 0 0.94298 0.124088 0
0.96 0.124613 0 0.84086 0.126518 0 0.85788 0.126968 0
0.8749 0.127418 0 0.89192 0.127868 0 0.90894 0.128318 0
0.92596 0.128768 0 0.94298 0.129218 0 0.96 0.129668 0
0.84086 0.132099 0 0.85788 0.132474 0 0.8749 0.132849 0
0.89192 0.133224 0 0.90894 0.133599 0 0.92596 0.133974 0
0.94298 0.134349 0 0.96 0.134724 0 0.84086 0.137679 0
0.85788 0.137979 0 0.8749 0.138279 0 0.89192 0.138579 0
0.90894 0.138879 0 0.92596 0.139179 0 0.94298 0.139479 0
0.96 0.139779 0 0.84086 0.143259 0 0.85788 0.143484 0
0.8749 0.143709 0 0.89192 0.143934 0 0.90894 0.144159 0
0.92596 0.144384 0 0.94298 0.144609 0 0.96 0.144834 0
0.84086 0.148839 0 0.85788 0.148989 0 0.8749 0.149139 0
0.89192 0.149289 0 0.90894 0.149439 0 0.92596 0.149589 0
0.94298 0.149739 0 0.96 0.149889 0 0.84086 0.15442 0
0.85788 0.154495 0 0.8749 0.15457 0 0.89192 0.154645 0
0.90894 0.15472 0 0.92596 0.154795 0 0.94298 0.15487 0
0.96 0.154945 0 0.84086 0.16 0 0.85788 0.16 0
0.8749 0.16 0 0.89192 0.16 0 0.90894 0.16 0
0.92596 0.16 0 0.94298 0.16 0 0.96 0.16 0
0.84086 0.00933217 0.05 0.85788 0.0113573 0.05 0.8749 0.0133824 0.05
0.89192 0.0154075 0.05 0.90894 0.0174326 0.05 0.92596 0.0194577 0.05
0.94298 0.0214828 0.05 0.96 0.0235079 0.05 0.84086 0.0149125 0.05
0.85788 0.0168626 0.05 0.8749 0.0188127 0.05 0.89192 0.0207627 0.05
0.90894 0.0227128 0.05 0.92596 0.0246629 0.05 0.94298 0.026613 0.05
0.96 0.0285631 0.05 0.84086 0.0204927 0.05 0.85788 0.0223678 0.05
0.8749 0.0242429 0.05 0.89192 0.026118 0.05 0.90894 0.0279931 0.05
0.92596 0.0298682 0.05 0.94298 0.0317433 0.05 0.96 0.0336184 0.05
0.84086 0.026073 0.05 0.85788 0.0278731 0.05 0.8749 0.0296732 0.05
0.89192 0.0314733 0.05 0.90894 0.0332734 0.05 0.92596 0.0350735 0.05
0.94298 0.0368736 0.05 0.96 0.0386737 0.05 0.84086 0.0316533 0.05
0.85788 0.0333784 0.05 0.8749 0.0351035 0.05 0.89192 0.0368286 0.05
0.90894 0.0385537 0.05 0.92596 0.0402788 0.05 0.94298 0.0420038 0.05
0.96 0.0437289 0.05 0.84086 0.0372336 0.05 0.85788 0.0388837 0.05
0.8749 0.0405338 0.05 0.89192 0.0421839 0.05 0.90894 0.0438339 0.05
0.92596 0.045484 0.05 0.94298 0.0471341 0.05 0.96 0.0487842 0.05
0.84086 0.0428139 0.05 0.85788 0.044389 0.05 0.8749 0.0459641 0.05
0.89192 0.0475391 0.05 0.90894 0.0491142 0.05 0.92596 0.0506893 0.05
0.94298 0.0522644 0.05 0.96 0.0538395 0.05 0.84086 0.0483942 0.05
0.85788 0.0498943 0.05 0.8749 0.0513943 0.05 0.89192 0.0528944 0.05
0.90894 0.0543945 0.05 0.92596 0.0558946 0.05 0.94298 0.0573946 0.05
0.96 0.0588947 0.05 0.84086 0.0539745 0.05 0.85788 0.0553996 0.05
0.8749 0.0568246 0.05 0.89192 0.0582497 0.05 0.90894 0.0596748 0.05
0.92596 0.0610998 0.05 0.94298 0.0625249 0.05 0.96 0.06395 0.05
0.84086 0.0595548 0.05 0.85788 0.0609048 0.05 0.8749 0.0622549 0.05
0.89192 0.063605 0.05 0.90894 0.064955 0.05 0.92596 0.0663051 0.05
0.94298 0.0676552 0.05 0.96 0.0690052 0.05 0.84086 0.0651351 0.05
0.85788 0.0664101 0.05 0.8749 0.0676852 0.05 0.89192 0.0689603 0.05
0.90894 0.0702353 0.05 0.92596 0.0715104 0.05 0.94298 0.0727854 0.05
0.96 0.0740605 0.05 0.84086 0.0707154 0.05 0.85788 0.0719154 0.05
0.8749 0.0731155 0.05 0.89192 0.0743155 0.05 0.90894 0.0755156 0.05
0.92596 0.0767157 0.05 0.94298 0.0779157 0.05 0.96 0.0791158 0.05
0.84086 0.0762957 0.05 0.85788 0.0774207 0.05 0.8749 0.0785458 0.05
0.89192 0.0796708 0.05 0.90894 0.0807959 0.05 0.92596 0.0819209 0.05
0.94298 0.083046 0.05 0.96 0.084171 0.05 0.84086 0.0818759 0.05
0.85788 0.082926 0.05 0.8749 0.083976 0.05 0.89192 0.0850261 0.05
0.90894 0.0860761 0.05 0.92596 0.0871262 0.05 0.94298 0.0881763 0.05
0.96 0.0892263 0.05 0.84086 0.0874562 0.05 0.85788 0.0884313 0.05
0.8749 0.0894063 0.05 0.89192 0.0903814 0.05 0.90894 0.0913564 0.05
0.92596 0.0923315 0.05 0.94298 0.0933065 0.05 0.96 0.0942816 0.05
0.84086 0.0930365 0.05 0.85788 0.0939366 0.05 0.8749 0.0948366 0.05
0.89192 0.0957367 0.05 0.90894 0.0966367 0.05 0.92596 0.0975367 0.05
0.94298 0.0984368 0.05 0.96 0.0993368 0.05 0.84086 0.0986168 0.05
0.85788 0.0994418 0.05 0.8749 0.100267 0.05 0.89192 0.101092 0.05
0.90894 0.101917 0.05 0.92596 0.102742 0.05 0.94298 0.103567 0.05
0.96 0.104392 0.05 0.84086 0.104197 0.05 0.85788 0.104947 0.05
0.8749 0.105697 0.05 0.89192 0.106447 0.05 0.90894 0.107197 0.05
0.92596 0.107947 0.05 0.94298 0.108697 0.05 0.96 0.109447 0.05
0.84086 0.109777 0.05 0.85788 0.110452 0.05 0.8749 0.111127 0.05
0.89192 0.111802 0.05 0.90894 0.112478 0.05 0.92596 0.113153 0.05
0.94298 0.113828 0.05 0.96 0.114503 0.05 0.84086 0.115358 0.05
0.85788 0.115958 0.05 0.8749 0.116558 0.05 0.89192 0.117158 0.05
0.90894 0.117758 0.05 0.92596 0.118358 0.05 0.94298 0.118958 0.05
0.96 0.119558 0.05 0.84086 0.120938 0.05 0.85788 0.121463 0.05
0.8749 0.121988 0.05 0.89192 0.122513 0.05 0.90894 0.123038 0.05
0.92596 0.123563 0.05 0.94298 0.124088 0.05 0.96 0.124613 0.05
0.84086 0.126518 0.05 0.85788 0.126968 0.05 0.8749 0.127418 0.05
0.89192 0.127868 0.05 0.90894 0.128318 0.05 0.92596 0.128768 0.05
0.94298 0.129218 0.05 0.96 0.129668 0.05 0.84086 0.132099 0.05
0.85788 0.132474 0.05 0.8749 0.132849 0.05 0.89192 0.133224 0.05
0.90894 0.133599 0.05 0.92596 0.133974 0.05 0.94298 0.134349 0.05
0.96 0.134724 0.05 0.84086 0.137679 0.05 0.85788 0.137979 0.05
0.8749 0.138279 0.05 0.89192 0.138579 0.05 0.90894 0.138879 0.05
0.92596 0.139179 0.05 0.94298 0.139479 0.05 0.96 0.139779 0.05
0.84086 0.143259 0.05 0.85788 0.143484 0.05 0.8749 0.143709 0.05
0.89192 0.143934 0.05 0.90894 0.144159 0.05 0.92596 0.144384 0.05
0.94298 0.144609 0.05 0.96 0.144834 0.05 0.84086 0.148839 0.05
0.85788 0.148989 0.05 0.8749 0.149139 0.05 0.89192 0.149289 0.05
0.90894 0.149439 0.05 0.92596 0.149589 0.05 0.94298 0.149739 0.05
0.96 0.149889 0.05 0.84086 0.15442 0.05 0.85788 0.154495 0.05
0.8749 0.15457 0.05 0.89192 0.154645 0.05 0.90894 0.15472 0.05
0.92596 0.154795 0.05 0.94298 0.15487 0.05 0.96 0.154945 0.05
0.84086 0.16 0.05 0.85788 0.16 0.05 0.8749 0.16 0.05
0.89192 0.16 0.05 0.90894 0.16 0.05 0.92596 0.16 0.05
0.94298 0.16 0.05 0.96 0.16 0.05 0.98356 0.0242422 0
1.00712 0.0249766 0 1.03068 0.025711 0 1.05424 0.0264454 0
1.0778 0.0271797 0 1.10136 0.0279141 0 1.12492 0.0286485 0
1.14848 0.0293829 0 1.17204 0.0301172 0 1.1956 0.0308516 0
1.21916 0.031586 0 1.24272 0.0323204 0 1.26628 0.0330547 0
1.28984 0.0337891 0 1.3134 0.0345235 0 1.33696 0.0352579 0
1.36052 0.0359922 0 1.38408 0.0367266 0 1.40764 0.037461 0
1.4312 0.0381954 0 1.45476 0.0389297 0 1.47832 0.0396641 0
1.50188 0.0403985 0 1.52544 0.0411329 0 1.549 0.0418672 0
1.57256 0.0426016 0 1.59612 0.043336 0 1.61968 0.0440703 0
0.98356 0.0292703 0 1.00712 0.0299775 0 1.03068 0.0306847 0
1.05424 0.0313918 0 1.0778 0.032099 0 1.10136 0.0328062 0
1.12492 0.0335134 0 1.14848 0.0342205 0 1.17204 0.0349277 0
1.1956 0.0356349 0 1.21916 0.0363421 0 1.24272 0.0370492 0
1.26629 0.0377564 0 1.28985 0.0384636 0 1.31341 0.0391708 0
1.33697 0.0398779 0 1.36053 0.0405851 0 1.38409 0.0412923 0
1.40765 0.0419995 0 1.43121 0.0427066 0 1.45477 0.0434138 0
1.47833 0.044121 0 1.50189 0.0448282 0 1.52545 0.0455353 0
1.54901 0.0462425 0 1.57257 0.0469497 0 1.59613 0.0476569 0
1.61969 0.048364 0 0.983561 0.0342984 0 1.00712 0.0349783 0
1.03068 0.0356583 0 1.05424 0.0363383 0 1.0778 0.0370183 0
1.10136 0.0376983 0 1.12493 0.0383782 0 1.14849 0.0390582 0
1.17205 0.0397382 0 1.19561 0.0404182 0 1.21917 0.0410981 0
1.24273 0.0417781 0 1.26629 0.0424581 0 1.28985 0.0431381 0
1.31341 0.043818 0 1.33697 0.044498 0 1.36053 0.045178 0
1.38409 0.045858 0 1.40766 0.0465379 0 1.43122 0.0472179 0
1.45478 0.0478979 0 1.47834 0.0485779 0 1.5019 0.0492579 0
1.52546 0.0499378 0 1.54902 0.0506178 0 1.57258 0.0512978 0
1.59614 0.0519778 0 1.6197 0.0526577 0 0.983561 0.0393264 0
1.00712 0.0399792 0 1.03068 0.040632 0 1.05424 0.0412848 0
1.07781 0.0419375 0 1.10137 0.0425903 0 1.12493 0.0432431 0
1.14849 0.0438959 0 1.17205 0.0445487 0 1.19561 0.0452014 0
1.21917 0.0458542 0 1.24274 0.046507 0 1.2663 0.0471598 0
1.28986 0.0478125 0 1.31342 0.0484653 0 1.33698 0.0491181 0
1.36054 0.0497709 0 1.3841 0.0504237 0 1.40766 0.0510764 0
1.43123 0.0517292 0 1.45479 0.052382 0 1.47835 0.0530348 0
1.50191 0.0536875 0 1.52547 0.0543403 0 1.54903 0.0549931 0
1.57259 0.0556459 0 1.59615 0.0562986 0 1.61972 0.0569514 0
0.983562 0.0443545 0 1.00712 0.0449801 0 1.03069 0.0456057 0
1.05425 0.0462312 0 1.07781 0.0468568 0 1.10137 0.0474824 0
1.12493 0.048108 0 1.14849 0.0487336 0 1.17206 0.0493591 0
1.19562 0.0499847 0 1.21918 0.0506103 0 1.24274 0.0512359 0
1.2663 0.0518614 0 1.28986 0.052487 0 1.31343 0.0531126 0
1.33699 0.0537382 0 1.36055 0.0543638 0 1.38411 0.0549893 0
1.40767 0.0556149 0 1.43123 0.0562405 0 1.4548 0.0568661 0
1.47836 0.0574916 0 1.50192 0.0581172 0 1.52548 0.0587428 0
1.54904 0.0593684 0 1.5726 0.059994 0 1.59617 0.0606195 0
1.61973 0.0612451 0 0.983562 0.0493826 0 1.00712 0.0499809 0
1.03069 0.0505793 0 1.05425 0.0511777 0 1.07781 0.0517761 0
1.10137 0.0523745 0 1.12493 0.0529728 0 1.1485 0.0535712 0
1.17206 0.0541696 0 1.19562 0.054768 0 1.21918 0.0553664 0
1.24275 0.0559647 0 1.26631 0.0565631 0 1.28987 0.0571615 0
1.31343 0.0577599 0 1.33699 0.0583583 0 1.36056 0.0589566 0
1.38412 0.059555 0 1.40768 0.0601534 0 1.43124 0.0607518 0
1.4548 0.0613502 0 1.47837 0.0619485 0 1.50193 0.0625469 0
1.52549 0.0631453 0 1.54905 0.0637437 0 1.57261 0.064342 0
1.59618 0.0649404 0 1.61974 0.0655388 0 0.983563 0.0544106 0
1.00713 0.0549818 0 1.03069 0.055553 0 1.05425 0.0561242 0
1.07781 0.0566954 0 1.10138 0.0572665 0 1.12494 0.0578377 0
1.1485 0.0584089 0 1.17206 0.0589801 0 1.19563 0.0595513 0
1.21919 0.0601224 0 1.24275 0.0606936 0 1.26631 0.0612648 0
1.28988 0.061836 0 1.31344 0.0624072 0 1.337 0.0629783 0
1.36056 0.0635495 0 1.38413 0.0641207 0 1.40769 0.0646919 0
1.43125 0.0652631 0 1.45481 0.0658342 0 1.47838 0.0664054 0
1.50194 0.0669766 0 1.5255 0.0675478 0 1.54906 0.068119 0
1.57263 0.0686901 0 1.59619 0.0692613 0 1.61975 0.0698325 0
0.983563 0.0594387 0 1.00713 0.0599827 0 1.03069 0.0605267 0
1.05425 0.0610706 0 1.07781 0.0616146 0 1.10138 0.0621586 0
1.12494 0.0627026 0 1.1485 0.0632466 0 1.17207 0.0637905 0
1.19563 0.0643345 0 1.21919 0.0648785 0 1.24276 0.0654225 0
1.26632 0.0659665 0 1.28988 0.0665105 0 1.31344 0.0670544 0
1.33701 0.0675984 0 1.36057 0.0681424 0 1.38413 0.0686864 0
1.4077 0.0692304 0 1.43126 0.0697743 0 1.45482 0.0703183 0
1.47838 0.0708623 0 1.50195 0.0714063 0 1.52551 0.0719503 0
1.54907 0.0724942 0 1.57264 0.0730382 0 1.5962 0.0735822 0
1.61976 0.0741262 0 0.983563 0.0644668 0 1.00713 0.0649835 0
1.03069 0.0655003 0 1.05425 0.0660171 0 1.07782 0.0665339 0
1.10138 0.0670507 0 1.12494 0.0675675 0 1.14851 0.0680842 0
1.17207 0.068601 0 1.19563 0.0691178 0 1.2192 0.0696346 0
1.24276 0.0701514 0 1.26632 0.0706681 0 1.28989 0.0711849 0
1.31345 0.0717017 0 1.33701 0.0722185 0 1.36058 0.0727353 0
1.38414 0.0732521 0 1.4077 0.0737688 0 1.43127 0.0742856 0
1.45483 0.0748024 0 1.47839 0.0753192 0 1.50196 0.075836 0
1.52552 0.0763527 0 1.54908 0.0768695 0 1.57265 0.0773863 0
1.59621 0.0779031 0 1.61977 0.0784199 0 0.983564 0.0694948 0
1.00713 0.0699844 0 1.03069 0.070474 0 1.05426 0.0709636 0
1.07782 0.0714532 0 1.10138 0.0719427 0 1.12495 0.0724323 0
1.14851 0.0729219 0 1.17207 0.0734115 0 1.19564 0.0739011 0
1.2192 0.0743907 0 1.24277 0.0748802 0 1.26633 0.0753698 0
1.28989 0.0758594 0 1.31346 0.076349 0 1.33702 0.0768386 0
1.36058 0.0773282 0 1.38415 0.0778177 0 1.40771 0.0783073 0
1.43128 0.0787969 0 1.45484 0.0792865 0 1.4784 0.0797761 0
1.50197 0.0802656 0 1.52553 0.0807552 0 1.5491 0.0812448 0
1.57266 0.0817344 0 1.59622 0.082224 0 1.61979 0.0827136 0
0.983564 0.0745229 0 1.00713 0.0749853 0 1.03069 0.0754477 0
1.05426 0.07591 0 1.07782 0.0763724 0 1.10139 0.0768348 0
1.12495 0.0772972 0 1.14851 0.0777596 0 1.17208 0.078222 0
1.19564 0.0786844 0 1.21921 0.0791467 0 1.24277 0.0796091 0
1.26633 0.0800715 0 1.2899 0.0805339 0 1.31346 0.0809963 0
1.33703 0.0814587 0 1.36059 0.081921 0 1.38416 0.0823834 0
1.40772 0.0828458 0 1.43128 0.0833082 0 1.45485 0.0837706 0
1.47841 0.084233 0 1.50198 0.0846953 0 1.52554 0.0851577 0
1.54911 0.0856201 0 1.57267 0.0860825 0 1.59623 0.0865449 0
1.6198 0.0870073 0 0.983565 0.079551 0 1.00713 0.0799861 0
1.03069 0.0804213 0 1.05426 0.0808565 0 1.07782 0.0812917 0
1.10139 0.0817269 0 1.12495 0.0821621 0 1.14852 0.0825973 0
1.17208 0.0830324 0 1.19565 0.0834676 0 1.21921 0.0839028 0
1.24278 0.084338 0 1.26634 0.0847732 0 1.28991 0.0852084 0
1.31347 0.0856435 0 1.33703 0.0860787 0 1.3606 0.0865139 0
1.38416 0.0869491 0 1.40773 0.0873843 0 1.43129 0.0878195 0
1.45486 0.0882547 0 1.47842 0.0886898 0 1.50199 0.089125 0
1.52555 0.0895602 0 1.54912 0.0899954 0 1.57268 0.0904306 0
1.59625 0.0908658 0 1.61981 0.0913009 0 0.983565 0.084579 0
1.00713 0.084987 0 1.0307 0.085395 0 1.05426 0.085803 0
1.07783 0.086211 0 1.10139 0.086619 0 1.12496 0.0870269 0
1.14852 0.0874349 0 1.17209 0.0878429 0 1.19565 0.0882509 0
1.21922 0.0886589 0 1.24278 0.0890669 0 1.26635 0.0894749 0
1.28991 0.0898828 0 1.31348 0.0902908 0 1.33704 0.0906988 0
1.36061 0.0911068 0 1.38417 0.0915148 0 1.40774 0.0919228 0
1.4313 0.0923308 0 1.45487 0.0927387 0 1.47843 0.0931467 0
1.502 0.0935547 0 1.52556 0.0939627 0 1.54913 0.0943707 0
1.57269 0.0947787 0 1.59626 0.0951867 0 1.61982 0.0955946 0
0.983566 0.0896071 0 1.00713 0.0899879 0 1.0307 0.0903687 0
1.05426 0.0907495 0 1.07783 0.0911302 0 1.10139 0.091511 0
1.12496 0.0918918 0 1.14852 0.0922726 0 1.17209 0.0926534 0
1.19565 0.0930342 0 1.21922 0.093415 0 1.24279 0.0937957 0
1.26635 0.0941765 0 1.28992 0.0945573 0 1.31348 0.0949381 0
1.33705 0.0953189 0 1.36061 0.0956997 0 1.38418 0.0960805 0
1.40774 0.0964613 0 1.43131 0.096842 0 1.45488 0.0972228 0
1.47844 0.0976036 0 1.50201 0.0979844 0 1.52557 0.0983652 0
1.54914 0.098746 0 1.5727 0.0991268 0 1.59627 0.0995075 0
1.61983 0.0998883 0 0.983566 0.0946352 0 1.00713 0.0949887 0
1.0307 0.0953423 0 1.05426 0.0956959 0 1.07783 0.0960495 0
1.1014 0.0964031 0 1.12496 0.0967567 0 1.14853 0.0971103 0
1.17209 0.0974639 0 1.19566 0.0978174 0 1.21923 0.098171 0
1.24279 0.0985246 0 1.26636 0.0988782 0 1.28992 0.0992318 0
1.31349 0.0995854 0 1.33705 0.099939 0 1.36062 0.100293 0
1.38419 0.100646 0 1.40775 0.101 0 1.43132 0.101353 0
1.45488 0.101707 0 1.47845 0.10206 0 1.50202 0.102414 0
1.52558 0.102768 0 1.54915 0.103121 0 1.57271 0.103475 0
1.59628 0.103828 0 1.61985 0.104182 0 0.983566 0.0996632 0
1.00713 0.0999896 0 1.0307 0.100316 0 1.05427 0.100642 0
1.07783 0.100969 0 1.1014 0.101295 0 1.12496 0.101622 0
1.14853 0.101948 0 1.1721 0.102274 0 1.19566 0.102601 0
1.21923 0.102927 0 1.2428 0.103253 0 1.26636 0.10358 0
1.28993 0.103906 0 1.3135 0.104233 0 1.33706 0.104559 0
1.36063 0.104885 0 1.38419 0.105212 0 1.40776 0.105538 0
1.43133 0.105865 0 1.45489 0.106191 0 1.47846 0.106517 0
1.50203 0.106844 0 1.52559 0.10717 0 1.54916 0.107497 0
1.57272 0.107823 0 1.59629 0.108149 0 1.61986 0.108476 0
0.983567 0.104691 0 1.00713 0.10499 0 1.0307 0.10529 0
1.05427 0.105589 0 1.07783 0.105888 0 1.1014 0.106187 0
1.12497 0.106486 0 1.14853 0.106786 0 1.1721 0.107085 0
1.19567 0.107384 0 1.21923 0.107683 0 1.2428 0.107982 0
1.26637 0.108282 0 1.28993 0.108581 0 1.3135 0.10888 0
1.33707 0.109179 0 1.36064 0.109478 0 1.3842 0.109778 0
1.40777 0.110077 0 1.43134 0.110376 0 1.4549 0.110675 0
1.47847 0.110974 0 1.50204 0.111273 0 1.5256 0.111573 0
1.54917 0.111872 0 1.57274 0.112171 0 1.5963 0.11247 0
1.61987 0.112769 0 0.983567 0.109719 0 1.00713 0.109991 0
1.0307 0.110263 0 1.05427 0.110535 0 1.07784 0.110807 0
1.1014 0.111079 0 1.12497 0.111351 0 1.14854 0.111623 0
1.1721 0.111895 0 1.19567 0.112167 0 1.21924 0.112439 0
1.24281 0.112711 0 1.26637 0.112983 0 1.28994 0.113255 0
1.31351 0.113527 0 1.33707 0.113799 0 1.36064 0.114071 0
1.38421 0.114343 0 1.40778 0.114615 0 1.43134 0.114887 0
1.45491 0.115159 0 1.47848 0.115431 0 1.50205 0.115703 0
1.52561 0.115975 0 1.54918 0.116247 0 1.57275 0.116519 0
1.59631 0.116791 0 1.61988 0.117063 0 0.983568 0.114747 0
1.00714 0.114992 0 1.0307 0.115237 0 1.05427 0.115482 0
1.07784 0.115727 0 1.10141 0.115971 0 1.12497 0.116216 0
1.14854 0.116461 0 1.17211 0.116706 0 1.19568 0.116951 0
1.21924 0.117195 0 1.24281 0.11744 0 1.26638 0.117685 0
1.28995 0.11793 0 1.31351 0.118174 0 1.33708 0.118419 0
1.36065 0.118664 0 1.38422 0.118909 0 1.40778 0.119154 0
1.43135 0.119398 0 1.45492 0.119643 0 1.47849 0.119888 0
1.50206 0.120133 0 1.52562 0.120378 0 1.54919 0.120622 0
1.57276 0.120867 0 1.59633 0.121112 0 1.61989 0.121357 0
0.983568 0.119775 0 1.00714 0.119993 0 1.0307 0.120211 0
1.05427 0.120428 0 1.07784 0.120646 0 1.10141 0.120863 0
1.12498 0.121081 0 1.14854 0.121299 0 1.17211 0.121516 0
1.19568 0.121734 0 1.21925 0.121951 0 1.24282 0.122169 0
1.26638 0.122387 0 1.28995 0.122604 0 1.31352 0.122822 0
1.33709 0.123039 0 1.36066 0.123257 0 1.38422 0.123475 0
1.40779 0.123692 0 1.43136 0.12391 0 1.45493 0.124127 0
1.4785 0.124345 0 1.50206 0.124563 0 1.52563 0.12478 0
1.5492 0.124998 0 1.57277 0.125215 0 1.59634 0.125433 0
1.61991 0.12565 0 0.983568 0.124804 0 1.00714 0.124994 0
1.03071 0.125184 0 1.05427 0.125375 0 1.07784 0.125565 0
1.10141 0.125756 0 1.12498 0.125946 0 1.14855 0.126136 0
1.17212 0.126327 0 1.19568 0.126517 0 1.21925 0.126707 0
1.24282 0.126898 0 1.26639 0.127088 0 1.28996 0.127279 0
1.31353 0.127469 0 1.3371 0.127659 0 1.36066 0.12785 0
1.38423 0.12804 0 1.4078 0.128231 0 1.43137 0.128421 0
1.45494 0.128611 0 1.47851 0.128802 0 1.50207 0.128992 0
1.52564 0.129183 0 1.54921 0.129373 0 1.57278 0.129563 0
1.59635 0.129754 0 1.61992 0.129944 0 0.983569 0.129832 0
1.00714 0.129995 0 1.03071 0.130158 0 1.05428 0.130321 0
1.07784 0.130484 0 1.10141 0.130648 0 1.12498 0.130811 0
1.14855 0.130974 0 1.17212 0.131137 0 1.19569 0.1313 0
1.21926 0.131464 0 1.24283 0.131627 0 1.2664 0.13179 0
1.28996 0.131953 0 1.31353 0.132116 0 1.3371 0.13228 0
1.36067 0.132443 0 1.38424 0.132606 0 1.40781 0.132769 0
1.43138 0.132932 0 1.45495 0.133096 0 1.47852 0.133259 0
1.50208 0.133422 0 1.52565 0.133585 0 1.54922 0.133748 0
1.57279 0.133911 0 1.59636 0.134075 0 1.61993 0.134238 0
0.983569 0.13486 0 1.00714 0.134996 0 1.03071 0.135132 0
1.05428 0.135268 0 1.07785 0.135404 0 1.10142 0.13554 0
1.12499 0.135676 0 1.14855 0.135812 0 1.17212 0.135948 0
1.19569 0.136084 0 1.21926 0.13622 0 1.24283 0.136356 0
1.2664 0.136492 0 1.28997 0.136628 0 1.31354 0.136764 0
1.33711 0.1369 0 1.36068 0.137036 0 1.38425 0.137172 0
1.40782 0.137308 0 1.43139 0.137444 0 1.45496 0.13758 0
1.47852 0.137716 0 1.50209 0.137852 0 1.52566 0.137988 0
1.54923 0.138124 0 1.5728 0.13826 0 1.59637 0.138396 0
1.61994 0.138532 0 0.98357 0.139888 0 1.00714 0.139997 0
1.03071 0.140105 0 1.05428 0.140214 0 1.07785 0.140323 0
1.10142 0.140432 0 1.12499 0.140541 0 1.14856 0.140649 0
1.17213 0.140758 0 1.1957 0.140867 0 1.21927 0.140976 0
1.24284 0.141084 0 1.26641 0.141193 0 1.28998 0.141302 0
1.31355 0.141411 0 1.33712 0.14152 0 1.36069 0.141628 0
1.38426 0.141737 0 1.40782 0.141846 0 1.43139 0.141955 0
1.45496 0.142064 0 1.47853 0.142172 0 1.5021 0.142281 0
1.52567 0.14239 0 1.54924 0.142499 0 1.57281 0.142608 0
1.59638 0.142716 0 1.61995 0.142825 0 0.98357 0.144916 0
1.00714 0.144997 0 1.03071 0.145079 0 1.05428 0.145161 0
1.07785 0.145242 0 1.10142 0.145324 0 1.12499 0.145405 0
1.14856 0.145487 0 1.17213 0.145569 0 1.1957 0.14565 0
1.21927 0.145732 0 1.24284 0.145813 0 1.26641 0.145895 0
1.28998 0.145977 0 1.31355 0.146058 0 1.33712 0.14614 0
1.36069 0.146221 0 1.38426 0.146303 0 1.40783 0.146385 0
1.4314 0.146466 0 1.45497 0.146548 0 1.47854 0.146629 0
1.50211 0.146711 0 1.52568 0.146793 0 1.54925 0.146874 0
1.57282 0.146956 0 1.59639 0.147037 0 1.61996 0.147119 0
0.983571 0.149944 0 1.00714 0.149998 0 1.03071 0.150053 0
1.05428 0.150107 0 1.07785 0.150161 0 1.10142 0.150216 0
1.12499 0.15027 0 1.14856 0.150325 0 1.17214 0.150379 0
1.19571 0.150433 0 1.21928 0.150488 0 1.24285 0.150542 0
1.26642 0.150597 0 1.28999 0.150651 0 1.31356 0.150705 0
1.33713 0.15076 0 1.3607 0.150814 0 1.38427 0.150869 0
1.40784 0.150923 0 1.43141 0.150977 0 1.45498 0.151032 0
1.47855 0.151086 0 1.50212 0.151141 0 1.52569 0.151195 0
1.54926 0.151249 0 1.57284 0.151304 0 1.59641 0.151358 0
1.61998 0.151413 0 0.983571 0.154972 0 1.00714 0.154999 0
1.03071 0.155026 0 1.05428 0.155054 0 1.07785 0.155081 0
1.10143 0.155108 0 1.125 0.155135 0 1.14857 0.155162 0
1.17214 0.15519 0 1.19571 0.155217 0 1.21928 0.155244 0
1.24285 0.155271 0 1.26642 0.155298 0 1.28999 0.155326 0
1.31357 0.155353 0 1.33714 0.15538 0 1.36071 0.155407 0
1.38428 0.155434 0 1.40785 0.155462 0 1.43142 0.155489 0
1.45499 0.155516 0 1.47856 0.155543 0 1.50213 0.15557 0
1.5257 0.155598 0 1.54928 0.155625 0 1.57285 0.155652 0
1.59642 0.155679 0 1.61999 0.155706 0 0.983571 0.16 0
1.00714 0.16 0 1.03071 0.16 0 1.05429 0.16 0
1.07786 0.16 0 1.10143 0.16 0 1.125 0.16 0
1.14857 0.16 0 1.17214 0.16 0 1.19571 0.16 0
1.21929 0.16 0 1.24286 0.16 0 1.26643 0.16 0
1.29 0.16 0 1.31357 0.16 0 1.33714 0.16 0
1.36071 0.16 0 1.38429 0.16 0 1.40786 0.16 0
1.43143 0.16 0 1.455 0.16 0 1.47857 0.16 0
1.50214 0.16 0 1.52571 0.16 0 1.54929 0.16 0
1.57286 0.16 0 1.59643 0.16 0 1.62 0.16 0
0.98356 0.0242422 0.05 1.00712 0.0249766 0.05 1.03068 0.025711 0.05
1.05424 0.0264454 0.05 1.0778 0.0271797 0.05 1.10136 0.0279141 0.05
1.12492 0.0286485 0.05 1.14848 0.0293829 0.05 1.17204 0.0301172 0.05
1.1956 0.0308516 0.05 1.21916 0.031586 0.05 1.24272 0.0323204 0.05
1.26628 0.0330547 0.05 1.28984 0.0337891 0.05 1.3134 0.0345235 0.05
1.33696 0.0352579 0.05 1.36052 0.0359922 0.05 1.38408 0.0367266 0.05
1.40764 0.037461 0.05 1.4312 0.0381954 0.05 1.45476 0.0389297 0.05
1.47832 0.0396641 0.05 1.50188 0.0403985 0.05 1.52544 0.0411329 0.05
1.549 0.0418672 0.05 1.57256 0.0426016 0.05 1.59612 0.043336 0.05
1.61968 0.0440703 0.05 0.98356 0.0292703 0.05 1.00712 0.0299775 0.05
1.03068 0.0306847 0.05 1.05424 0.0313918 0.05 1.0778 0.032099 0.05
1.10136 0.0328062 0.05 1.12492 0.0335134 0.05 1.14848 0.0342205 0.05
1.17204 0.0349277 0.05 1.1956 0.0356349 0.05 1.21916 0.0363421 0.05
1.24272 0.0370492 0.05 1.26629 0.0377564 0.05 1.28985 0.0384636 0.05
1.31341 0.0391708 0.05 1.33697 0.0398779 0.05 1.36053 0.0405851 0.05
1.38409 0.0412923 0.05 1.40765 0.0419995 0.05 1.43121 0.0427066 0.05
1.45477 0.0434138 0.05 1.47833 0.044121 0.05 1.50189 0.0448282 0.05
1.52545 0.0455353 0.05 1.54901 0.0462425 0.05 1.57257 0.0469497 0.05
1.59613 0.0476569 0.05 1.61969 0.048364 0.05 0.983561 0.0342984 0.05
1.00712 0.0349783 0.05 1.03068 0.0356583 0.05 1.05424 0.0363383 0.05
1.0778 0.0370183 0.05 1.10136 0.0376983 0.05 1.12493 0.0383782 0.05
1.14849 0.0390582 0.05 1.17205 0.0397382 0.05 1.19561 0.0404182 0.05
1.21917 0.0410981 0.05 1.24273 0.0417781 0.05 1.26629 0.0424581 0.05
1.28985 0.0431381 0.05 1.31341 0.043818 0.05 1.33697 0.044498 0.05
1.36053 0.045178 0.05 1.38409 0.045858 0.05 1.40766 0.0465379 0.05
1.43122 0.0472179 0.05 1.45478 0.0478979 0.05 1.47834 0.0485779 0.05
1.5019 0.0492579 0.05 1.52546 0.0499378 0.05 1.54902 0.0506178 0.05
1.57258 0.0512978 0.05 1.59614 0.0519778 0.05 1.6197 0.0526577 0.05
0.983561 0.0393264 0.05 1.00712 0.0399792 0.05 1.03068 0.040632 0.05
1.05424 0.0412848 0.05 1.07781 0.0419375 0.05 1.10137 0.0425903 0.05
1.12493 0.0432431 0.05 1.14849 0.0438959 0.05 1.17205 0.0445487 0.05
1.19561 0.0452014 0.05 1.21917 0.0458542 0.05 1.24274 0.046507 0.05
1.2663 0.0471598 0.05 1.28986 0.0478125 0.05 1.31342 0.0484653 0.05
1.33698 0.0491181 0.05 1.36054 0.0497709 0.05 1.3841 0.0504237 0.05
1.40766 0.0510764 0.05 1.43123 0.0517292 0.05 1.45479 0.052382 0.05
1.47835 0.0530348 0.05 1.50191 0.0536875 0.05 1.52547 0.0543403 0.05
1.54903 0.0549931 0.05 1.57259 0.0556459 0.05 1.59615 0.0562986 0.05
1.61972 0.0569514 0.05 0.983562 0.0443545 0.05 1.00712 0.0449801 0.05
1.03069 0.0456057 0.05 1.05425 0.0462312 0.05 1.07781 0.0468568 0.05
1.10137 0.0474824 0.05 1.12493 0.048108 0.05 1.14849 0.0487336 0.05
1.17206 0.0493591 0.05 1.19562 0.0499847 0.05 1.21918 0.0506103 0.05
1.24274 0.0512359 0.05 1.2663 0.0518614 0.05 1.28986 0.052487 0.05
1.31343 0.0531126 0.05 1.33699 0.0537382 0.05 1.36055 0.0543638 0.05
1.38411 0.0549893 0.05 1.40767 0.0556149 0.05 1.43123 0.0562405 0.05
1.4548 0.0568661 0.05 1.47836 0.0574916 0.05 1.50192 0.0581172 0.05
1.52548 0.0587428 0.05 1.54904 0.0593684 0.05 1.5726 0.059994 0.05
1.59617 0.0606195 0.05 1.61973 0.0612451 0.05 0.983562 0.0493826 0.05
1.00712 0.0499809 0.05 1.03069 0.0505793 0.05 1.05425 0.0511777 0.05
1.07781 0.0517761 0.05 1.10137 0.0523745 0.05 1.12493 0.0529728 0.05
1.1485 0.0535712 0.05 1.17206 0.0541696 0.05 1.19562 0.054768 0.05
1.21918 0.0553664 0.05 1.24275 0.0559647 0.05 1.26631 0.0565631 0.05
1.28987 0.0571615 0.05 1.31343 0.0577599 0.05 1.33699 0.0583583 0.05
1.36056 0.0589566 0.05 1.38412 0.059555 0.05 1.40768 0.0601534 0.05
1.43124 0.0607518 0.05 1.4548 0.0613502 0.05 1.47837 0.0619485 0.05
1.50193 0.0625469 0.05 1.52549 0.0631453 0.05 1.54905 0.0637437 0.05
1.57261 0.064342 0.05 1.59618 0.0649404 0.05 1.61974 0.0655388 0.05
0.983563 0.0544106 0.05 1.00713 0.0549818 0.05 1.03069 0.055553 0.05
1.05425 0.0561242 0.05 1.07781 0.0566954 0.05 1.10138 0.0572665 0.05
1.12494 0.0578377 0.05 1.1485 0.0584089 0.05 1.17206 0.0589801 0.05
1.19563 0.0595513 0.05 1.21919 0.0601224 0.05 1.24275 0.0606936 0.05
1.26631 0.0612648 0.05 1.28988 0.061836 0.05 1.31344 0.0624072 0.05
1.337 0.0629783 0.05 1.36056 0.0635495 0.05 1.38413 0.0641207 0.05
1.40769 0.0646919 0.05 1.43125 0.0652631 0.05 1.45481 0.0658342 0.05
1.47838 0.0664054 0.05 1.50194 0.0669766 0.05 1.5255 0.0675478 0.05
1.54906 0.068119 0.05 1.57263 0.0686901 0.05 1.59619 0.0692613 0.05
1.61975 0.0698325 0.05 0.983563 0.0594387 0.05 1.00713 0.0599827 0.05
1.03069 0.0605267 0.05 1.05425 0.0610706 0.05 1.07781 0.0616146 0.05
1.10138 0.0621586 0.05 1.12494 0.0627026 0.05 1.1485 0.0632466 0.05
1.17207 0.0637905 0.05 1.19563 0.0643345 0.05 1.21919 0.0648785 0.05
1.24276 0.0654225 0.05 1.26632 0.0659665 0.05 1.28988 0.0665105 0.05
1.31344 0.0670544 0.05 1.33701 0.0675984 0.05 1.36057 0.0681424 0.05
1.38413 0.0686864 0.05 1.4077 0.0692304 0.05 1.43126 0.0697743 0.05
1.45482 0.0703183 0.05 1.47838 0.0708623 0.05 1.50195 0.0714063 0.05
1.52551 0.0719503 0.05 1.54907 0.0724942 0.05 1.57264 0.0730382 0.05
1.5962 0.0735822 0.05 1.61976 0.0741262 0.05 0.983563 0.0644668 0.05
1.00713 0.0649835 0.05 1.03069 0.0655003 0.05 1.05425 0.0660171 0.05
1.07782 0.0665339 0.05 1.10138 0.0670507 0.05 1.12494 0.0675675 0.05
1.14851 0.0680842 0.05 1.17207 0.068601 0.05 1.19563 0.0691178 0.05
1.2192 0.0696346 0.05 1.24276 0.0701514 0.05 1.26632 0.0706681 0.05
1.28989 0.0711849 0.05 1.31345 0.0717017 0.05 1.33701 0.0722185 0.05
1.36058 0.0727353 0.05 1.38414 0.0732521 0.05 1.4077 0.0737688 0.05
1.43127 0.0742856 0.05 1.45483 0.0748024 0.05 1.47839 0.0753192 0.05
1.50196 0.075836 0.05 1.52552 0.0763527 0.05 1.54908 0.0768695 0.05
1.57265 0.0773863 0.05 1.59621 0.0779031 0.05 1.61977 0.0784199 0.05
0.983564 0.0694948 0.05 1.00713 0.0699844 0.05 1.03069 0.070474 0.05
1.05426 0.0709636 0.05 1.07782 0.0714532 0.05 1.10138 0.0719427 0.05
1.12495 0.0724323 0.05 1.14851 0.0729219 0.05 1.17207 0.0734115 0.05
1.19564 0.0739011 0.05 1.2192 0.0743907 0.05 1.24277 0.0748802 0.05
1.26633 0.0753698 0.05 1.28989 0.0758594 0.05 1.31346 0.076349 0.05
1.33702 0.0768386 0.05 1.36058 0.0773282 0.05 1.38415 0.0778177 0.05
1.40771 0.0783073 0.05 1.43128 0.0787969 0.05 1.45484 0.0792865 0.05
1.4784 0.0797761 0.05 1.50197 0.0802656 0.05 1.52553 0.0807552 0.05
1.5491 0.0812448 0.05 1.57266 0.0817344 0.05 1.59622 0.082224 0.05
1.61979 0.0827136 0.05 0.983564 0.0745229 0.05 1.00713 0.0749853 0.05
1.03069 0.0754477 0.05 1.05426 0.07591 0.05 1.07782 0.0763724 0.05
1.10139 0.0768348 0.05 1.12495 0.0772972 0.05 1.14851 0.0777596 0.05
1.17208 0.078222 0.05 1.19564 0.0786844 0.05 1.21921 0.0791467 0.05
1.24277 0.0796091 0.05 1.26633 0.0800715 0.05 1.2899 0.0805339 0.05
1.31346 0.0809963 0.05 1.33703 0.0814587 0.05 1.36059 0.081921 0.05
1.38416 0.0823834 0.05 1.40772 0.0828458 0.05 1.43128 0.0833082 0.05
1.45485 0.0837706 0.05 1.47841 0.084233 0.05 1.50198 0.0846953 0.05
1.52554 0.0851577 0.05 1.54911 0.0856201 0.05 1.57267 0.0860825 0.05
1.59623 0.0865449 0.05 1.6198 0.0870073 0.05 0.983565 0.079551 0.05
1.00713 0.0799861 0.05 1.03069 0.0804213 0.05 1.05426 0.0808565 0.05
1.07782 0.0812917 0.05 1.10139 0.0817269 0.05 1.12495 0.0821621 0.05
1.14852 0.0825973 0.05 1.17208 0.0830324 0.05 1.19565 0.0834676 0.05
1.21921 0.0839028 0.05 1.24278 0.084338 0.05 1.26634 0.0847732 0.05
1.28991 0.0852084 0.05 1.31347 0.0856435 0.05 1.33703 0.0860787 0.05
1.3606 0.0865139 0.05 1.38416 0.0869491 0.05 1.40773 0.0873843 0.05
1.43129 0.0878195 0.05 1.45486 0.0882547 0.05 1.47842 0.0886898 0.05
1.50199 0.089125 0.05 1.52555 0.0895602 0.05 1.54912 0.0899954 0.05
1.57268 0.0904306 0.05 1.59625 0.0908658 0.05 1.61981 0.0913009 0.05
0.983565 0.084579 0.05 1.00713 0.084987 0.05 1.0307 0.085395 0.05
1.05426 0.085803 0.05 1.07783 0.086211 0.05 1.10139 0.086619 0.05
1.12496 0.0870269 0.05 1.14852 0.0874349 0.05 1.17209 0.0878429 0.05
1.19565 0.0882509 0.05 1.21922 0.0886589 0.05 1.24278 0.0890669 0.05
1.26635 0.0894749 0.05 1.28991 0.0898828 0.05 1.31348 0.0902908 0.05
1.33704 0.0906988 0.05 1.36061 0.0911068 0.05 1.38417 0.0915148 0.05
1.40774 0.0919228 0.05 1.4313 0.0923308 0.05 1.45487 0.0927387 0.05
1.47843 0.0931467 0.05 1.502 0.0935547 0.05 1.52556 0.0939627 0.05
1.54913 0.0943707 0.05 1.57269 0.0947787 0.05 1.59626 0.0951867 0.05
1.61982 0.0955946 0.05 0.983566 0.0896071 0.05 1.00713 0.0899879 0.05
1.0307 0.0903687 0.05 1.05426 0.0907495 0.05 1.07783 0.0911302 0.05
1.10139 0.091511 0.05 1.12496 0.0918918 0.05 1.14852 0.0922726 0.05
1.17209 0.0926534 0.05 1.19565 0.0930342 0.05 1.21922 0.093415 0.05
1.24279 0.0937957 0.05 1.26635 0.0941765 0.05 1.28992 0.0945573 0.05
1.31348 0.0949381 0.05 1.33705 0.0953189 0.05 1.36061 0.0956997 0.05
1.38418 0.0960805 0.05 1.40774 0.0964613 0.05 1.43131 0.096842 0.05
1.45488 0.0972228 0.05 1.47844 0.0976036 0.05 1.50201 0.0979844 0.05
1.52557 0.0983652 0.05 1.54914 0.098746 0.05 1.5727 0.0991268 0.05
1.59627 0.0995075 0.05 1.61983 0.0998883 0.05 0.983566 0.0946352 0.05
1.00713 0.0949887 0.05 1.0307 0.0953423 0.05 1.05426 0.0956959 0.05
1.07783 0.0960495 0.05 1.1014 0.0964031 0.05 1.12496 0.0967567 0.05
1.14853 0.0971103 0.05 1.17209 0.0974639 0.05 1.19566 0.0978174 0.05
1.21923 0.098171 0.05 1.24279 0.0985246 0.05 1.26636 0.0988782 0.05
1.28992 0.0992318 0.05 1.31349 0.0995854 0.05 1.33705 0.099939 0.05
1.36062 0.100293 0.05 1.38419 0.100646 0.05 1.40775 0.101 0.05
1.43132 0.101353 0.05 1.45488 0.101707 0.05 1.47845 0.10206 0.05
1.50202 0.102414 0.05 1.52558 0.102768 0.05 1.54915 0.103121 0.05
1.57271 0.103475 0.05 1.59628 0.103828 0.05 1.61985 0.104182 0.05
0.983566 0.0996632 0.05 1.00713 0.0999896 0.05 1.0307 0.100316 0.05
1.05427 0.100642 0.05 1.07783 0.100969 0.05 1.1014 0.101295 0.05
1.12496 0.101622 0.05 1.14853 0.101948 0.05 1.1721 0.102274 0.05
1.19566 0.102601 0.05 1.21923 0.102927 0.05 1.2428 0.103253 0.05
1.26636 0.10358 0.05 1.28993 0.103906 0.05 1.3135 0.104233 0.05
1.33706 0.104559 0.05 1.36063 0.104885 0.05 1.38419 0.105212 0.05
1.40776 0.105538 0.05 1.43133 0.105865 0.05 1.45489 0.106191 0.05
1.47846 0.106517 0.05 1.50203 0.106844 0.05 1.52559 0.10717 0.05
1.54916 0.107497 0.05 1.57272 0.107823 0.05 1.59629 0.108149 0.05
1.61986 0.108476 0.05 0.983567 0.104691 0.05 1.00713 0.10499 0.05
1.0307 0.10529 0.05 1.05427 0.105589 0.05 1.07783 0.105888 0.05
1.1014 0.106187 0.05 1.12497 0.106486 0.05 1.14853 0.106786 0.05
1.1721 0.107085 0.05 1.19567 0.107384 0.05 1.21923 0.107683 0.05
1.2428 0.107982 0.05 1.26637 0.108282 0.05 1.28993 0.108581 0.05
1.3135 0.10888 0.05 1.33707 0.109179 0.05 1.36064 0.109478 0.05
1.3842 0.109778 0.05 1.40777 0.110077 0.05 1.43134 0.110376 0.05
1.4549 0.110675 0.05 1.47847 0.110974 0.05 1.50204 0.111273 0.05
1.5256 0.111573 0.05 1.54917 0.111872 0.05 1.57274 0.112171 0.05
1.5963 0.11247 0.05 1.61987 0.112769 0.05 0.983567 0.109719 0.05
1.00713 0.109991 0.05 1.0307 0.110263 0.05 1.05427 0.110535 0.05
1.07784 0.110807 0.05 1.1014 0.111079 0.05 1.12497 0.111351 0.05
1.14854 0.111623 0.05 1.1721 0.111895 0.05 1.19567 0.112167 0.05
1.21924 0.112439 0.05 1.24281 0.112711 0.05 1.26637 0.112983 0.05
1.28994 0.113255 0.05 1.31351 0.113527 0.05 1.33707 0.113799 0.05
1.36064 0.114071 0.05 1.38421 0.114343 0.05 1.40778 0.114615 0.05
1.43134 0.114887 0.05 1.45491 0.115159 0.05 1.47848 0.115431 0.05
1.50205 0.115703 0.05 1.52561 0.115975 0.05 1.54918 0.116247 0.05
1.57275 0.116519 0.05 1.59631 0.116791 0.05 1.61988 0.117063 0.05
0.983568 0.114747 0.05 1.00714 0.114992 0.05 1.0307 0.115237 0.05
1.05427 0.115482 0.05 1.07784 0.115727 0.05 1.10141 0.115971 0.05
1.12497 0.116216 0.05 1.14854 0.116461 0.05 1.17211 0.116706 0.05
1.19568 0.116951 0.05 1.21924 0.117195 0.05 1.24281 0.11744 0.05
1.26638 0.117685 0.05 1.28995 0.11793 0.05 1.31351 0.118174 0.05
1.33708 0.118419 0.05 1.36065 0.118664 0.05 1.38422 0.118909 0.05
1.40778 0.119154 0.05 1.43135 0.119398 0.05 1.45492 0.119643 0.05
1.47849 0.119888 0.05 1.50206 0.120133 0.05 1.52562 0.120378 0.05
1.54919 0.120622 0.05 1.57276 0.120867 0.05 1.59633 0.121112 0.05
1.61989 0.121357 0.05 0.983568 0.119775 0.05 1.00714 0.119993 0.05
1.0307 0.120211 0.05 1.05427 0.120428 0.05 1.07784 0.120646 0.05
1.10141 0.120863 0.05 1.12498 0.121081 0.05 1.14854 0.121299 0.05
1.17211 0.121516 0.05 1.19568 0.121734 0.05 1.21925 0.121951 0.05
1.24282 0.122169 0.05 1.26638 0.122387 0.05 1.28995 0.122604 0.05
1.31352 0.122822 0.05 1.33709 0.123039 0.05 1.36066 0.123257 0.05
1.38422 0.123475 0.05 1.40779 0.123692 0.05 1.43136 0.12391 0.05
1.45493 0.124127 0.05 1.4785 0.124345 0.05 1.50206 0.124563 0.05
1.52563 0.12478 0.05 1.5492 0.124998 0.05 1.57277 0.125215 0.05
1.59634 0.125433 0.05 1.61991 0.12565 0.05 0.983568 0.124804 0.05
1.00714 0.124994 0.05 1.03071 0.125184 0.05 1.05427 0.125375 0.05
1.07784 0.125565 0.05 1.10141 0.125756 0.05 1.12498 0.125946 0.05
1.14855 0.126136 0.05 1.17212 0.126327 0.05 1.19568 0.126517 0.05
1.21925 0.126707 0.05 1.24282 0.126898 0.05 1.26639 0.127088 0.05
1.28996 0.127279 0.05 1.31353 0.127469 0.05 1.3371 0.127659 0.05
1.36066 0.12785 0.05 1.38423 0.12804 0.05 1.4078 0.128231 0.05
1.43137 0.128421 0.05 1.45494 0.128611 0.05 1.47851 0.128802 0.05
1.50207 0.128992 0.05 1.52564 0.129183 0.05 1.54921 0.129373 0.05
1.57278 0.129563 0.05 1.59635 0.129754 0.05 1.61992 0.129944 0.05
0.983569 0.129832 0.05 1.00714 0.129995 0.05 1.03071 0.130158 0.05
1.05428 0.130321 0.05 1.07784 0.130484 0.05 1.10141 0.130648 0.05
1.12498 0.130811 0.05 1.14855 0.130974 0.05 1.17212 0.131137 0.05
1.19569 0.1313 0.05 1.21926 0.131464 0.05 1.24283 0.131627 0.05
1.2664 0.13179 0.05 1.28996 0.131953 0.05 1.31353 0.132116 0.05
1.3371 0.13228 0.05 1.36067 0.132443 0.05 1.38424 0.132606 0.05
1.40781 0.132769 0.05 1.43138 0.132932 0.05 1.45495 0.133096 0.05
1.47852 0.133259 0.05 1.50208 0.133422 0.05 1.52565 0.133585 0.05
1.54922 0.133748 0.05 1.57279 0.133911 0.05 1.59636 0.134075 0.05
1.61993 0.134238 0.05 0.983569 0.13486 0.05 1.00714 0.134996 0.05
1.03071 0.135132 0.05 1.05428 0.135268 0.05 1.07785 0.135404 0.05
1.10142 0.13554 0.05 1.12499 0.135676 0.05 1.14855 0.135812 0.05
1.17212 0.135948 0.05 1.19569 0.136084 0.05 1.21926 0.13622 0.05
1.24283 0.136356 0.05 1.2664 0.136492 0.05 1.28997 0.136628 0.05
1.31354 0.136764 0.05 1.33711 0.1369 0.05 1.36068 0.137036 0.05
1.38425 0.137172 0.05 1.40782 0.137308 0.05 1.43139 0.137444 0.05
1.45496 0.13758 0.05 1.47852 0.137716 0.05 1.50209 0.137852 0.05
1.52566 0.137988 0.05 1.54923 0.138124 0.05 1.5728 0.13826 0.05
1.59637 0.138396 0.05 1.61994 0.138532 0.05 0.98357 0.139888 0.05
1.00714 0.139997 0.05 1.03071 0.140105 0.05 1.05428 0.140214 0.05
1.07785 0.140323 0.05 1.10142 0.140432 0.05 1.12499 0.140541 0.05
1.14856 0.140649 0.05 1.17213 0.140758 0.05 1.1957 0.140867 0.05
1.21927 0.140976 0.05 1.24284 0.141084 0.05 1.26641 0.141193 0.05
1.28998 0.141302 0.05 1.31355 0.141411 0.05 1.33712 0.14152 0.05
1.36069 0.141628 0.05 1.38426 0.141737 0.05 1.40782 0.141846 0.05
1.43139 0.141955 0.05 1.45496 0.142064 0.05 1.47853 0.142172 0.05
1.5021 0.142281 0.05 1.52567 0.14239 0.05 1.54924 0.142499 0.05
1.57281 0.142608 0.05 1.59638 0.142716 0.05 1.61995 0.142825 0.05
0.98357 0.144916 0.05 1.00714 0.144997 0.05 1.03071 0.145079 0.05
1.05428 0.145161 0.05 1.07785 0.145242 0.05 1.10142 0.145324 0.05
1.12499 0.145405 0.05 1.14856 0.145487 0.05 1.17213 0.145569 0.05
1.1957 0.14565 0.05 1.21927 0.145732 0.05 1.24284 0.145813 0.05
1.26641 0.145895 0.05 1.28998 0.145977 0.05 1.31355 0.146058 0.05
1.33712 0.14614 0.05 1.36069 0.146221 0.05 1.38426 0.146303 0.05
1.40783 0.146385 0.05 1.4314 0.146466 0.05 1.45497 0.146548 0.05
1.47854 0.146629 0.05 1.50211 0.146711 0.05 1.52568 0.146793 0.05
1.54925 0.146874 0.05 1.57282 0.146956 0.05 1.59639 0.147037 0.05
1.61996 0.147119 0.05 0.983571 0.149944 0.05 1.00714 0.149998 0.05
1.03071 0.150053 0.05 1.05428 0.150107 0.05 1.07785 0.150161 0.05
1.10142 0.150216 0.05 1.12499 0.15027 0.05 1.14856 0.150325 0.05
1.17214 0.150379 0.05 1.19571 0.150433 0.05 1.21928 0.150488 0.05
1.24285 0.150542 0.05 1.26642 0.150597 0.05 1.28999 0.150651 0.05
1.31356 0.150705 0.05 1.33713 0.15076 0.05 1.3607 0.150814 0.05
1.38427 0.150869 0.05 1.40784 0.150923 0.05 1.43141 0.150977 0.05
1.45498 0.151032 0.05 1.47855 0.151086 0.05 1.50212 0.151141 0.05
1.52569 0.151195 0.05 1.54926 0.151249 0.05 1.57284 0.151304 0.05
1.59641 0.151358 0.05 1.61998 0.151413 0.05 0.983571 0.154972 0.05
1.00714 0.154999 0.05 1.03071 0.155026 0.05 1.05428 0.155054 0.05
1.07785 0.155081 0.05 1.10143 0.155108 0.05 1.125 0.155135 0.05
1.14857 0.155162 0.05 1.17214 0.15519 0.05 1.19571 0.155217 0.05
1.21928 0.155244 0.05 1.24285 0.155271 0.05 1.26642 0.155298 0.05
1.28999 0.155326 0.05 1.31357 0.155353 0.05 1.33714 0.15538 0.05
1.36071 0.155407 0.05 1.38428 0.155434 0.05 1.40785 0.155462 0.05
1.43142 0.155489 0.05 1.45499 0.155516 0.05 1.47856 0.155543 0.05
1.50213 0.15557 0.05 1.5257 0.155598 0.05 1.54928 0.155625 0.05
1.57285 0.155652 0.05 1.59642 0.155679 0.05 1.61999 0.155706 0.05
0.983571 0.16 0.05 1.00714 0.16 0.05 1.03071 0.16 0.05
1.05429 0.16 0.05 1.07786 0.16 0.05 1.10143 0.16 0.05
1.125 0.16 0.05 1.14857 0.16 0.05 1.17214 0.16 0.05
1.19571 0.16 0.05 1.21929 0.16 0.05 1.24286 0.16 0.05
1.26643 0.16 0.05 1.29 0.16 0.05 1.31357 0.16 0.05
1.33714 0.16 0.05 1.36071 0.16 0.05 1.38429 0.16 0.05
1.40786 0.16 0.05 1.43143 0.16 0.05 1.455 0.16 0.05
1.47857 0.16 0.05 1.50214 0.16 0.05 1.52571 0.16 0.05
1.54929 0.16 0.05 1.57286 0.16 0.05 1.59643 0.16 0.05
1.62 0.16 0.05
        </DataArray>
      </Points>
      <Cells>
        <DataArray type='Int32' Name='connectivity' format='ascii'>
1 421 436 16 0 420 435 15 2
422 437 17 1 421 436 16 3 423
438 18 2 422 437 17 4 424 439
19 3 423 438 18 5 425 440 20
4 424 439 19 6 426 441 21 5
425 440 20 7 427 442 22 6 426
441 21 8 428 443 23 7 427 442
22 9 429 444 24 8 428 443 23
10 430 445 25 9 429 444 24 11
431 446 26 10 430 445 25 12 432
447 27 11 431 446 26 13 433 448
28 12 432 447 27 28 29 449 448
13 14 434 433 16 436 451 31 15
435 450 30 17 437 452 32 16 436
451 31 18 438 453 33 17 437 452
32 19 439 454 34 18 438 453 33
20 440 455 35 19 439 454 34 21
441 456 36 20 440 455 35 22 442
457 37 21 441 456 36 23 443 458
38 22 442 457 37 24 444 459 39
23 443 458 38 25 445 460 40 24
444 459 39 26 446 461 41 25 445
460 40 27 447 462 42 26 446 461
41 28 448 463 43 27 447 462 42
43 44 464 463 28 29 449 448 31
451 466 46 30 450 465 45 32 452
467 47 31 451 466 46 33 453 468
48 32 452 467 47 34 454 469 49
33 453 468 48 35 455 470 50 34
454 469 49 36 456 471 51 35 455
470 50 37 457 472 52 36 456 471
51 38 458 473 53 37 457 472 52
39 459 474 54 38 458 473 53 40
460 475 55 39 459 474 54 41 461
476 56 40 460 475 55 42 462 477
57 41 461 476 56 43 463 478 58
42 462 477 57 58 59 479 478 43
44 464 463 46 466 481 61 45 465
480 60 47 467 482 62 46 466 481
61 48 468 483 63 47 467 482 62
49 469 484 64 48 468 483 63 50
470 485 65 49 469 484 64 51 471
486 66 50 470 485 65 52 472 487
67 51 471 486 66 53 473 488 68
52 472 487 67 54 474 489 69 53
473 488 68 55 475 490 70 54 474
489 69 56 476 491 71 55 475 490
70 57 477 492 72 56 476 491 71
58 478 493 73 57 477 492 72 73
74 494 493 58 59 479 478 61 481
496 76 60 480 495 75 62 482 497
77 61 481 496 76 63 483 498 78
62 482 497 77 64 484 499 79 63
483 498 78 65 485 500 80 64 484
499 79 66 486 501 81 65 485 500
80 67 487 502 82 66 486 501 81
68 488 503 83 67 487 502 82 69
489 504 84 68 488 503 83 70 490
505 85 69 489 504 84 71 491 506
86 70 490 505 85 72 492 507 87
71 491 506 86 73 493 508 88 72
492 507 87 88 89 509 508 73 74
494 493 76 496 511 91 75 495 510
90 77 497 512 92 76 496 511 91
78 498 513 93 77 497 512 92 79
499 514 94 78 498 513 93 80 500
515 95 79 499 514 94 81 501 516
96 80 500 515 95 82 502 517 97
81 501 516 96 83 503 518 98 82
502 517 97 84 504 519 99 83 503
518 98 85 505 520 100 84 504 519
99 86 506 521 101 85 505 520 100
87 507 522 102 86 506 521 101 88
508 523 103 87 507 522 102 103 104
524 523 88 89 509 508 91 511 526
106 90 510 525 105 92 512 527 107
91 511 526 106 93 513 528 108 92
512 527 107 94 514 529 109 93 513
528 108 95 515 530 110 94 514 529
109 96 516 531 111 95 515 530 110
97 517 532 112 96 516 531 111 98
518 533 113 97 517 532 112 99 519
534 114 98 518 533 113 100 520 535
115 99 519 534 114 101 521 536 116
100 520 535 115 102 522 537 117 101
521 536 116 103 523 538 118 102 522
537 117 118 119 539 538 103 104 524
523 106 526 541 121 105 525 540 120
107 527 542 122 106 526 541 121 108
528 543 123 107 527 542 122 109 529
544 124 108 528 543 123 110 530 545
125 109 529 544 124 111 531 546 126
110 530 545 125 112 532 547 127 111
531 546 126 113 533 548 128 112 532
547 127 114 534 549 129 113 533 548
128 115 535 550 130 114 534 549 129
116 536 551 131 115 535 550 130 117
537 552 132 116 536 551 131 118 538
553 133 117 537 552 132 133 134 554
553 118 119 539 538 121 541 556 136
120 540 555 135 122 542 557 137 121
541 556 136 123 543 558 138 122 542
557 137 124 544 559 139 123 543 558
138 125 545 560 140 124 544 559 139
126 546 561 141 125 545 560 140 127
547 562 142 126 546 561 141 128 548
563 143 127 547 562 142 129 549 564
144 128 548 563 143 130 550 565 145
129 549 564 144 131 551 566 146 130
550 565 145 132 552 567 147 131 551
566 146 133 553 568 148 132 552 567
147 148 149 569 568 133 134 554 553
136 556 571 151 135 555 570 150 137
557 572 152 136 556 571 151 138 558
573 153 137 557 572 152 139 559 574
154 138 558 573 153 140 560 575 155
139 559 574 154 141 561 576 156 140
560 575 155 142 562 577 157 141 561
576 156 143 563 578 158 142 562 577
157 144 564 579 159 143 563 578 158
145 565 580 160 144 564 579 159 146
566 581 161 145 565 580 160 147 567
582 162 146 566 581 161 148 568 583
163 147 567 582 162 163 164 584 583
148 149 569 568 151 571 586 166 150
570 585 165 152 572 587 167 151 571
586 166 153 573 588 168 152 572 587
167 154 574 589 169 153 573 588 168
155 575 590 170 154 574 589 169 156
576 591 171 155 575 590 170 157 577
592 172 156 576 591 171 158 578 593
173 157 577 592 172 159 579 594 174
158 578 593 173 160 580 595 175 159
579 594 174 161 581 596 176 160 580
595 175 162 582 597 177 161 581 596
176 163 583 598 178 162 582 597 177
178 179 599 598 163 164 584 583 166
586 601 181 165 585 600 180 167 587
602 182 166 586 601 181 168 588 603
183 167 587 602 182 169 589 604 184
168 588 603 183 170 590 605 185 169
589 604 184 171 591 606 186 170 590
605 185 172 592 607 187 171 591 606
186 173 593 608 188 172 592 607 187
174 594 609 189 173 593 608 188 175
595 610 190 174 594 609 189 176 596
611 191 175 595 610 190 177 597 612
192 176 596 611 191 178 598 613 193
177 597 612 192 193 194 614 613 178
179 599 598 181 601 616 196 180 600
615 195 182 602 617 197 181 601 616
196 183 603 618 198 182 602 617 197
184 604 619 199 183 603 618 198 185
605 620 200 184 604 619 199 186 606
621 201 185 605 620 200 187 607 622
202 186 606 621 201 188 608 623 203
187 607 622 202 189 609 624 204 188
608 623 203 190 610 625 205 189 609
624 204 191 611 626 206 190 610 625
205 192 612 627 207 191 611 626 206
193 613 628 208 192 612 627 207 208
209 629 628 193 194 614 613 196 616
631 211 195 615 630 210 197 617 632
212 196 616 631 211 198 618 633 213
197 617 632 212 199 619 634 214 198
618 633 213 200 620 635 215 199 619
634 214 201 621 636 216 200 620 635
215 202 622 637 217 201 621 636 216
203 623 638 218 202 622 637 217 204
624 639 219 203 623 638 218 205 625
640 220 204 624 639 219 206 626 641
221 205 625 640 220 207 627 642 222
206 626 641 221 208 628 643 223 207
627 642 222 223 224 644 643 208 209
629 628 211 631 646 226 210 630 645
225 212 632 647 227 211 631 646 226
213 633 648 228 212 632 647 227 214
634 649 229 213 633 648 228 215 635
650 230 214 634 649 229 216 636 651
231 215 635 650 230 217 637 652 232
216 636 651 231 218 638 653 233 217
637 652 232 219 639 654 234 218 638
653 233 220 640 655 235 219 639 654
234 221 641 656 236 220 640 655 235
222 642 657 237 221 641 656 236 223
643 658 238 222 642 657 237 238 239
659 658 223 224 644 643 226 646 661
241 225 645 660 240 227 647 662 242
226 646 661 241 228 648 663 243 227
647 662 242 229 649 664 244 228 648
663 243 230 650 665 245 229 649 664
244 231 651 666 246 230 650 665 245
232 652 667 247 231 651 666 246 233
653 668 248 232 652 667 247 234 654
669 249 233 653 668 248 235 655 670
250 234 654 669 249 236 656 671 251
235 655 670 250 237 657 672 252 236
656 671 251 238 658 673 253 237 657
672 252 253 254 674 673 238 239 659
658 241 661 676 256 240 660 675 255
242 662 677 257 241 661 676 256 243
663 678 258 242 662 677 257 244 664
679 259 243 663 678 258 245 665 680
260 244 664 679 259 246 666 681 261
245 665 680 260 247 667 682 262 246
666 681 261 248 668 683 263 247 667
682 262 249 669 684 264 248 668 683
263 250 670 685 265 249 669 684 264
251 671 686 266 250 670 685 265 252
672 687 267 251 671 686 266 253 673
688 268 252 672 687 267 268 269 689
688 253 254 674 673 256 676 691 271
255 675 690 270 257 677 692 272 256
676 691 271 258 678 693 273 257 677
692 272 259 679 694 274 258 678 693
273 260 680 695 275 259 679 694 274
261 681 696 276 260 680 695 275 262
682 697 277 261 681 696 276 263 683
698 278 262 682 697 277 264 684 699
279 263 683 698 278 265 685 700 280
264 684 699 279 266 686 701 281 265
685 700 280 267 687 702 282 266 686
701 281 268 688 703 283 267 687 702
282 283 284 704 703 268 269 689 688
271 691 706 286 270 690 705 285 272
692 707 287 271 691 706 286 273 693
708 288 272 692 707 287 274 694 709
289 273 693 708 288 275 695 710 290
274 694 709 289 276 696 711 291 275
695 710 290 277 697 712 292 276 696
711 291 278 698 713 293 277 697 712
292 279 699 714 294 278 698 713 293
280 700 715 295 279 699 714 294 281
701 716 296 280 700 715 295 282 702
717 297 281 701 716 296 283 703 718
298 282 702 717 297 298 299 719 718
283 284 704 703 286 706 721 301 285
705 720 300 287 707 722 302 286 706
721 301 288 708 723 303 287 707 722
302 289 709 724 304 288 708 723 303
290 710 725 305 289 709 724 304 291
711 726 306 290 710 725 305 292 712
727 307 291 711 726 306 293 713 728
308 292 712 727 307 294 714 729 309
293 713 728 308 295 715 730 310 294
714 729 309 296 716 731 311 295 715
730 310 297 717 732 312 296 716 731
311 298 718 733 313 297 717 732 312
313 314 734 733 298 299 719 718 301
721 736 316 300 720 735 315 302 722
737 317 301 721 736 316 303 723 738
318 302 722 737 317 304 724 739 319
303 723 738 318 305 725 740 320 304
724 739 319 306 726 741 321 305 725
740 320 307 727 742 322 306 726 741
321 308 728 743 323 307 727 742 322
309 729 744 324 308 728 743 323 310
730 745 325 309 729 744 324 311 731
746 326 310 730 745 325 312 732 747
327 311 731 746 326 313 733 748 328
312 732 747 327 328 329 749 748 313
314 734 733 316 736 751 331 315 735
750 330 317 737 752 332 316 736 751
331 318 738 753 333 317 737 752 332
319 739 754 334 318 738 753 333 320
740 755 335 319 739 754 334 321 741
756 336 320 740 755 335 322 742 757
337 321 741 756 336 323 743 758 338
322 742 757 337 324 744 759 339 323
743 758 338 325 745 760 340 324 744
759 339 326 746 761 341 325 745 760
340 327 747 762 342 326 746 761 341
328 748 763 343 327 747 762 342 343
344 764 763 328 329 749 748 331 751
766 346 330 750 765 345 332 752 767
347 331 751 766 346 333 753 768 348
332 752 767 347 334 754 769 349 333
753 768 348 335 755 770 350 334 754
769 349 336 756 771 351 335 755 770
350 337 757 772 352 336 756 771 351
338 758 773 353 337 757 772 352 339
759 774 354 338 758 773 353 340 760
775 355 339 759 774 354 341 761 776
356 340 760 775 355 342 762 777 357
341 761 776 356 343 763 778 358 342
762 777 357 358 359 779 778 343 344
764 763 346 766 781 361 345 765 780
360 347 767 782 362 346 766 781 361
348 768 783 363 347 767 782 362 349
769 784 364 348 768 783 363 350 770
785 365 349 769 784 364 351 771 786
366 350 770 785 365 352 772 787 367
351 771 786 366 353 773 788 368 352
772 787 367 354 774 789 369 353 773
788 368 355 775 790 370 354 774 789
369 356 776 791 371 355 775 790 370
357 777 792 372 356 776 791 371 358
778 793 373 357 777 792 372 373 374
794 793 358 359 779 778 361 781 796
376 360 780 795 375 362 782 797 377
361 781 796 376 363 783 798 378 362
782 797 377 364 784 799 379 363 783
798 378 365 785 800 380 364 784 799
379 366 786 801 381 365 785 800 380
367 787 802 382 366 786 801 381 368
788 803 383 367 787 802 382 369 789
804 384 368 788 803 383 370 790 805
385 369 789 804 384 371 791 806 386
370 790 805 385 372 792 807 387 371
791 806 386 373 793 808 388 372 792
807 387 388 389 809 808 373 374 794
793 376 796 811 391 375 795 810 390
377 797 812 392 376 796 811 391 378
798 813 393 377 797 812 392 379 799
814 394 378 798 813 393 380 800 815
395 379 799 814 394 381 801 816 396
380 800 815 395 382 802 817 397 381
801 816 396 383 803 818 398 382 802
817 397 384 804 819 399 383 803 818
398 385 805 820 400 384 804 819 399
386 806 821 401 385 805 820 400 387
807 822 402 386 806 821 401 388 808
823 403 387 807 822 402 403 404 824
823 388 389 809 808 391 811 826 406
390 810 825 405 392 812 827 407 391
811 826 406 393 813 828 408 392 812
827 407 394 814 829 409 393 813 828
408 395 815 830 410 394 814 829 409
396 816 831 411 395 815 830 410 397
817 832 412 396 816 831 411 398 818
833 413 397 817 832 412 399 819 834
414 398 818 833 413 400 820 835 415
399 819 834 414 401 821 836 416 400
820 835 415 402 822 837 417 401 821
836 416 403 823 838 418 402 822 837
417 404 824 839 419 403 823 838 418
840 1344 1362 858 14 434 449 29 841
1345 1363 859 840 1344 1362 858 842 1346
1364 860 841 1345 1363 859 843 1347 1365
861 842 1346 1364 860 844 1348 1366 862
843 1347 1365 861 845 1349 1367 863 844
1348 1366 862 846 1350 1368 864 845 1349
1367 863 847 1351 1369 865 846 1350 1368
864 848 1352 1370 866 847 1351 1369 865
849 1353 1371 867 848 1352 1370 866 850
1354 1372 868 849 1353 1371 867 851 1355
1373 869 850 1354 1372 868 852 1356 1374
870 851 1355 1373 869 853 1357 1375 871
852 1356 1374 870 854 1358 1376 872 853
1357 1375 871 855 1359 1377 873 854 1358
1376 872 856 1360 1378 874 855 1359 1377
873 874 875 1379 1378 856 857 1361 1360
858 1362 1380 876 29 449 464 44 859
1363 1381 877 858 1362 1380 876 860 1364
1382 878 859 1363 1381 877 861 1365 1383
879 860 1364 1382 878 862 1366 1384 880
861 1365 1383 879 863 1367 1385 881 862
1366 1384 880 864 1368 1386 882 863 1367
1385 881 865 1369 1387 883 864 1368 1386
882 866 1370 1388 884 865 1369 1387 883
867 1371 1389 885 866 1370 1388 884 868
1372 1390 886 867 1371 1389 885 869 1373
1391 887 868 1372 1390 886 870 1374 1392
888 869 1373 1391 887 871 1375 1393 889
870 1374 1392 888 872 1376 1394 890 871
1375 1393 889 873 1377 1395 891 872 1376
1394 890 874 1378 1396 892 873 1377 1395
891 892 893 1397 1396 874 875 1379 1378
876 1380 1398 894 44 464 479 59 877
1381 1399 895 876 1380 1398 894 878 1382
1400 896 877 1381 1399 895 879 1383 1401
897 878 1382 1400 896 880 1384 1402 898
879 1383 1401 897 881 1385 1403 899 880
1384 1402 898 882 1386 1404 900 881 1385
1403 899 883 1387 1405 901 882 1386 1404
900 884 1388 1406 902 883 1387 1405 901
885 1389 1407 903 884 1388 1406 902 886
1390 1408 904 885 1389 1407 903 887 1391
1409 905 886 1390 1408 904 888 1392 1410
906 887 1391 1409 905 889 1393 1411 907
888 1392 1410 906 890 1394 1412 908 889
1393 1411 907 891 1395 1413 909 890 1394
1412 908 892 1396 1414 910 891 1395 1413
909 910 911 1415 1414 892 893 1397 1396
894 1398 1416 912 59 479 494 74 895
1399 1417 913 894 1398 1416 912 896 1400
1418 914 895 1399 1417 913 897 1401 1419
915 896 1400 1418 914 898 1402 1420 916
897 1401 1419 915 899 1403 1421 917 898
1402 1420 916 900 1404 1422 918 899 1403
1421 917 901 1405 1423 919 900 1404 1422
918 902 1406 1424 920 901 1405 1423 919
903 1407 1425 921 902 1406 1424 920 904
1408 1426 922 903 1407 1425 921 905 1409
1427 923 904 1408 1426 922 906 1410 1428
924 905 1409 1427 923 907 1411 1429 925
906 1410 1428 924 908 1412 1430 926 907
1411 1429 925 909 1413 1431 927 908 1412
1430 926 910 1414 1432 928 909 1413 1431
927 928 929 1433 1432 910 911 1415 1414
912 1416 1434 930 74 494 509 89 913
1417 1435 931 912 1416 1434 930 914 1418
1436 932 913 1417 1435 931 915 1419 1437
933 914 1418 1436 932 916 1420 1438 934
915 1419 1437 933 917 1421 1439 935 916
1420 1438 934 918 1422 1440 936 917 1421
1439 935 919 1423 1441 937 918 1422 1440
936 920 1424 1442 938 919 1423 1441 937
921 1425 1443 939 920 1424 1442 938 922
1426 1444 940 921 1425 1443 939 923 1427
1445 941 922 1426 1444 940 924 1428 1446
942 923 1427 1445 941 925 1429 1447 943
924 1428 1446 942 926 1430 1448 944 925
1429 1447 943 927 1431 1449 945 926 1430
1448 944 928 1432 1450 946 927 1431 1449
945 946 947 1451 1450 928 929 1433 1432
930 1434 1452 948 89 509 524 104 931
1435 1453 949 930 1434 1452 948 932 1436
1454 950 931 1435 1453 949 933 1437 1455
951 932 1436 1454 950 934 1438 1456 952
933 1437 1455 951 935 1439 1457 953 934
1438 1456 952 936 1440 1458 954 935 1439
1457 953 937 1441 1459 955 936 1440 1458
954 938 1442 1460 956 937 1441 1459 955
939 1443 1461 957 938 1442 1460 956 940
1444 1462 958 939 1443 1461 957 941 1445
1463 959 940 1444 1462 958 942 1446 1464
960 941 1445 1463 959 943 1447 1465 961
942 1446 1464 960 944 1448 1466 962 943
1447 1465 961 945 1449 1467 963 944 1448
1466 962 946 1450 1468 964 945 1449 1467
963 964 965 1469 1468 946 947 1451 1450
948 1452 1470 966 104 524 539 119 949
1453 1471 967 948 1452 1470 966 950 1454
1472 968 949 1453 1471 967 951 1455 1473
969 950 1454 1472 968 952 1456 1474 970
951 1455 1473 969 953 1457 1475 971 952
1456 1474 970 954 1458 1476 972 953 1457
1475 971 955 1459 1477 973 954 1458 1476
972 956 1460 1478 974 955 1459 1477 973
957 1461 1479 975 956 1460 1478 974 958
1462 1480 976 957 1461 1479 975 959 1463
1481 977 958 1462 1480 976 960 1464 1482
978 959 1463 1481 977 961 1465 1483 979
960 1464 1482 978 962 1466 1484 980 961
1465 1483 979 963 1467 1485 981 962 1466
1484 980 964 1468 1486 982 963 1467 1485
981 982 983 1487 1486 964 965 1469 1468
966 1470 1488 984 119 539 554 134 967
1471 1489 985 966 1470 1488 984 968 1472
1490 986 967 1471 1489 985 969 1473 1491
987 968 1472 1490 986 970 1474 1492 988
969 1473 1491 987 971 1475 1493 989 970
1474 1492 988 972 1476 1494 990 971 1475
1493 989 973 1477 1495 991 972 1476 1494
990 974 1478 1496 992 973 1477 1495 991
975 1479 1497 993 974 1478 1496 992 976
1480 1498 994 975 1479 1497 993 977 1481
1499 995 976 1480 1498 994 978 1482 1500
996 977 1481 1499 995 979 1483 1501 997
978 1482 1500 996 980 1484 1502 998 979
1483 1501 997 981 1485 1503 999 980 1484
1502 998 982 1486 1504 1000 981 1485 1503
999 1000 1001 1505 1504 982 983 1487 1486
984 1488 1506 1002 134 554 569 149 985
1489 1507 1003 984 1488 1506 1002 986 1490
1508 1004 985 1489 1507 1003 987 1491 1509
1005 986 1490 1508 1004 988 1492 1510 1006
987 1491 1509 1005 989 1493 1511 1007 988
1492 1510 1006 990 1494 1512 1008 989 1493
1511 1007 991 1495 1513 1009 990 1494 1512
1008 992 1496 1514 1010 991 1495 1513 1009
993 1497 1515 1011 992 1496 1514 1010 994
1498 1516 1012 993 1497 1515 1011 995 1499
1517 1013 994 1498 1516 1012 996 1500 1518
1014 995 1499 1517 1013 997 1501 1519 1015
996 1500 1518 1014 998 1502 1520 1016 997
1501 1519 1015 999 1503 1521 1017 998 1502
1520 1016 1000 1504 1522 1018 999 1503 1521
1017 1018 1019 1523 1522 1000 1001 1505 1504
1002 1506 1524 1020 149 569 584 164 1003
1507 1525 1021 1002 1506 1524 1020 1004 1508
1526 1022 1003 1507 1525 1021 1005 1509 1527
1023 1004 1508 1526 1022 1006 1510 1528 1024
1005 1509 1527 1023 1007 1511 1529 1025 1006
1510 1528 1024 1008 1512 1530 1026 1007 1511
1529 1025 1009 1513 1531 1027 1008 1512 1530
1026 1010 1514 1532 1028 1009 1513 1531 1027
1011 1515 1533 1029 1010 1514 1532 1028 1012
1516 1534 1030 1011 1515 1533 1029 1013 1517
1535 1031 1012 1516 1534 1030 1014 1518 1536
1032 1013 1517 1535 1031 1015 1519 1537 1033
1014 1518 1536 1032 1016 1520 1538 1034 1015
1519 1537 1033 1017 1521 1539 1035 1016 1520
1538 1034 1018 1522 1540 1036 1017 1521 1539
1035 1036 1037 1541 1540 1018 1019 1523 1522
1020 1524 1542 1038 164 584 599 179 1021
1525 1543 1039 1020 1524 1542 1038 1022 1526
1544 1040 1021 1525 1543 1039 1023 1527 1545
1041 1022 1526 1544 1040 1024 1528 1546 1042
1023 1527 1545 1041 1025 1529 1547 1043 1024
1528 1546 1042 1026 1530 1548 1044 1025 1529
1547 1043 1027 1531 1549 1045 1026 1530 1548
1044 1028 1532 1550 1046 1027 1531 1549 1045
1029 1533 1551 1047 1028 1532 1550 1046 1030
1534 1552 1048 1029 1533 1551 1047 1031 1535
1553 1049 1030 1534 1552 1048 1032 1536 1554
1050 1031 1535 1553 1049 1033 1537 1555 1051
1032 1536 1554 1050 1034 1538 1556 1052 1033
1537 1555 1051 1035 1539 1557 1053 1034 1538
1556 1052 1036 1540 1558 1054 1035 1539 1557
1053 1054 1055 1559 1558 1036 1037 1541 1540
1038 1542 1560 1056 179 599 614 194 1039
1543 1561 1057 1038 1542 1560 1056 1040 1544
1562 1058 1039 1543 1561 1057 1041 1545 1563
1059 1040 1544 1562 1058 1042 1546 1564 1060
1041 1545 1563 1059 1043 1547 1565 1061 1042
1546 1564 1060 1044 1548 1566 1062 1043 1547
1565 1061 1045 1549 1567 1063 1044 1548 1566
1062 1046 1550 1568 1064 1045 1549 1567 1063
1047 1551 1569 1065 1046 1550 1568 1064 1048
1552 1570 1066 1047 1551 1569 1065 1049 1553
1571 1067 1048 1552 1570 1066 1050 1554 1572
1068 1049 1553 1571 1067 1051 1555 1573 1069
1050 1554 1572 1068 1052 1556 1574 1070 1051
1555 1573 1069 1053 1557 1575 1071 1052 1556
1574 1070 1054 1558 1576 1072 1053 1557 1575
1071 1072 1073 1577 1576 1054 1055 1559 1558
1056 1560 1578 1074 194 614 629 209 1057
1561 1579 1075 1056 1560 1578 1074 1058 1562
1580 1076 1057 1561 1579 1075 1059 1563 1581
1077 1058 1562 1580 1076 1060 1564 1582 1078
1059 1563 1581 1077 1061 1565 1583 1079 1060
1564 1582 1078 1062 1566 1584 1080 1061 1565
1583 1079 1063 1567 1585 1081 1062 1566 1584
1080 1064 1568 1586 1082 1063 1567 1585 1081
1065 1569 1587 1083 1064 1568 1586 1082 1066
1570 1588 1084 1065 1569 1587 1083 1067 1571
1589 1085 1066 1570 1588 1084 1068 1572 1590
1086 1067 1571 1589 1085 1069 1573 1591 1087
1068 1572 1590 1086 1070 1574 1592 1088 1069
1573 1591 1087 1071 1575 1593 1089 1070 1574
1592 1088 1072 1576 1594 1090 1071 1575 1593
1089 1090 1091 1595 1594 1072 1073 1577 1576
1074 1578 1596 1092 209 629 644 224 1075
1579 1597 1093 1074 1578 1596 1092 1076 1580
1598 1094 1075 1579 1597 1093 1077 1581 1599
1095 1076 1580 1598 1094 1078 1582 1600 1096
1077 1581 1599 1095 1079 1583 1601 1097 1078
1582 1600 1096 1080 1584 1602 1098 1079 1583
1601 1097 1081 1585 1603 1099 1080 1584 1602
1098 1082 1586 1604 1100 1081 1585 1603 1099
1083 1587 1605 1101 1082 1586 1604 1100 1084
1588 1606 1102 1083 1587 1605 1101 1085 1589
1607 1103 1084 1588 1606 1102 1086 1590 1608
1104 1085 1589 1607 1103 1087 1591 1609 1105
1086 1590 1608 1104 1088 1592 1610 1106 1087
1591 1609 1105 1089 1593 1611 1107 1088 1592
1610 1106 1090 1594 1612 1108 1089 1593 1611
1107 1108 1109 1613 1612 1090 1091 1595 1594
1092 1596 1614 1110 224 644 659 239 1093
1597 1615 1111 1092 1596 1614 1110 1094 1598
1616 1112 1093 1597 1615 1111 1095 1599 1617
1113 1094 1598 1616 1112 1096 1600 1618 1114
1095 1599 1617 1113 1097 1601 1619 1115 1096
1600 1618 1114 1098 1602 1620 1116 1097 1601
1619 1115 1099 1603 1621 1117 1098 1602 1620
1116 1100 1604 1622 1118 1099 1603 1621 1117
1101 1605 1623 1119 1100 1604 1622 1118 1102
1606 1624 1120 1101 1605 1623 1119 1103 1607
1625 1121 1102 1606 1624 1120 1104 1608 1626
1122 1103 1607 1625 1121 1105 1609 1627 1123
1104 1608 1626 1122 1106 1610 1628 1124 1105
1609 1627 1123 1107 1611 1629 1125 1106 1610
1628 1124 1108 1612 1630 1126 1107 1611 1629
1125 1126 1127 1631 1630 1108 1109 1613 1612
1110 1614 1632 1128 239 659 674 254 1111
1615 1633 1129 1110 1614 1632 1128 1112 1616
1634 1130 1111 1615 1633 1129 1113 1617 1635
1131 1112 1616 1634 1130 1114 1618 1636 1132
1113 1617 1635 1131 1115 1619 1637 1133 1114
1618 1636 1132 1116 1620 1638 1134 1115 1619
1637 1133 1117 1621 1639 1135 1116 1620 1638
1134 1118 1622 1640 1136 1117 1621 1639 1135
1119 1623 1641 1137 1118 1622 1640 1136 1120
1624 1642 1138 1119 1623 1641 1137 1121 1625
1643 1139 1120 1624 1642 1138 1122 1626 1644
1140 1121 1625 1643 1139 1123 1627 1645 1141
1122 1626 1644 1140 1124 1628 1646 1142 1123
1627 1645 1141 1125 1629 1647 1143 1124 1628
1646 1142 1126 1630 1648 1144 1125 1629 1647
1143 1144 1145 1649 1648 1126 1127 1631 1630
1128 1632 1650 1146 254 674 689 269 1129
1633 1651 1147 1128 1632 1650 1146 1130 1634
1652 1148 1129 1633 1651 1147 1131 1635 1653
1149 1130 1634 1652 1148 1132 1636 1654 1150
1131 1635 1653 1149 1133 1637 1655 1151 1132
1636 1654 1150 1134 1638 1656 1152 1133 1637
1655 1151 1135 1639 1657 1153 1134 1638 1656
1152 1136 1640 1658 1154 1135 1639 1657 1153
1137 1641 1659 1155 1136 1640 1658 1154 1138
1642 1660 1156 1137 1641 1659 1155 1139 1643
1661 1157 1138 1642 1660 1156 1140 1644 1662
1158 1139 1643 1661 1157 1141 1645 1663 1159
1140 1644 1662 1158 1142 1646 1664 1160 1141
1645 1663 1159 1143 1647 1665 1161 1142 1646
1664 1160 1144 1648 1666 1162 1143 1647 1665
1161 1162 1163 1667 1666 1144 1145 1649 1648
1146 1650 1668 1164 269 689 704 284 1147
1651 1669 1165 1146 1650 1668 1164 1148 1652
1670 1166 1147 1651 1669 1165 1149 1653 1671
1167 1148 1652 1670 1166 1150 1654 1672 1168
1149 1653 1671 1167 1151 1655 1673 1169 1150
1654 1672 1168 1152 1656 1674 1170 1151 1655
1673 1169 1153 1657 1675 1171 1152 1656 1674
1170 1154 1658 1676 1172 1153 1657 1675 1171
1155 1659 1677 1173 1154 1658 1676 1172 1156
1660 1678 1174 1155 1659 1677 1173 1157 1661
1679 1175 1156 1660 1678 1174 1158 1662 1680
1176 1157 1661 1679 1175 1159 1663 1681 1177
1158 1662 1680 1176 1160 1664 1682 1178 1159
1663 1681 1177 1161 1665 1683 1179 1160 1664
1682 1178 1162 1666 1684 1180 1161 1665 1683
1179 1180 1181 1685 1684 1162 1163 1667 1666
1164 1668 1686 1182 284 704 719 299 1165
1669 1687 1183 1164 1668 1686 1182 1166 1670
1688 1184 1165 1669 1687 1183 1167 1671 1689
1185 1166 1670 1688 1184 1168 1672 1690 1186
1167 1671 1689 1185 1169 1673 1691 1187 1168
1672 1690 1186 1170 1674 1692 1188 1169 1673
1691 1187 1171 1675 1693 1189 1170 1674 1692
1188 1172 1676 1694 1190 1171 1675 1693 1189
1173 1677 1695 1191 1172 1676 1694 1190 1174
1678 1696 1192 1173 1677 1695 1191 1175 1679
1697 1193 1174 1678 1696 1192 1176 1680 1698
1194 1175 1679 1697 1193 1177 1681 1699 1195
1176 1680 1698 1194 1178 1682 1700 1196 1177
1681 1699 1195 1179 1683 1701 1197 1178 1682
1700 1196 1180 1684 1702 1198 1179 1683 1701
1197 1198 1199 1703 1702 1180 1181 1685 1684
1182 1686 1704 1200 299 719 734 314 1183
1687 1705 1201 1182 1686 1704 1200 1184 1688
1706 1202 1183 1687 1705 1201 1185 1689 1707
1203 1184 1688 1706 1202 1186 1690 1708 1204
1185 1689 1707 1203 1187 1691 1709 1205 1186
1690 1708 1204 1188 1692 1710 1206 1187 1691
1709 1205 1189 1693 1711 1207 1188 1692 1710
1206 1190 1694 1712 1208 1189 1693 1711 1207
1191 1695 1713 1209 1190 1694 1712 1208 1192
1696 1714 1210 1191 1695 1713 1209 1193 1697
1715 1211 1192 1696 1714 1210 1194 1698 1716
1212 1193 1697 1715 1211 1195 1699 1717 1213
1194 1698 1716 1212 1196 1700 1718 1214 1195
1699 1717 1213 1197 1701 1719 1215 1196 1700
1718 1214 1198 1702 1720 1216 1197 1701 1719
1215 1216 1217 1721 1720 1198 1199 1703 1702
1200 1704 1722 1218 314 734 749 329 1201
1705 1723 1219 1200 1704 1722 1218 1202 1706
1724 1220 1201 1705 1723 1219 1203 1707 1725
1221 1202 1706 1724 1220 1204 1708 1726 1222
1203 1707 1725 1221 1205 1709 1727 1223 1204
1708 1726 1222 1206 1710 1728 1224 1205 1709
1727 1223 1207 1711 1729 1225 1206 1710 1728
1224 1208 1712 1730 1226 1207 1711 1729 1225
1209 1713 1731 1227 1208 1712 1730 1226 1210
1714 1732 1228 1209 1713 1731 1227 1211 1715
1733 1229 1210 1714 1732 1228 1212 1716 1734
1230 1211 1715 1733 1229 1213 1717 1735 1231
1212 1716 1734 1230 1214 1718 1736 1232 1213
1717 1735 1231 1215 1719 1737 1233 1214 1718
1736 1232 1216 1720 1738 1234 1215 1719 1737
1233 1234 1235 1739 1738 1216 1217 1721 1720
1218 1722 1740 1236 329 749 764 344 1219
1723 1741 1237 1218 1722 1740 1236 1220 1724
1742 1238 1219 1723 1741 1237 1221 1725 1743
1239 1220 1724 1742 1238 1222 1726 1744 1240
1221 1725 1743 1239 1223 1727 1745 1241 1222
1726 1744 1240 1224 1728 1746 1242 1223 1727
1745 1241 1225 1729 1747 1243 1224 1728 1746
1242 1226 1730 1748 1244 1225 1729 1747 1243
1227 1731 1749 1245 1226 1730 1748 1244 1228
1732 1750 1246 1227 1731 1749 1245 1229 1733
1751 1247 1228 1732 1750 1246 1230 1734 1752
1248 1229 1733 1751 1247 1231 1735 1753 1249
1230 1734 1752 1248 1232 1736 1754 1250 1231
1735 1753 1249 1233 1737 1755 1251 1232 1736
1754 1250 1234 1738 1756 1252 1233 1737 1755
1251 1252 1253 1757 1756 1234 1235 1739 1738
1236 1740 1758 1254 344 764 779 359 1237
1741 1759 1255 1236 1740 1758 1254 1238 1742
1760 1256 1237 1741 1759 1255 1239 1743 1761
1257 1238 1742 1760 1256 1240 1744 1762 1258
1239 1743 1761 1257 1241 1745 1763 1259 1240
1744 1762 1258 1242 1746 1764 1260 1241 1745
1763 1259 1243 1747 1765 1261 1242 1746 1764
1260 1244 1748 1766 1262 1243 1747 1765 1261
1245 1749 1767 1263 1244 1748 1766 1262 1246
1750 1768 1264 1245 1749 1767 1263 1247 1751
1769 1265 1246 1750 1768 1264 1248 1752 1770
1266 1247 1751 1769 1265 1249 1753 1771 1267
1248 1752 1770 1266 1250 1754 1772 1268 1249
1753 1771 1267 1251 1755 1773 1269 1250 1754
1772 1268 1252 1756 1774 1270 1251 1755 1773
1269 1270 1271 1775 1774 1252 1253 1757 1756
1254 1758 1776 1272 359 779 794 374 1255
1759 1777 1273 1254 1758 1776 1272 1256 1760
1778 1274 1255 1759 1777 1273 1257 1761 1779
1275 1256 1760 1778 1274 1258 1762 1780 1276
1257 1761 1779 1275 1259 1763 1781 1277 1258
1762 1780 1276 1260 1764 1782 1278 1259 1763
1781 1277 1261 1765 1783 1279 1260 1764 1782
1278 1262 1766 1784 1280 1261 1765 1783 1279
1263 1767 1785 1281 1262 1766 1784 1280 1264
1768 1786 1282 1263 1767 1785 1281 1265 1769
1787 1283 1264 1768 1786 1282 1266 1770 1788
1284 1265 1769 1787 1283 1267 1771 1789 1285
1266 1770 1788 1284 1268 1772 1790 1286 1267
1771 1789 1285 1269 1773 1791 1287 1268 1772
1790 1286 1270 1774 1792 1288 1269 1773 1791
1287 1288 1289 1793 1792 1270 1271 1775 1774
1272 1776 1794 1290 374 794 809 389 1273
1777 1795 1291 1272 1776 1794 1290 1274 1778
1796 1292 1273 1777 1795 1291 1275 1779 1797
1293 1274 1778 1796 1292 1276 1780 1798 1294
1275 1779 1797 1293 1277 1781 1799 1295 1276
1780 1798 1294 1278 1782 1800 1296 1277 1781
1799 1295 1279 1783 1801 1297 1278 1782 1800
1296 1280 1784 1802 1298 1279 1783 1801 1297
1281 1785 1803 1299 1280 1784 1802 1298 1282
1786 1804 1300 1281 1785 1803 1299 1283 1787
1805 1301 1282 1786 1804 1300 1284 1788 1806
1302 1283 1787 1805 1301 1285 1789 1807 1303
1284 1788 1806 1302 1286 1790 1808 1304 1285
1789 1807 1303 1287 1791 1809 1305 1286 1790
1808 1304 1288 1792 1810 1306 1287 1791 1809
1305 1306 1307 1811 1810 1288 1289 1793 1792
1290 1794 1812 1308 389 809 824 404 1291
1795 1813 1309 1290 1794 1812 1308 1292 1796
1814 1310 1291 1795 1813 1309 1293 1797 1815
1311 1292 1796 1814 1310 1294 1798 1816 1312
1293 1797 1815 1311 1295 1799 1817 1313 1294
1798 1816 1312 1296 1800 1818 1314 1295 1799
1817 1313 1297 1801 1819 1315 1296 1800 1818
1314 1298 1802 1820 1316 1297 1801 1819 1315
1299 1803 1821 1317 1298 1802 1820 1316 1300
1804 1822 1318 1299 1803 1821 1317 1301 1805
1823 1319 1300 1804 1822 1318 1302 1806 1824
1320 1301 1805 1823 1319 1303 1807 1825 1321
1302 1806 1824 1320 1304 1808 1826 1322 1303
1807 1825 1321 1305 1809 1827 1323 1304 1808
1826 1322 1306 1810 1828 1324 1305 1809 1827
1323 1324 1325 1829 1828 1306 1307 1811 1810
1308 1812 1830 1326 404 824 839 419 1309
1813 1831 1327 1308 1812 1830 1326 1310 1814
1832 1328 1309 1813 1831 1327 1311 1815 1833
1329 1310 1814 1832 1328 1312 1816 1834 1330
1311 1815 1833 1329 1313 1817 1835 1331 1312
1816 1834 1330 1314 1818 1836 1332 1313 1817
1835 1331 1315 1819 1837 1333 1314 1818 1836
1332 1316 1820 1838 1334 1315 1819 1837 1333
1317 1821 1839 1335 1316 1820 1838 1334 1318
1822 1840 1336 1317 1821 1839 1335 1319 1823
1841 1337 1318 1822 1840 1336 1320 1824 1842
1338 1319 1823 1841 1337 1321 1825 1843 1339
1320 1824 1842 1338 1322 1826 1844 1340 1321
1825 1843 1339 1323 1827 1845 1341 1322 1826
1844 1340 1324 1828 1846 1342 1323 1827 1845
1341 1325 1829 1847 1343 1324 1828 1846 1342
1848 2072 2080 1856 857 1361 1379 875 1849
2073 2081 1857 1848 2072 2080 1856 1850 2074
2082 1858 1849 2073 2081 1857 1851 2075 2083
1859 1850 2074 2082 1858 1852 2076 2084 1860
1851 2075 2083 1859 1853 2077 2085 1861 1852
2076 2084 1860 1854 2078 2086 1862 1853 2077
2085 1861 1862 1863 2087 2086 1854 1855 2079
2078 1856 2080 2088 1864 875 1379 1397 893
1857 2081 2089 1865 1856 2080 2088 1864 1858
2082 2090 1866 1857 2081 2089 1865 1859 2083
2091 1867 1858 2082 2090 1866 1860 2084 2092
1868 1859 2083 2091 1867 1861 2085 2093 1869
1860 2084 2092 1868 1862 2086 2094 1870 1861
2085 2093 1869 1870 1871 2095 2094 1862 1863
2087 2086 1864 2088 2096 1872 893 1397 1415
911 1865 2089 2097 1873 1864 2088 2096 1872
1866 2090 2098 1874 1865 2089 2097 1873 1867
2091 2099 1875 1866 2090 2098 1874 1868 2092
2100 1876 1867 2091 2099 1875 1869 2093 2101
1877 1868 2092 2100 1876 1870 2094 2102 1878
1869 2093 2101 1877 1878 1879 2103 2102 1870
1871 2095 2094 1872 2096 2104 1880 911 1415
1433 929 1873 2097 2105 1881 1872 2096 2104
1880 1874 2098 2106 1882 1873 2097 2105 1881
1875 2099 2107 1883 1874 2098 2106 1882 1876
2100 2108 1884 1875 2099 2107 1883 1877 2101
2109 1885 1876 2100 2108 1884 1878 2102 2110
1886 1877 2101 2109 1885 1886 1887 2111 2110
1878 1879 2103 2102 1880 2104 2112 1888 929
1433 1451 947 1881 2105 2113 1889 1880 2104
2112 1888 1882 2106 2114 1890 1881 2105 2113
1889 1883 2107 2115 1891 1882 2106 2114 1890
1884 2108 2116 1892 1883 2107 2115 1891 1885
2109 2117 1893 1884 2108 2116 1892 1886 2110
2118 1894 1885 2109 2117 1893 1894 1895 2119
2118 1886 1887 2111 2110 1888 2112 2120 1896
947 1451 1469 965 1889 2113 2121 1897 1888
2112 2120 1896 1890 2114 2122 1898 1889 2113
2121 1897 1891 2115 2123 1899 1890 2114 2122
1898 1892 2116 2124 1900 1891 2115 2123 1899
1893 2117 2125 1901 1892 2116 2124 1900 1894
2118 2126 1902 1893 2117 2125 1901 1902 1903
2127 2126 1894 1895 2119 2118 1896 2120 2128
1904 965 1469 1487 983 1897 2121 2129 1905
1896 2120 2128 1904 1898 2122 2130 1906 1897
2121 2129 1905 1899 2123 2131 1907 1898 2122
2130 1906 1900 2124 2132 1908 1899 2123 2131
1907 1901 2125 2133 1909 1900 2124 2132 1908
1902 2126 2134 1910 1901 2125 2133 1909 1910
1911 2135 2134 1902 1903 2127 2126 1904 2128
2136 1912 983 1487 1505 1001 1905 2129 2137
1913 1904 2128 2136 1912 1906 2130 2138 1914
1905 2129 2137 1913 1907 2131 2139 1915 1906
2130 2138 1914 1908 2132 2140 1916 1907 2131
2139 1915 1909 2133 2141 1917 1908 2132 2140
1916 1910 2134 2142 1918 1909 2133 2141 1917
1918 1919 2143 2142 1910 1911 2135 2134 1912
2136 2144 1920 1001 1505 1523 1019 1913 2137
2145 1921 1912 2136 2144 1920 1914 2138 2146
1922 1913 2137 2145 1921 1915 2139 2147 1923
1914 2138 2146 1922 1916 2140 2148 1924 1915
2139 2147 1923 1917 2141 2149 1925 1916 2140
2148 1924 1918 2142 2150 1926 1917 2141 2149
1925 1926 1927 2151 2150 1918 1919 2143 2142
1920 2144 2152 1928 1019 1523 1541 1037 1921
2145 2153 1929 1920 2144 2152 1928 1922 2146
2154 1930 1921 2145 2153 1929 1923 2147 2155
1931 1922 2146 2154 1930 1924 2148 2156 1932
1923 2147 2155 1931 1925 2149 2157 1933 1924
2148 2156 1932 1926 2150 2158 1934 1925 2149
2157 1933 1934 1935 2159 2158 1926 1927 2151
2150 1928 2152 2160 1936 1037 1541 1559 1055
1929 2153 2161 1937 1928 2152 2160 1936 1930
2154 2162 1938 1929 2153 2161 1937 1931 2155
2163 1939 1930 2154 2162 1938 1932 2156 2164
1940 1931 2155 2163 1939 1933 2157 2165 1941
1932 2156 2164 1940 1934 2158 2166 1942 1933
2157 2165 1941 1942 1943 2167 2166 1934 1935
2159 2158 1936 2160 2168 1944 1055 1559 1577
1073 1937 2161 2169 1945 1936 2160 2168 1944
1938 2162 2170 1946 1937 2161 2169 1945 1939
2163 2171 1947 1938 2162 2170 1946 1940 2164
2172 1948 1939 2163 2171 1947 1941 2165 2173
1949 1940 2164 2172 1948 1942 2166 2174 1950
1941 2165 2173 1949 1950 1951 2175 2174 1942
1943 2167 2166 1944 2168 2176 1952 1073 1577
1595 1091 1945 2169 2177 1953 1944 2168 2176
1952 1946 2170 2178 1954 1945 2169 2177 1953
1947 2171 2179 1955 1946 2170 2178 1954 1948
2172 2180 1956 1947 2171 2179 1955 1949 2173
2181 1957 1948 2172 2180 1956 1950 2174 2182
1958 1949 2173 2181 1957 1958 1959 2183 2182
1950 1951 2175 2174 1952 2176 2184 1960 1091
1595 1613 1109 1953 2177 2185 1961 1952 2176
2184 1960 1954 2178 2186 1962 1953 2177 2185
1961 1955 2179 2187 1963 1954 2178 2186 1962
1956 2180 2188 1964 1955 2179 2187 1963 1957
2181 2189 1965 1956 2180 2188 1964 1958 2182
2190 1966 1957 2181 2189 1965 1966 1967 2191
2190 1958 1959 2183 2182 1960 2184 2192 1968
1109 1613 1631 1127 1961 2185 2193 1969 1960
2184 2192 1968 1962 2186 2194 1970 1961 2185
2193 1969 1963 2187 2195 1971 1962 2186 2194
1970 1964 2188 2196 1972 1963 2187 2195 1971
1965 2189 2197 1973 1964 2188 2196 1972 1966
2190 2198 1974 1965 2189 2197 1973 1974 1975
2199 2198 1966 1967 2191 2190 1968 2192 2200
1976 1127 1631 1649 1145 1969 2193 2201 1977
1968 2192 2200 1976 1970 2194 2202 1978 1969
2193 2201 1977 1971 2195 2203 1979 1970 2194
2202 1978 1972 2196 2204 1980 1971 2195 2203
1979 1973 2197 2205 1981 1972 2196 2204 1980
1974 2198 2206 1982 1973 2197 2205 1981 1982
1983 2207 2206 1974 1975 2199 2198 1976 2200
2208 1984 1145 1649 1667 1163 1977 2201 2209
1985 1976 2200 2208 1984 1978 2202 2210 1986
1977 2201 2209 1985 1979 2203 2211 1987 1978
2202 2210 1986 1980 2204 2212 1988 1979 2203
2211 1987 1981 2205 2213 1989 1980 2204 2212
1988 1982 2206 2214 1990 1981 2205 2213 1989
1990 1991 2215 2214 1982 1983 2207 2206 1984
2208 2216 1992 1163 1667 1685 1181 1985 2209
2217 1993 1984 2208 2216 1992 1986 2210 2218
1994 1985 2209 2217 1993 1987 2211 2219 1995
1986 2210 2218 1994 1988 2212 2220 1996 1987
2211 2219 1995 1989 2213 2221 1997 1988 2212
2220 1996 1990 2214 2222 1998 1989 2213 2221
1997 1998 1999 2223 2222 1990 1991 2215 2214
1992 2216 2224 2000 1181 1685 1703 1199 1993
2217 2225 2001 1992 2216 2224 2000 1994 2218
2226 2002 1993 2217 2225 2001 1995 2219 2227
2003 1994 2218 2226 2002 1996 2220 2228 2004
1995 2219 2227 2003 1997 2221 2229 2005 1996
2220 2228 2004 1998 2222 2230 2006 1997 2221
2229 2005 2006 2007 2231 2230 1998 1999 2223
2222 2000 2224 2232 2008 1199 1703 1721 1217
2001 2225 2233 2009 2000 2224 2232 2008 2002
2226 2234 2010 2001 2225 2233 2009 2003 2227
2235 2011 2002 2226 2234 2010 2004 2228 2236
2012 2003 2227 2235 2011 2005 2229 2237 2013
2004 2228 2236 2012 2006 2230 2238 2014 2005
2229 2237 2013 2014 2015 2239 2238 2006 2007
2231 2230 2008 2232 2240 2016 1217 1721 1739
1235 2009 2233 2241 2017 2008 2232 2240 2016
2010 2234 2242 2018 2009 2233 2241 2017 2011
2235 2243 2019 2010 2234 2242 2018 2012 2236
2244 2020 2011 2235 2243 2019 2013 2237 2245
2021 2012 2236 2244 2020 2014 2238 2246 2022
2013 2237 2245 2021 2022 2023 2247 2246 2014
2015 2239 2238 2016 2240 2248 2024 1235 1739
1757 1253 2017 2241 2249 2025 2016 2240 2248
2024 2018 2242 2250 2026 2017 2241 2249 2025
2019 2243 2251 2027 2018 2242 2250 2026 2020
2244 2252 2028 2019 2243 2251 2027 2021 2245
2253 2029 2020 2244 2252 2028 2022 2246 2254
2030 2021 2245 2253 2029 2030 2031 2255 2254
2022 2023 2247 2246 2024 2248 2256 2032 1253
1757 1775 1271 2025 2249 2257 2033 2024 2248
2256 2032 2026 2250 2258 2034 2025 2249 2257
2033 2027 2251 2259 2035 2026 2250 2258 2034
2028 2252 2260 2036 2027 2251 2259 2035 2029
2253 2261 2037 2028 2252 2260 2036 2030 2254
2262 2038 2029 2253 2261 2037 2038 2039 2263
2262 2030 2031 2255 2254 2032 2256 2264 2040
1271 1775 1793 1289 2033 2257 2265 2041 2032
2256 2264 2040 2034 2258 2266 2042 2033 2257
2265 2041 2035 2259 2267 2043 2034 2258 2266
2042 2036 2260 2268 2044 2035 2259 2267 2043
2037 2261 2269 2045 2036 2260 2268 2044 2038
2262 2270 2046 2037 2261 2269 2045 2046 2047
2271 2270 2038 2039 2263 2262 2040 2264 2272
2048 1289 1793 1811 1307 2041 2265 2273 2049
2040 2264 2272 2048 2042 2266 2274 2050 2041
2265 2273 2049 2043 2267 2275 2051 2042 2266
2274 2050 2044 2268 2276 2052 2043 2267 2275
2051 2045 2269 2277 2053 2044 2268 2276 2052
2046 2270 2278 2054 2045 2269 2277 2053 2054
2055 2279 2278 2046 2047 2271 2270 2048 2272
2280 2056 1307 1811 1829 1325 2049 2273 2281
2057 2048 2272 2280 2056 2050 2274 2282 2058
2049 2273 2281 2057 2051 2275 2283 2059 2050
2274 2282 2058 2052 2276 2284 2060 2051 2275
2283 2059 2053 2277 2285 2061 2052 2276 2284
2060 2054 2278 2286 2062 2053 2277 2285 2061
2062 2063 2287 2286 2054 2055 2279 2278 2056
2280 2288 2064 1325 1829 1847 1343 2057 2281
2289 2065 2056 2280 2288 2064 2058 2282 2290
2066 2057 2281 2289 2065 2059 2283 2291 2067
2058 2282 2290 2066 2060 2284 2292 2068 2059
2283 2291 2067 2061 2285 2293 2069 2060 2284
2292 2068 2062 2286 2294 2070 2061 2285 2293
2069 2063 2287 2295 2071 2062 2286 2294 2070
2296 2520 2528 2304 1855 2079 2087 1863 2297
2521 2529 2305 2296 2520 2528 2304 2298 2522
2530 2306 2297 2521 2529 2305 2299 2523 2531
2307 2298 2522 2530 2306 2300 2524 2532 2308
2299 2523 2531 2307 2301 2525 2533 2309 2300
2524 2532 2308 2302 2526 2534 2310 2301 2525
2533 2309 2310 2311 2535 2534 2302 2303 2527
2526 2304 2528 2536 2312 1863 2087 2095 1871
2305 2529 2537 2313 2304 2528 2536 2312 2306
2530 2538 2314 2305 2529 2537 2313 2307 2531
2539 2315 2306 2530 2538 2314 2308 2532 2540
2316 2307 2531 2539 2315 2309 2533 2541 2317
2308 2532 2540 2316 2310 2534 2542 2318 2309
2533 2541 2317 2318 2319 2543 2542 2310 2311
2535 2534 2312 2536 2544 2320 1871 2095 2103
1879 2313 2537 2545 2321 2312 2536 2544 2320
2314 2538 2546 2322 2313 2537 2545 2321 2315
2539 2547 2323 2314 2538 2546 2322 2316 2540
2548 2324 2315 2539 2547 2323 2317 2541 2549
2325 2316 2540 2548 2324 2318 2542 2550 2326
2317 2541 2549 2325 2326 2327 2551 2550 2318
2319 2543 2542 2320 2544 2552 2328 1879 2103
2111 1887 2321 2545 2553 2329 2320 2544 2552
2328 2322 2546 2554 2330 2321 2545 2553 2329
2323 2547 2555 2331 2322 2546 2554 2330 2324
2548 2556 2332 2323 2547 2555 2331 2325 2549
2557 2333 2324 2548 2556 2332 2326 2550 2558
2334 2325 2549 2557 2333 2334 2335 2559 2558
2326 2327 2551 2550 2328 2552 2560 2336 1887
2111 2119 1895 2329 2553 2561 2337 2328 2552
2560 2336 2330 2554 2562 2338 2329 2553 2561
2337 2331 2555 2563 2339 2330 2554 2562 2338
2332 2556 2564 2340 2331 2555 2563 2339 2333
2557 2565 2341 2332 2556 2564 2340 2334 2558
2566 2342 2333 2557 2565 2341 2342 2343 2567
2566 2334 2335 2559 2558 2336 2560 2568 2344
1895 2119 2127 1903 2337 2561 2569 2345 2336
2560 2568 2344 2338 2562 2570 2346 2337 2561
2569 2345 2339 2563 2571 2347 2338 2562 2570
2346 2340 2564 2572 2348 2339 2563 2571 2347
2341 2565 2573 2349 2340 2564 2572 2348 2342
2566 2574 2350 2341 2565 2573 2349 2350 2351
2575 2574 2342 2343 2567 2566 2344 2568 2576
2352 1903 2127 2135 1911 2345 2569 2577 2353
2344 2568 2576 2352 2346 2570 2578 2354 2345
2569 2577 2353 2347 2571 2579 2355 2346 2570
2578 2354 2348 2572 2580 2356 2347 2571 2579
2355 2349 2573 2581 2357 2348 2572 2580 2356
2350 2574 2582 2358 2349 2573 2581 2357 2358
2359 2583 2582 2350 2351 2575 2574 2352 2576
2584 2360 1911 2135 2143 1919 2353 2577 2585
2361 2352 2576 2584 2360 2354 2578 2586 2362
2353 2577 2585 2361 2355 2579 2587 2363 2354
2578 2586 2362 2356 2580 2588 2364 2355 2579
2587 2363 2357 2581 2589 2365 2356 2580 2588
2364 2358 2582 2590 2366 2357 2581 2589 2365
2366 2367 2591 2590 2358 2359 2583 2582 2360
2584 2592 2368 1919 2143 2151 1927 2361 2585
2593 2369 2360 2584 2592 2368 2362 2586 2594
2370 2361 2585 2593 2369 2363 2587 2595 2371
2362 2586 2594 2370 2364 2588 2596 2372 2363
2587 2595 2371 2365 2589 2597 2373 2364 2588
2596 2372 2366 2590 2598 2374 2365 2589 2597
2373 2374 2375 2599 2598 2366 2367 2591 2590
2368 2592 2600 2376 1927 2151 2159 1935 2369
2593 2601 2377 2368 2592 2600 2376 2370 2594
2602 2378 2369 2593 2601 2377 2371 2595 2603
2379 2370 2594 2602 2378 2372 2596 2604 2380
2371 2595 2603 2379 2373 2597 2605 2381 2372
2596 2604 2380 2374 2598 2606 2382 2373 2597
2605 2381 2382 2383 2607 2606 2374 2375 2599
2598 2376 2600 2608 2384 1935 2159 2167 1943
2377 2601 2609 2385 2376 2600 2608 2384 2378
2602 2610 2386 2377 2601 2609 2385 2379 2603
2611 2387 2378 2602 2610 2386 2380 2604 2612
2388 2379 2603 2611 2387 2381 2605 2613 2389
2380 2604 2612 2388 2382 2606 2614 2390 2381
2605 2613 2389 2390 2391 2615 2614 2382 2383
2607 2606 2384 2608 2616 2392 1943 2167 2175
1951 2385 2609 2617 2393 2384 2608 2616 2392
2386 2610 2618 2394 2385 2609 2617 2393 2387
2611 2619 2395 2386 2610 2618 2394 2388 2612
2620 2396 2387 2611 2619 2395 2389 2613 2621
2397 2388 2612 2620 2396 2390 2614 2622 2398
2389 2613 2621 2397 2398 2399 2623 2622 2390
2391 2615 2614 2392 2616 2624 2400 1951 2175
2183 1959 2393 2617 2625 2401 2392 2616 2624
2400 2394 2618 2626 2402 2393 2617 2625 2401
2395 2619 2627 2403 2394 2618 2626 2402 2396
2620 2628 2404 2395 2619 2627 2403 2397 2621
2629 2405 2396 2620 2628 2404 2398 2622 2630
2406 2397 2621 2629 2405 2406 2407 2631 2630
2398 2399 2623 2622 2400 2624 2632 2408 1959
2183 2191 1967 2401 2625 2633 2409 2400 2624
2632 2408 2402 2626 2634 2410 2401 2625 2633
2409 2403 2627 2635 2411 2402 2626 2634 2410
2404 2628 2636 2412 2403 2627 2635 2411 2405
2629 2637 2413 2404 2628 2636 2412 2406 2630
2638 2414 2405 2629 2637 2413 2414 2415 2639
2638 2406 2407 2631 2630 2408 2632 2640 2416
1967 2191 2199 1975 2409 2633 2641 2417 2408
2632 2640 2416 2410 2634 2642 2418 2409 2633
2641 2417 2411 2635 2643 2419 2410 2634 2642
2418 2412 2636 2644 2420 2411 2635 2643 2419
2413 2637 2645 2421 2412 2636 2644 2420 2414
2638 2646 2422 2413 2637 2645 2421 2422 2423
2647 2646 2414 2415 2639 2638 2416 2640 2648
2424 1975 2199 2207 1983 2417 2641 2649 2425
2416 2640 2648 2424 2418 2642 2650 2426 2417
2641 2649 2425 2419 2643 2651 2427 2418 2642
2650 2426 2420 2644 2652 2428 2419 2643 2651
2427 2421 2645 2653 2429 2420 2644 2652 2428
2422 2646 2654 2430 2421 2645 2653 2429 2430
2431 2655 2654 2422 2423 2647 2646 2424 2648
2656 2432 1983 2207 2215 1991 2425 2649 2657
2433 2424 2648 2656 2432 2426 2650 2658 2434
2425 2649 2657 2433 2427 2651 2659 2435 2426
2650 2658 2434 2428 2652 2660 2436 2427 2651
2659 2435 2429 2653 2661 2437 2428 2652 2660
2436 2430 2654 2662 2438 2429 2653 2661 2437
2438 2439 2663 2662 2430 2431 2655 2654 2432
2656 2664 2440 1991 2215 2223 1999 2433 2657
2665 2441 2432 2656 2664 2440 2434 2658 2666
2442 2433 2657 2665 2441 2435 2659 2667 2443
2434 2658 2666 2442 2436 2660 2668 2444 2435
2659 2667 2443 2437 2661 2669 2445 2436 2660
2668 2444 2438 2662 2670 2446 2437 2661 2669
2445 2446 2447 2671 2670 2438 2439 2663 2662
2440 2664 2672 2448 1999 2223 2231 2007 2441
2665 2673 2449 2440 2664 2672 2448 2442 2666
2674 2450 2441 2665 2673 2449 2443 2667 2675
2451 2442 2666 2674 2450 2444 2668 2676 2452
2443 2667 2675 2451 2445 2669 2677 2453 2444
2668 2676 2452 2446 2670 2678 2454 2445 2669
2677 2453 2454 2455 2679 2678 2446 2447 2671
2670 2448 2672 2680 2456 2007 2231 2239 2015
2449 2673 2681 2457 2448 2672 2680 2456 2450
2674 2682 2458 2449 2673 2681 2457 2451 2675
2683 2459 2450 2674 2682 2458 2452 2676 2684
2460 2451 2675 2683 2459 2453 2677 2685 2461
2452 2676 2684 2460 2454 2678 2686 2462 2453
2677 2685 2461 2462 2463 2687 2686 2454 2455
2679 2678 2456 2680 2688 2464 2015 2239 2247
2023 2457 2681 2689 2465 2456 2680 2688 2464
2458 2682 2690 2466 2457 2681 2689 2465 2459
2683 2691 2467 2458 2682 2690 2466 2460 2684
2692 2468 2459 2683 2691 2467 2461 2685 2693
2469 2460 2684 2692 2468 2462 2686 2694 2470
2461 2685 2693 2469 2470 2471 2695 2694 2462
2463 2687 2686 2464 2688 2696 2472 2023 2247
2255 2031 2465 2689 2697 2473 2464 2688 2696
2472 2466 2690 2698 2474 2465 2689 2697 2473
2467 2691 2699 2475 2466 2690 2698 2474 2468
2692 2700 2476 2467 2691 2699 2475 2469 2693
2701 2477 2468 2692 2700 2476 2470 2694 2702
2478 2469 2693 2701 2477 2478 2479 2703 2702
2470 2471 2695 2694 2472 2696 2704 2480 2031
2255 2263 2039 2473 2697 2705 2481 2472 2696
2704 2480 2474 2698 2706 2482 2473 2697 2705
2481 2475 2699 2707 2483 2474 2698 2706 2482
2476 2700 2708 2484 2475 2699 2707 2483 2477
2701 2709 2485 2476 2700 2708 2484 2478 2702
2710 2486 2477 2701 2709 2485 2486 2487 2711
2710 2478 2479 2703 2702 2480 2704 2712 2488
2039 2263 2271 2047 2481 2705 2713 2489 2480
2704 2712 2488 2482 2706 2714 2490 2481 2705
2713 2489 2483 2707 2715 2491 2482 2706 2714
2490 2484 2708 2716 2492 2483 2707 2715 2491
2485 2709 2717 2493 2484 2708 2716 2492 2486
2710 2718 2494 2485 2709 2717 2493 2494 2495
2719 2718 2486 2487 2711 2710 2488 2712 2720
2496 2047 2271 2279 2055 2489 2713 2721 2497
2488 2712 2720 2496 2490 2714 2722 2498 2489
2713 2721 2497 2491 2715 2723 2499 2490 2714
2722 2498 2492 2716 2724 2500 2491 2715 2723
2499 2493 2717 2725 2501 2492 2716 2724 2500
2494 2718 2726 2502 2493 2717 2725 2501 2502
2503 2727 2726 2494 2495 2719 2718 2496 2720
2728 2504 2055 2279 2287 2063 2497 2721 2729
2505 2496 2720 2728 2504 2498 2722 2730 2506
2497 2721 2729 2505 2499 2723 2731 2507 2498
2722 2730 2506 2500 2724 2732 2508 2499 2723
2731 2507 2501 2725 2733 2509 2500 2724 2732
2508 2502 2726 2734 2510 2501 2725 2733 2509
2510 2511 2735 2734 2502 2503 2727 2726 2504
2728 2736 2512 2063 2287 2295 2071 2505 2729
2737 2513 2504 2728 2736 2512 2506 2730 2738
2514 2505 2729 2737 2513 2507 2731 2739 2515
2506 2730 2738 2514 2508 2732 2740 2516 2507
2731 2739 2515 2509 2733 2741 2517 2508 2732
2740 2516 2510 2734 2742 2518 2509 2733 2741
2517 2511 2735 2743 2519 2510 2734 2742 2518
2744 3528 3556 2772 2303 2527 2535 2311 2745
3529 3557 2773 2744 3528 3556 2772 2746 3530
3558 2774 2745 3529 3557 2773 2747 3531 3559
2775 2746 3530 3558 2774 2748 3532 3560 2776
2747 3531 3559 2775 2749 3533 3561 2777 2748
3532 3560 2776 2750 3534 3562 2778 2749 3533
3561 2777 2751 3535 3563 2779 2750 3534 3562
2778 2752 3536 3564 2780 2751 3535 3563 2779
2753 3537 3565 2781 2752 3536 3564 2780 2754
3538 3566 2782 2753 3537 3565 2781 2755 3539
3567 2783 2754 3538 3566 2782 2756 3540 3568
2784 2755 3539 3567 2783 2757 3541 3569 2785
2756 3540 3568 2784 2758 3542 3570 2786 2757
3541 3569 2785 2759 3543 3571 2787 2758 3542
3570 2786 2760 3544 3572 2788 2759 3543 3571
2787 2761 3545 3573 2789 2760 3544 3572 2788
2762 3546 3574 2790 2761 3545 3573 2789 2763
3547 3575 2791 2762 3546 3574 2790 2764 3548
3576 2792 2763 3547 3575 2791 2765 3549 3577
2793 2764 3548 3576 2792 2766 3550 3578 2794
2765 3549 3577 2793 2767 3551 3579 2795 2766
3550 3578 2794 2768 3552 3580 2796 2767 3551
3579 2795 2769 3553 3581 2797 2768 3552 3580
2796 2770 3554 3582 2798 2769 3553 3581 2797
2798 2799 3583 3582 2770 2771 3555 3554 2772
3556 3584 2800 2311 2535 2543 2319 2773 3557
3585 2801 2772 3556 3584 2800 2774 3558 3586
2802 2773 3557 3585 2801 2775 3559 3587 2803
2774 3558 3586 2802 2776 3560 3588 2804 2775
3559 3587 2803 2777 3561 3589 2805 2776 3560
3588 2804 2778 3562 3590 2806 2777 3561 3589
2805 2779 3563 3591 2807 2778 3562 3590 2806
2780 3564 3592 2808 2779 3563 3591 2807 2781
3565 3593 2809 2780 3564 3592 2808 2782 3566
3594 2810 2781 3565 3593 2809 2783 3567 3595
2811 2782 3566 3594 2810 2784 3568 3596 2812
2783 3567 3595 2811 2785 3569 3597 2813 2784
3568 3596 2812 2786 3570 3598 2814 2785 3569
3597 2813 2787 3571 3599 2815 2786 3570 3598
2814 2788 3572 3600 2816 2787 3571 3599 2815
2789 3573 3601 2817 2788 3572 3600 2816 2790
3574 3602 2818 2789 3573 3601 2817 2791 3575
3603 2819 2790 3574 3602 2818 2792 3576 3604
2820 2791 3575 3603 2819 2793 3577 3605 2821
2792 3576 3604 2820 2794 3578 3606 2822 2793
3577 3605 2821 2795 3579 3607 2823 2794 3578
3606 2822 2796 3580 3608 2824 2795 3579 3607
2823 2797 3581 3609 2825 2796 3580 3608 2824
2798 3582 3610 2826 2797 3581 3609 2825 2826
2827 3611 3610 2798 2799 3583 3582 2800 3584
3612 2828 2319 2543 2551 2327 2801 3585 3613
2829 2800 3584 3612 2828 2802 3586 3614 2830
2801 3585 3613 2829 2803 3587 3615 2831 2802
3586 3614 2830 2804 3588 3616 2832 2803 3587
3615 2831 2805 3589 3617 2833 2804 3588 3616
2832 2806 3590 3618 2834 2805 3589 3617 2833
2807 3591 3619 2835 2806 3590 3618 2834 2808
3592 3620 2836 2807 3591 3619 2835 2809 3593
3621 2837 2808 3592 3620 2836 2810 3594 3622
2838 2809 3593 3621 2837 2811 3595 3623 2839
2810 3594 3622 2838 2812 3596 3624 2840 2811
3595 3623 2839 2813 3597 3625 2841 2812 3596
3624 2840 2814 3598 3626 2842 2813 3597 3625
2841 2815 3599 3627 2843 2814 3598 3626 2842
2816 3600 3628 2844 2815 3599 3627 2843 2817
3601 3629 2845 2816 3600 3628 2844 2818 3602
3630 2846 2817 3601 3629 2845 2819 3603 3631
2847 2818 3602 3630 2846 2820 3604 3632 2848
2819 3603 3631 2847 2821 3605 3633 2849 2820
3604 3632 2848 2822 3606 3634 2850 2821 3605
3633 2849 2823 3607 3635 2851 2822 3606 3634
2850 2824 3608 3636 2852 2823 3607 3635 2851
2825 3609 3637 2853 2824 3608 3636 2852 2826
3610 3638 2854 2825 3609 3637 2853 2854 2855
3639 3638 2826 2827 3611 3610 2828 3612 3640
2856 2327 2551 2559 2335 2829 3613 3641 2857
2828 3612 3640 2856 2830 3614 3642 2858 2829
3613 3641 2857 2831 3615 3643 2859 2830 3614
3642 2858 2832 3616 3644 2860 2831 3615 3643
2859 2833 3617 3645 2861 2832 3616 3644 2860
2834 3618 3646 2862 2833 3617 3645 2861 2835
3619 3647 2863 2834 3618 3646 2862 2836 3620
3648 2864 2835 3619 3647 2863 2837 3621 3649
2865 2836 3620 3648 2864 2838 3622 3650 2866
2837 3621 3649 2865 2839 3623 3651 2867 2838
3622 3650 2866 2840 3624 3652 2868 2839 3623
3651 2867 2841 3625 3653 2869 2840 3624 3652
2868 2842 3626 3654 2870 2841 3625 3653 2869
2843 3627 3655 2871 2842 3626 3654 2870 2844
3628 3656 2872 2843 3627 3655 2871 2845 3629
3657 2873 2844 3628 3656 2872 2846 3630 3658
2874 2845 3629 3657 2873 2847 3631 3659 2875
2846 3630 3658 2874 2848 3632 3660 2876 2847
3631 3659 2875 2849 3633 3661 2877 2848 3632
3660 2876 2850 3634 3662 2878 2849 3633 3661
2877 2851 3635 3663 2879 2850 3634 3662 2878
2852 3636 3664 2880 2851 3635 3663 2879 2853
3637 3665 2881 2852 3636 3664 2880 2854 3638
3666 2882 2853 3637 3665 2881 2882 2883 3667
3666 2854 2855 3639 3638 2856 3640 3668 2884
2335 2559 2567 2343 2857 3641 3669 2885 2856
3640 3668 2884 2858 3642 3670 2886 2857 3641
3669 2885 2859 3643 3671 2887 2858 3642 3670
2886 2860 3644 3672 2888 2859 3643 3671 2887
2861 3645 3673 2889 2860 3644 3672 2888 2862
3646 3674 2890 2861 3645 3673 2889 2863 3647
3675 2891 2862 3646 3674 2890 2864 3648 3676
2892 2863 3647 3675 2891 2865 3649 3677 2893
2864 3648 3676 2892 2866 3650 3678 2894 2865
3649 3677 2893 2867 3651 3679 2895 2866 3650
3678 2894 2868 3652 3680 2896 2867 3651 3679
2895 2869 3653 3681 2897 2868 3652 3680 2896
2870 3654 3682 2898 2869 3653 3681 2897 2871
3655 3683 2899 2870 3654 3682 2898 2872 3656
3684 2900 2871 3655 3683 2899 2873 3657 3685
2901 2872 3656 3684 2900 2874 3658 3686 2902
2873 3657 3685 2901 2875 3659 3687 2903 2874
3658 3686 2902 2876 3660 3688 2904 2875 3659
3687 2903 2877 3661 3689 2905 2876 3660 3688
2904 2878 3662 3690 2906 2877 3661 3689 2905
2879 3663 3691 2907 2878 3662 3690 2906 2880
3664 3692 2908 2879 3663 3691 2907 2881 3665
3693 2909 2880 3664 3692 2908 2882 3666 3694
2910 2881 3665 3693 2909 2910 2911 3695 3694
2882 2883 3667 3666 2884 3668 3696 2912 2343
2567 2575 2351 2885 3669 3697 2913 2884 3668
3696 2912 2886 3670 3698 2914 2885 3669 3697
2913 2887 3671 3699 2915 2886 3670 3698 2914
2888 3672 3700 2916 2887 3671 3699 2915 2889
3673 3701 2917 2888 3672 3700 2916 2890 3674
3702 2918 2889 3673 3701 2917 2891 3675 3703
2919 2890 3674 3702 2918 2892 3676 3704 2920
2891 3675 3703 2919 2893 3677 3705 2921 2892
3676 3704 2920 2894 3678 3706 2922 2893 3677
3705 2921 2895 3679 3707 2923 2894 3678 3706
2922 2896 3680 3708 2924 2895 3679 3707 2923
2897 3681 3709 2925 2896 3680 3708 2924 2898
3682 3710 2926 2897 3681 3709 2925 2899 3683
3711 2927 2898 3682 3710 2926 2900 3684 3712
2928 2899 3683 3711 2927 2901 3685 3713 2929
2900 3684 3712 2928 2902 3686 3714 2930 2901
3685 3713 2929 2903 3687 3715 2931 2902 3686
3714 2930 2904 3688 3716 2932 2903 3687 3715
2931 2905 3689 3717 2933 2904 3688 3716 2932
2906 3690 3718 2934 2905 3689 3717 2933 2907
3691 3719 2935 2906 3690 3718 2934 2908 3692
3720 2936 2907 3691 3719 2935 2909 3693 3721
2937 2908 3692 3720 2936 2910 3694 3722 2938
2909 3693 3721 2937 2938 2939 3723 3722 2910
2911 3695 3694 2912 3696 3724 2940 2351 2575
2583 2359 2913 3697 3725 2941 2912 3696 3724
2940 2914 3698 3726 2942 2913 3697 3725 2941
2915 3699 3727 2943 2914 3698 3726 2942 2916
3700 3728 2944 2915 3699 3727 2943 2917 3701
3729 2945 2916 3700 3728 2944 2918 3702 3730
2946 2917 3701 3729 2945 2919 3703 3731 2947
2918 3702 3730 2946 2920 3704 3732 2948 2919
3703 3731 2947 2921 3705 3733 2949 2920 3704
3732 2948 2922 3706 3734 2950 2921 3705 3733
2949 2923 3707 3735 2951 2922 3706 3734 2950
2924 3708 3736 2952 2923 3707 3735 2951 2925
3709 3737 2953 2924 3708 3736 2952 2926 3710
3738 2954 2925 3709 3737 2953 2927 3711 3739
2955 2926 3710 3738 2954 2928 3712 3740 2956
2927 3711 3739 2955 2929 3713 3741 2957 2928
3712 3740 2956 2930 3714 3742 2958 2929 3713
3741 2957 2931 3715 3743 2959 2930 3714 3742
2958 2932 3716 3744 2960 2931 3715 3743 2959
2933 3717 3745 2961 2932 3716 3744 2960 2934
3718 3746 2962 2933 3717 3745 2961 2935 3719
3747 2963 2934 3718 3746 2962 2936 3720 3748
2964 2935 3719 3747 2963 2937 3721 3749 2965
2936 3720 3748 2964 2938 3722 3750 2966 2937
3721 3749 2965 2966 2967 3751 3750 2938 2939
3723 3722 2940 3724 3752 2968 2359 2583 2591
2367 2941 3725 3753 2969 2940 3724 3752 2968
2942 3726 3754 2970 2941 3725 3753 2969 2943
3727 3755 2971 2942 3726 3754 2970 2944 3728
3756 2972 2943 3727 3755 2971 2945 3729 3757
2973 2944 3728 3756 2972 2946 3730 3758 2974
2945 3729 3757 2973 2947 3731 3759 2975 2946
3730 3758 2974 2948 3732 3760 2976 2947 3731
3759 2975 2949 3733 3761 2977 2948 3732 3760
2976 2950 3734 3762 2978 2949 3733 3761 2977
2951 3735 3763 2979 2950 3734 3762 2978 2952
3736 3764 2980 2951 3735 3763 2979 2953 3737
3765 2981 2952 3736 3764 2980 2954 3738 3766
2982 2953 3737 3765 2981 2955 3739 3767 2983
2954 3738 3766 2982 2956 3740 3768 2984 2955
3739 3767 2983 2957 3741 3769 2985 2956 3740
3768 2984 2958 3742 3770 2986 2957 3741 3769
2985 2959 3743 3771 2987 2958 3742 3770 2986
2960 3744 3772 2988 2959 3743 3771 2987 2961
3745 3773 2989 2960 3744 3772 2988 2962 3746
3774 2990 2961 3745 3773 2989 2963 3747 3775
2991 2962 3746 3774 2990 2964 3748 3776 2992
2963 3747 3775 2991 2965 3749 3777 2993 2964
3748 3776 2992 2966 3750 3778 2994 2965 3749
3777 2993 2994 2995 3779 3778 2966 2967 3751
3750 2968 3752 3780 2996 2367 2591 2599 2375
2969 3753 3781 2997 2968 3752 3780 2996 2970
3754 3782 2998 2969 3753 3781 2997 2971 3755
3783 2999 2970 3754 3782 2998 2972 3756 3784
3000 2971 3755 3783 2999 2973 3757 3785 3001
2972 3756 3784 3000 2974 3758 3786 3002 2973
3757 3785 3001 2975 3759 3787 3003 2974 3758
3786 3002 2976 3760 3788 3004 2975 3759 3787
3003 2977 3761 3789 3005 2976 3760 3788 3004
2978 3762 3790 3006 2977 3761 3789 3005 2979
3763 3791 3007 2978 3762 3790 3006 2980 3764
3792 3008 2979 3763 3791 3007 2981 3765 3793
3009 2980 3764 3792 3008 2982 3766 3794 3010
2981 3765 3793 3009 2983 3767 3795 3011 2982
3766 3794 3010 2984 3768 3796 3012 2983 3767
3795 3011 2985 3769 3797 3013 2984 3768 3796
3012 2986 3770 3798 3014 2985 3769 3797 3013
2987 3771 3799 3015 2986 3770 3798 3014 2988
3772 3800 3016 2987 3771 3799 3015 2989 3773
3801 3017 2988 3772 3800 3016 2990 3774 3802
3018 2989 3773 3801 3017 2991 3775 3803 3019
2990 3774 3802 3018 2992 3776 3804 3020 2991
3775 3803 3019 2993 3777 3805 3021 2992 3776
3804 3020 2994 3778 3806 3022 2993 3777 3805
3021 3022 3023 3807 3806 2994 2995 3779 3778
2996 3780 3808 3024 2375 2599 2607 2383 2997
3781 3809 3025 2996 3780 3808 3024 2998 3782
3810 3026 2997 3781 3809 3025 2999 3783 3811
3027 2998 3782 3810 3026 3000 3784 3812 3028
2999 3783 3811 3027 3001 3785 3813 3029 3000
3784 3812 3028 3002 3786 3814 3030 3001 3785
3813 3029 3003 3787 3815 3031 3002 3786 3814
3030 3004 3788 3816 3032 3003 3787 3815 3031
3005 3789 3817 3033 3004 3788 3816 3032 3006
3790 3818 3034 3005 3789 3817 3033 3007 3791
3819 3035 3006 3790 3818 3034 3008 3792 3820
3036 3007 3791 3819 3035 3009 3793 3821 3037
3008 3792 3820 3036 3010 3794 3822 3038 3009
3793 3821 3037 3011 3795 3823 3039 3010 3794
3822 3038 3012 3796 3824 3040 3011 3795 3823
3039 3013 3797 3825 3041 3012 3796 3824 3040
3014 3798 3826 3042 3013 3797 3825 3041 3015
3799 3827 3043 3014 3798 3826 3042 3016 3800
3828 3044 3015 3799 3827 3043 3017 3801 3829
3045 3016 3800 3828 3044 3018 3802 3830 3046
3017 3801 3829 3045 3019 3803 3831 3047 3018
3802 3830 3046 3020 3804 3832 3048 3019 3803
3831 3047 3021 3805 3833 3049 3020 3804 3832
3048 3022 3806 3834 3050 3021 3805 3833 3049
3050 3051 3835 3834 3022 3023 3807 3806 3024
3808 3836 3052 2383 2607 2615 2391 3025 3809
3837 3053 3024 3808 3836 3052 3026 3810 3838
3054 3025 3809 3837 3053 3027 3811 3839 3055
3026 3810 3838 3054 3028 3812 3840 3056 3027
3811 3839 3055 3029 3813 3841 3057 3028 3812
3840 3056 3030 3814 3842 3058 3029 3813 3841
3057 3031 3815 3843 3059 3030 3814 3842 3058
3032 3816 3844 3060 3031 3815 3843 3059 3033
3817 3845 3061 3032 3816 3844 3060 3034 3818
3846 3062 3033 3817 3845 3061 3035 3819 3847
3063 3034 3818 3846 3062 3036 3820 3848 3064
3035 3819 3847 3063 3037 3821 3849 3065 3036
3820 3848 3064 3038 3822 3850 3066 3037 3821
3849 3065 3039 3823 3851 3067 3038 3822 3850
3066 3040 3824 3852 3068 3039 3823 3851 3067
3041 3825 3853 3069 3040 3824 3852 3068 3042
3826 3854 3070 3041 3825 3853 3069 3043 3827
3855 3071 3042 3826 3854 3070 3044 3828 3856
3072 3043 3827 3855 3071 3045 3829 3857 3073
3044 3828 3856 3072 3046 3830 3858 3074 3045
3829 3857 3073 3047 3831 3859 3075 3046 3830
3858 3074 3048 3832 3860 3076 3047 3831 3859
3075 3049 3833 3861 3077 3048 3832 3860 3076
3050 3834 3862 3078 3049 3833 3861 3077 3078
3079 3863 3862 3050 3051 3835 3834 3052 3836
3864 3080 2391 2615 2623 2399 3053 3837 3865
3081 3052 3836 3864 3080 3054 3838 3866 3082
3053 3837 3865 3081 3055 3839 3867 3083 3054
3838 3866 3082 3056 3840 3868 3084 3055 3839
3867 3083 3057 3841 3869 3085 3056 3840 3868
3084 3058 3842 3870 3086 3057 3841 3869 3085
3059 3843 3871 3087 3058 3842 3870 3086 3060
3844 3872 3088 3059 3843 3871 3087 3061 3845
3873 3089 3060 3844 3872 3088 3062 3846 3874
3090 3061 3845 3873 3089 3063 3847 3875 3091
3062 3846 3874 3090 3064 3848 3876 3092 3063
3847 3875 3091 3065 3849 3877 3093 3064 3848
3876 3092 3066 3850 3878 3094 3065 3849 3877
3093 3067 3851 3879 3095 3066 3850 3878 3094
3068 3852 3880 3096 3067 3851 3879 3095 3069
3853 3881 3097 3068 3852 3880 3096 3070 3854
3882 3098 3069 3853 3881 3097 3071 3855 3883
3099 3070 3854 3882 3098 3072 3856 3884 3100
3071 3855 3883 3099 3073 3857 3885 3101 3072
3856 3884 3100 3074 3858 3886 3102 3073 3857
3885 3101 3075 3859 3887 3103 3074 3858 3886
3102 3076 3860 3888 3104 3075 3859 3887 3103
3077 3861 3889 3105 3076 3860 3888 3104 3078
3862 3890 3106 3077 3861 3889 3105 3106 3107
3891 3890 3078 3079 3863 3862 3080 3864 3892
3108 2399 2623 2631 2407 3081 3865 3893 3109
3080 3864 3892 3108 3082 3866 3894 3110 3081
3865 3893 3109 3083 3867 3895 3111 3082 3866
3894 3110 3084 3868 3896 3112 3083 3867 3895
3111 3085 3869 3897 3113 3084 3868 3896 3112
3086 3870 3898 3114 3085 3869 3897 3113 3087
3871 3899 3115 3086 3870 3898 3114 3088 3872
3900 3116 3087 3871 3899 3115 3089 3873 3901
3117 3088 3872 3900 3116 3090 3874 3902 3118
3089 3873 3901 3117 3091 3875 3903 3119 3090
3874 3902 3118 3092 3876 3904 3120 3091 3875
3903 3119 3093 3877 3905 3121 3092 3876 3904
3120 3094 3878 3906 3122 3093 3877 3905 3121
3095 3879 3907 3123 3094 3878 3906 3122 3096
3880 3908 3124 3095 3879 3907 3123 3097 3881
3909 3125 3096 3880 3908 3124 3098 3882 3910
3126 3097 3881 3909 3125 3099 3883 3911 3127
3098 3882 3910 3126 3100 3884 3912 3128 3099
3883 3911 3127 3101 3885 3913 3129 3100 3884
3912 3128 3102 3886 3914 3130 3101 3885 3913
3129 3103 3887 3915 3131 3102 3886 3914 3130
3104 3888 3916 3132 3103 3887 3915 3131 3105
3889 3917 3133 3104 3888 3916 3132 3106 3890
3918 3134 3105 3889 3917 3133 3134 3135 3919
3918 3106 3107 3891 3890 3108 3892 3920 3136
2407 2631 2639 2415 3109 3893 3921 3137 3108
3892 3920 3136 3110 3894 3922 3138 3109 3893
3921 3137 3111 3895 3923 3139 3110 3894 3922
3138 3112 3896 3924 3140 3111 3895 3923 3139
3113 3897 3925 3141 3112 3896 3924 3140 3114
3898 3926 3142 3113 3897 3925 3141 3115 3899
3927 3143 3114 3898 3926 3142 3116 3900 3928
3144 3115 3899 3927 3143 3117 3901 3929 3145
3116 3900 3928 3144 3118 3902 3930 3146 3117
3901 3929 3145 3119 3903 3931 3147 3118 3902
3930 3146 3120 3904 3932 3148 3119 3903 3931
3147 3121 3905 3933 3149 3120 3904 3932 3148
3122 3906 3934 3150 3121 3905 3933 3149 3123
3907 3935 3151 3122 3906 3934 3150 3124 3908
3936 3152 3123 3907 3935 3151 3125 3909 3937
3153 3124 3908 3936 3152 3126 3910 3938 3154
3125 3909 3937 3153 3127 3911 3939 3155 3126
3910 3938 3154 3128 3912 3940 3156 3127 3911
3939 3155 3129 3913 3941 3157 3128 3912 3940
3156 3130 3914 3942 3158 3129 3913 3941 3157
3131 3915 3943 3159 3130 3914 3942 3158 3132
3916 3944 3160 3131 3915 3943 3159 3133 3917
3945 3161 3132 3916 3944 3160 3134 3918 3946
3162 3133 3917 3945 3161 3162 3163 3947 3946
3134 3135 3919 3918 3136 3920 3948 3164 2415
2639 2647 2423 3137 3921 3949 3165 3136 3920
3948 3164 3138 3922 3950 3166 3137 3921 3949
3165 3139 3923 3951 3167 3138 3922 3950 3166
3140 3924 3952 3168 3139 3923 3951 3167 3141
3925 3953 3169 3140 3924 3952 3168 3142 3926
3954 3170 3141 3925 3953 3169 3143 3927 3955
3171 3142 3926 3954 3170 3144 3928 3956 3172
3143 3927 3955 3171 3145 3929 3957 3173 3144
3928 3956 3172 3146 3930 3958 3174 3145 3929
3957 3173 3147 3931 3959 3175 3146 3930 3958
3174 3148 3932 3960 3176 3147 3931 3959 3175
3149 3933 3961 3177 3148 3932 3960 3176 3150
3934 3962 3178 3149 3933 3961 3177 3151 3935
3963 3179 3150 3934 3962 3178 3152 3936 3964
3180 3151 3935 3963 3179 3153 3937 3965 3181
3152 3936 3964 3180 3154 3938 3966 3182 3153
3937 3965 3181 3155 3939 3967 3183 3154 3938
3966 3182 3156 3940 3968 3184 3155 3939 3967
3183 3157 3941 3969 3185 3156 3940 3968 3184
3158 3942 3970 3186 3157 3941 3969 3185 3159
3943 3971 3187 3158 3942 3970 3186 3160 3944
3972 3188 3159 3943 3971 3187 3161 3945 3973
3189 3160 3944 3972 3188 3162 3946 3974 3190
3161 3945 3973 3189 3190 3191 3975 3974 3162
3163 3947 3946 3164 3948 3976 3192 2423 2647
2655 2431 3165 3949 3977 3193 3164 3948 3976
3192 3166 3950 3978 3194 3165 3949 3977 3193
3167 3951 3979 3195 3166 3950 3978 3194 3168
3952 3980 3196 3167 3951 3979 3195 3169 3953
3981 3197 3168 3952 3980 3196 3170 3954 3982
3198 3169 3953 3981 3197 3171 3955 3983 3199
3170 3954 3982 3198 3172 3956 3984 3200 3171
3955 3983 3199 3173 3957 3985 3201 3172 3956
3984 3200 3174 3958 3986 3202 3173 3957 3985
3201 3175 3959 3987 3203 3174 3958 3986 3202
3176 3960 3988 3204 3175 3959 3987 3203 3177
3961 3989 3205 3176 3960 3988 3204 3178 3962
3990 3206 3177 3961 3989 3205 3179 3963 3991
3207 3178 3962 3990 3206 3180 3964 3992 3208
3179 3963 3991 3207 3181 3965 3993 3209 3180
3964 3992 3208 3182 3966 3994 3210 3181 3965
3993 3209 3183 3967 3995 3211 3182 3966 3994
3210 3184 3968 3996 3212 3183 3967 3995 3211
3185 3969 3997 3213 3184 3968 3996 3212 3186
3970 3998 3214 3185 3969 3997 3213 3187 3971
3999 3215 3186 3970 3998 3214 3188 3972 4000
3216 3187 3971 3999 3215 3189 3973 4001 3217
3188 3972 4000 3216 3190 3974 4002 3218 3189
3973 4001 3217 3218 3219 4003 4002 3190 3191
3975 3974 3192 3976 4004 3220 2431 2655 2663
2439 3193 3977 4005 3221 3192 3976 4004 3220
3194 3978 4006 3222 3193 3977 4005 3221 3195
3979 4007 3223 3194 3978 4006 3222 3196 3980
4008 3224 3195 3979 4007 3223 3197 3981 4009
3225 3196 3980 4008 3224 3198 3982 4010 3226
3197 3981 4009 3225 3199 3983 4011 3227 3198
3982 4010 3226 3200 3984 4012 3228 3199 3983
4011 3227 3201 3985 4013 3229 3200 3984 4012
3228 3202 3986 4014 3230 3201 3985 4013 3229
3203 3987 4015 3231 3202 3986 4014 3230 3204
3988 4016 3232 3203 3987 4015 3231 3205 3989
4017 3233 3204 3988 4016 3232 3206 3990 4018
3234 3205 3989 4017 3233 3207 3991 4019 3235
3206 3990 4018 3234 3208 3992 4020 3236 3207
3991 4019 3235 3209 3993 4021 3237 3208 3992
4020 3236 3210 3994 4022 3238 3209 3993 4021
3237 3211 3995 4023 3239 3210 3994 4022 3238
3212 3996 4024 3240 3211 3995 4023 3239 3213
3997 4025 3241 3212 3996 4024 3240 3214 3998
4026 3242 3213 3997 4025 3241 3215 3999 4027
3243 3214 3998 4026 3242 3216 4000 4028 3244
3215 3999 4027 3243 3217 4001 4029 3245 3216
4000 4028 3244 3218 4002 4030 3246 3217 4001
4029 3245 3246 3247 4031 4030 3218 3219 4003
4002 3220 4004 4032 3248 2439 2663 2671 2447
3221 4005 4033 3249 3220 4004 4032 3248 3222
4006 4034 3250 3221 4005 4033 3249 3223 4007
4035 3251 3222 4006 4034 3250 3224 4008 4036
3252 3223 4007 4035 3251 3225 4009 4037 3253
3224 4008 4036 3252 3226 4010 4038 3254 3225
4009 4037 3253 3227 4011 4039 3255 3226 4010
4038 3254 3228 4012 4040 3256 3227 4011 4039
3255 3229 4013 4041 3257 3228 4012 4040 3256
3230 4014 4042 3258 3229 4013 4041 3257 3231
4015 4043 3259 3230 4014 4042 3258 3232 4016
4044 3260 3231 4015 4043 3259 3233 4017 4045
3261 3232 4016 4044 3260 3234 4018 4046 3262
3233 4017 4045 3261 3235 4019 4047 3263 3234
4018 4046 3262 3236 4020 4048 3264 3235 4019
4047 3263 3237 4021 4049 3265 3236 4020 4048
3264 3238 4022 4050 3266 3237 4021 4049 3265
3239 4023 4051 3267 3238 4022 4050 3266 3240
4024 4052 3268 3239 4023 4051 3267 3241 4025
4053 3269 3240 4024 4052 3268 3242 4026 4054
3270 3241 4025 4053 3269 3243 4027 4055 3271
3242 4026 4054 3270 3244 4028 4056 3272 3243
4027 4055 3271 3245 4029 4057 3273 3244 4028
4056 3272 3246 4030 4058 3274 3245 4029 4057
3273 3274 3275 4059 4058 3246 3247 4031 4030
3248 4032 4060 3276 2447 2671 2679 2455 3249
4033 4061 3277 3248 4032 4060 3276 3250 4034
4062 3278 3249 4033 4061 3277 3251 4035 4063
3279 3250 4034 4062 3278 3252 4036 4064 3280
3251 4035 4063 3279 3253 4037 4065 3281 3252
4036 4064 3280 3254 4038 4066 3282 3253 4037
4065 3281 3255 4039 4067 3283 3254 4038 4066
3282 3256 4040 4068 3284 3255 4039 4067 3283
3257 4041 4069 3285 3256 4040 4068 3284 3258
4042 4070 3286 3257 4041 4069 3285 3259 4043
4071 3287 3258 4042 4070 3286 3260 4044 4072
3288 3259 4043 4071 3287 3261 4045 4073 3289
3260 4044 4072 3288 3262 4046 4074 3290 3261
4045 4073 3289 3263 4047 4075 3291 3262 4046
4074 3290 3264 4048 4076 3292 3263 4047 4075
3291 3265 4049 4077 3293 3264 4048 4076 3292
3266 4050 4078 3294 3265 4049 4077 3293 3267
4051 4079 3295 3266 4050 4078 3294 3268 4052
4080 3296 3267 4051 4079 3295 3269 4053 4081
3297 3268 4052 4080 3296 3270 4054 4082 3298
3269 4053 4081 3297 3271 4055 4083 3299 3270
4054 4082 3298 3272 4056 4084 3300 3271 4055
4083 3299 3273 4057 4085 3301 3272 4056 4084
3300 3274 4058 4086 3302 3273 4057 4085 3301
3302 3303 4087 4086 3274 3275 4059 4058 3276
4060 4088 3304 2455 2679 2687 2463 3277 4061
4089 3305 3276 4060 4088 3304 3278 4062 4090
3306 3277 4061 4089 3305 3279 4063 4091 3307
3278 4062 4090 3306 3280 4064 4092 3308 3279
4063 4091 3307 3281 4065 4093 3309 3280 4064
4092 3308 3282 4066 4094 3310 3281 4065 4093
3309 3283 4067 4095 3311 3282 4066 4094 3310
3284 4068 4096 3312 3283 4067 4095 3311 3285
4069 4097 3313 3284 4068 4096 3312 3286 4070
4098 3314 3285 4069 4097 3313 3287 4071 4099
3315 3286 4070 4098 3314 3288 4072 4100 3316
3287 4071 4099 3315 3289 4073 4101 3317 3288
4072 4100 3316 3290 4074 4102 3318 3289 4073
4101 3317 3291 4075 4103 3319 3290 4074 4102
3318 3292 4076 4104 3320 3291 4075 4103 3319
3293 4077 4105 3321 3292 4076 4104 3320 3294
4078 4106 3322 3293 4077 4105 3321 3295 4079
4107 3323 3294 4078 4106 3322 3296 4080 4108
3324 3295 4079 4107 3323 3297 4081 4109 3325
3296 4080 4108 3324 3298 4082 4110 3326 3297
4081 4109 3325 3299 4083 4111 3327 3298 4082
4110 3326 3300 4084 4112 3328 3299 4083 4111
3327 3301 4085 4113 3329 3300 4084 4112 3328
3302 4086 4114 3330 3301 4085 4113 3329 3330
3331 4115 4114 3302 3303 4087 4086 3304 4088
4116 3332 2463 2687 2695 2471 3305 4089 4117
3333 3304 4088 4116 3332 3306 4090 4118 3334
3305 4089 4117 3333 3307 4091 4119 3335 3306
4090 4118 3334 3308 4092 4120 3336 3307 4091
4119 3335 3309 4093 4121 3337 3308 4092 4120
3336 3310 4094 4122 3338 3309 4093 4121 3337
3311 4095 4123 3339 3310 4094 4122 3338 3312
4096 4124 3340 3311 4095 4123 3339 3313 4097
4125 3341 3312 4096 4124 3340 3314 4098 4126
3342 3313 4097 4125 3341 3315 4099 4127 3343
3314 4098 4126 3342 3316 4100 4128 3344 3315
4099 4127 3343 3317 4101 4129 3345 3316 4100
4128 3344 3318 4102 4130 3346 3317 4101 4129
3345 3319 4103 4131 3347 3318 4102 4130 3346
3320 4104 4132 3348 3319 4103 4131 3347 3321
4105 4133 3349 3320 4104 4132 3348 3322 4106
4134 3350 3321 4105 4133 3349 3323 4107 4135
3351 3322 4106 4134 3350 3324 4108 4136 3352
3323 4107 4135 3351 3325 4109 4137 3353 3324
4108 4136 3352 3326 4110 4138 3354 3325 4109
4137 3353 3327 4111 4139 3355 3326 4110 4138
3354 3328 4112 4140 3356 3327 4111 4139 3355
3329 4113 4141 3357 3328 4112 4140 3356 3330
4114 4142 3358 3329 4113 4141 3357 3358 3359
4143 4142 3330 3331 4115 4114 3332 4116 4144
3360 2471 2695 2703 2479 3333 4117 4145 3361
3332 4116 4144 3360 3334 4118 4146 3362 3333
4117 4145 3361 3335 4119 4147 3363 3334 4118
4146 3362 3336 4120 4148 3364 3335 4119 4147
3363 3337 4121 4149 3365 3336 4120 4148 3364
3338 4122 4150 3366 3337 4121 4149 3365 3339
4123 4151 3367 3338 4122 4150 3366 3340 4124
4152 3368 3339 4123 4151 3367 3341 4125 4153
3369 3340 4124 4152 3368 3342 4126 4154 3370
3341 4125 4153 3369 3343 4127 4155 3371 3342
4126 4154 3370 3344 4128 4156 3372 3343 4127
4155 3371 3345 4129 4157 3373 3344 4128 4156
3372 3346 4130 4158 3374 3345 4129 4157 3373
3347 4131 4159 3375 3346 4130 4158 3374 3348
4132 4160 3376 3347 4131 4159 3375 3349 4133
4161 3377 3348 4132 4160 3376 3350 4134 4162
3378 3349 4133 4161 3377 3351 4135 4163 3379
3350 4134 4162 3378 3352 4136 4164 3380 3351
4135 4163 3379 3353 4137 4165 3381 3352 4136
4164 3380 3354 4138 4166 3382 3353 4137 4165
3381 3355 4139 4167 3383 3354 4138 4166 3382
3356 4140 4168 3384 3355 4139 4167 3383 3357
4141 4169 3385 3356 4140 4168 3384 3358 4142
4170 3386 3357 4141 4169 3385 3386 3387 4171
4170 3358 3359 4143 4142 3360 4144 4172 3388
2479 2703 2711 2487 3361 4145 4173 3389 3360
4144 4172 3388 3362 4146 4174 3390 3361 4145
4173 3389 3363 4147 4175 3391 3362 4146 4174
3390 3364 4148 4176 3392 3363 4147 4175 3391
3365 4149 4177 3393 3364 4148 4176 3392 3366
4150 4178 3394 3365 4149 4177 3393 3367 4151
4179 3395 3366 4150 4178 3394 3368 4152 4180
3396 3367 4151 4179 3395 3369 4153 4181 3397
3368 4152 4180 3396 3370 4154 4182 3398 3369
4153 4181 3397 3371 4155 4183 3399 3370 4154
4182 3398 3372 4156 4184 3400 3371 4155 4183
3399 3373 4157 4185 3401 3372 4156 4184 3400
3374 4158 4186 3402 3373 4157 4185 3401 3375
4159 4187 3403 3374 4158 4186 3402 3376 4160
4188 3404 3375 4159 4187 3403 3377 4161 4189
3405 3376 4160 4188 3404 3378 4162 4190 3406
3377 4161 4189 3405 3379 4163 4191 3407 3378
4162 4190 3406 3380 4164 4192 3408 3379 4163
4191 3407 3381 4165 4193 3409 3380 4164 4192
3408 3382 4166 4194 3410 3381 4165 4193 3409
3383 4167 4195 3411 3382 4166 4194 3410 3384
4168 4196 3412 3383 4167 4195 3411 3385 4169
4197 3413 3384 4168 4196 3412 3386 4170 4198
3414 3385 4169 4197 3413 3414 3415 4199 4198
3386 3387 4171 4170 3388 4172 4200 3416 2487
2711 2719 2495 3389 4173 4201 3417 3388 4172
4200 3416 3390 4174 4202 3418 3389 4173 4201
3417 3391 4175 4203 3419 3390 4174 4202 3418
3392 4176 4204 3420 3391 4175 4203 3419 3393
4177 4205 3421 3392 4176 4204 3420 3394 4178
4206 3422 3393 4177 4205 3421 3395 4179 4207
3423 3394 4178 4206 3422 3396 4180 4208 3424
3395 4179 4207 3423 3397 4181 4209 3425 3396
4180 4208 3424 3398 4182 4210 3426 3397 4181
4209 3425 3399 4183 4211 3427 3398 4182 4210
3426 3400 4184 4212 3428 3399 4183 4211 3427
3401 4185 4213 3429 3400 4184 4212 3428 3402
4186 4214 3430 3401 4185 4213 3429 3403 4187
4215 3431 3402 4186 4214 3430 3404 4188 4216
3432 3403 4187 4215 3431 3405 4189 4217 3433
3404 4188 4216 3432 3406 4190 4218 3434 3405
4189 4217 3433 3407 4191 4219 3435 3406 4190
4218 3434 3408 4192 4220 3436 3407 4191 4219
3435 3409 4193 4221 3437 3408 4192 4220 3436
3410 4194 4222 3438 3409 4193 4221 3437 3411
4195 4223 3439 3410 4194 4222 3438 3412 4196
4224 3440 3411 4195 4223 3439 3413 4197 4225
3441 3412 4196 4224 3440 3414 4198 4226 3442
3413 4197 4225 3441 3442 3443 4227 4226 3414
3415 4199 4198 3416 4200 4228 3444 2495 2719
2727 2503 3417 4201 4229 3445 3416 4200 4228
3444 3418 4202 4230 3446 3417 4201 4229 3445
3419 4203 4231 3447 3418 4202 4230 3446 3420
4204 4232 3448 3419 4203 4231 3447 3421 4205
4233 3449 3420 4204 4232 3448 3422 4206 4234
3450 3421 4205 4233 3449 3423 4207 4235 3451
3422 4206 4234 3450 3424 4208 4236 3452 3423
4207 4235 3451 3425 4209 4237 3453 3424 4208
4236 3452 3426 4210 4238 3454 3425 4209 4237
3453 3427 4211 4239 3455 3426 4210 4238 3454
3428 4212 4240 3456 3427 4211 4239 3455 3429
4213 4241 3457 3428 4212 4240 3456 3430 4214
4242 3458 3429 4213 4241 3457 3431 4215 4243
3459 3430 4214 4242 3458 3432 4216 4244 3460
3431 4215 4243 3459 3433 4217 4245 3461 3432
4216 4244 3460 3434 4218 4246 3462 3433 4217
4245 3461 3435 4219 4247 3463 3434 4218 4246
3462 3436 4220 4248 3464 3435 4219 4247 3463
3437 4221 4249 3465 3436 4220 4248 3464 3438
4222 4250 3466 3437 4221 4249 3465 3439 4223
4251 3467 3438 4222 4250 3466 3440 4224 4252
3468 3439 4223 4251 3467 3441 4225 4253 3469
3440 4224 4252 3468 3442 4226 4254 3470 3441
4225 4253 3469 3470 3471 4255 4254 3442 3443
4227 4226 3444 4228 4256 3472 2503 2727 2735
2511 3445 4229 4257 3473 3444 4228 4256 3472
3446 4230 4258 3474 3445 4229 4257 3473 3447
4231 4259 3475 3446 4230 4258 3474 3448 4232
4260 3476 3447 4231 4259 3475 3449 4233 4261
3477 3448 4232 4260 3476 3450 4234 4262 3478
3449 4233 4261 3477 3451 4235 4263 3479 3450
4234 4262 3478 3452 4236 4264 3480 3451 4235
4263 3479 3453 4237 4265 3481 3452 4236 4264
3480 3454 4238 4266 3482 3453 4237 4265 3481
3455 4239 4267 3483 3454 4238 4266 3482 3456
4240 4268 3484 3455 4239 4267 3483 3457 4241
4269 3485 3456 4240 4268 3484 3458 4242 4270
3486 3457 4241 4269 3485 3459 4243 4271 3487
3458 4242 4270 3486 3460 4244 4272 3488 3459
4243 4271 3487 3461 4245 4273 3489 3460 4244
4272 3488 3462 4246 4274 3490 3461 4245 4273
3489 3463 4247 4275 3491 3462 4246 4274 3490
3464 4248 4276 3492 3463 4247 4275 3491 3465
4249 4277 3493 3464 4248 4276 3492 3466 4250
4278 3494 3465 4249 4277 3493 3467 4251 4279
3495 3466 4250 4278 3494 3468 4252 4280 3496
3467 4251 4279 3495 3469 4253 4281 3497 3468
4252 4280 3496 3470 4254 4282 3498 3469 4253
4281 3497 3498 3499 4283 4282 3470 3471 4255
4254 3472 4256 4284 3500 2511 2735 2743 2519
3473 4257 4285 3501 3472 4256 4284 3500 3474
4258 4286 3502 3473 4257 4285 3501 3475 4259
4287 3503 3474 4258 4286 3502 3476 4260 4288
3504 3475 4259 4287 3503 3477 4261 4289 3505
3476 4260 4288 3504 3478 4262 4290 3506 3477
4261 4289 3505 3479 4263 4291 3507 3478 4262
4290 3506 3480 4264 4292 3508 3479 4263 4291
3507 3481 4265 4293 3509 3480 4264 4292 3508
3482 4266 4294 3510 3481 4265 4293 3509 3483
4267 4295 3511 3482 4266 4294 3510 3484 4268
4296 3512 3483 4267 4295 3511 3485 4269 4297
3513 3484 4268 4296 3512 3486 4270 4298 3514
3485 4269 4297 3513 3487 4271 4299 3515 3486
4270 4298 3514 3488 4272 4300 3516 3487 4271
4299 3515 3489 4273 4301 3517 3488 4272 4300
3516 3490 4274 4302 3518 3489 4273 4301 3517
3491 4275 4303 3519 3490 4274 4302 3518 3492
4276 4304 3520 3491 4275 4303 3519 3493 4277
4305 3521 3492 4276 4304 3520 3494 4278 4306
3522 3493 4277 4305 3521 3495 4279 4307 3523
3494 4278 4306 3522 3496 4280 4308 3524 3495
4279 4307 3523 3497 4281 4309 3525 3496 4280
4308 3524 3498 4282 4310 3526 3497 4281 4309
3525 3499 4283 4311 3527 3498 4282 4310 3526
        </DataArray>
        <DataArray type='Int32' Name='offsets' format='ascii'>
8 16 24 32 40 48 56 64 72
80 88 96 104 112 120 128 136 144
152 160 168 176 184 192 200 208 216
224 232 240 248 256 264 272 280 288
296 304 312 320 328 336 344 352 360
368 376 384 392 400 408 416 424 432
440 448 456 464 472 480 488 496 504
512 520 528 536 544 552 560 568 576
584 592 600 608 616 624 632 640 648
656 664 672 680 688 696 704 712 720
728 736 744 752 760 768 776 784 792
800 808 816 824 832 840 848 856 864
872 880 888 896 904 912 920 928 936
944 952 960 968 976 984 992 1000 1008
1016 1024 1032 1040 1048 1056 1064 1072 1080
1088 1096 1104 1112 1120 1128 1136 1144 1152
1160 1168 1176 1184 1192 1200 1208 1216 1224
1232 1240 1248 1256 1264 1272 1280 1288 1296
1304 1312 1320 1328 1336 1344 1352 1360 1368
1376 1384 1392 1400 1408 1416 1424 1432 1440
1448 1456 1464 1472 1480 1488 1496 1504 1512
1520 1528 1536 1544 1552 1560 1568 1576 1584
1592 1600 1608 1616 1624 1632 1640 1648 1656
1664 1672 1680 1688 1696 1704 1712 1720 1728
1736 1744 1752 1760 1768 1776 1784 1792 1800
1808 1816 1824 1832 1840 1848 1856 1864 1872
1880 1888 1896 1904 1912 1920 1928 1936 1944
1952 1960 1968 1976 1984 1992 2000 2008 2016
2024 2032 2040 2048 2056 2064 2072 2080 2088
2096 2104 2112 2120 2128 2136 2144 2152 2160
2168 2176 2184 2192 2200 2208 2216 2224 2232
2240 2248 2256 2264 2272 2280 2288 2296 2304
2312 2320 2328 2336 2344 2352 2360 2368 2376
2384 2392 2400 2408 2416 2424 2432 2440 2448
2456 2464 2472 2480 2488 2496 2504 2512 2520
2528 2536 2544 2552 2560 2568 2576 2584 2592
2600 2608 2616 2624 2632 2640 2648 2656 2664
2672 2680 2688 2696 2704 2712 2720 2728 2736
2744 2752 2760 2768 2776 2784 2792 2800 2808
2816 2824 2832 2840 2848 2856 2864 2872 2880
2888 2896 2904 2912 2920 2928 2936 2944 2952
2960 2968 2976 2984 2992 3000 3008 3016 3024
3032 3040 3048 3056 3064 3072 3080 3088 3096
3104 3112 3120 3128 3136 3144 3152 3160 3168
3176 3184 3192 3200 3208 3216 3224 3232 3240
3248 3256 3264 3272 3280 3288 3296 3304 3312
3320 3328 3336 3344 3352 3360 3368 3376 3384
3392 3400 3408 3416 3424 3432 3440 3448 3456
3464 3472 3480 3488 3496 3504 3512 3520 3528
3536 3544 3552 3560 3568 3576 3584 3592 3600
3608 3616 3624 3632 3640 3648 3656 3664 3672
3680 3688 3696 3704 3712 3720 3728 3736 3744
3752 3760 3768 3776 3784 3792 3800 3808 3816
3824 3832 3840 3848 3856 3864 3872 3880 3888
3896 3904 3912 3920 3928 3936 3944 3952 3960
3968 3976 3984 3992 4000 4008 4016 4024 4032
4040 4048 4056 4064 4072 4080 4088 4096 4104
4112 4120 4128 4136 4144 4152 4160 4168 4176
4184 4192 4200 4208 4216 4224 4232 4240 4248
4256 4264 4272 4280 4288 4296 4304 4312 4320
4328 4336 4344 4352 4360 4368 4376 4384 4392
4400 4408 4416 4424 4432 4440 4448 4456 4464
4472 4480 4488 4496 4504 4512 4520 4528 4536
4544 4552 4560 4568 4576 4584 4592 4600 4608
4616 4624 4632 4640 4648 4656 4664 4672 4680
4688 4696 4704 4712 4720 4728 4736 4744 4752
4760 4768 4776 4784 4792 4800 4808 4816 4824
4832 4840 4848 4856 4864 4872 4880 4888 4896
4904 4912 4920 4928 4936 4944 4952 4960 4968
4976 4984 4992 5000 5008 5016 5024 5032 5040
5048 5056 5064 5072 5080 5088 5096 5104 5112
5120 5128 5136 5144 5152 5160 5168 5176 5184
5192 5200 5208 5216 5224 5232 5240 5248 5256
5264 5272 5280 5288 5296 5304 5312 5320 5328
5336 5344 5352 5360 5368 5376 5384 5392 5400
5408 5416 5424 5432 5440 5448 5456 5464 5472
5480 5488 5496 5504 5512 5520 5528 5536 5544
5552 5560 5568 5576 5584 5592 5600 5608 5616
5624 5632 5640 5648 5656 5664 5672 5680 5688
5696 5704 5712 5720 5728 5736 5744 5752 5760
5768 5776 5784 5792 5800 5808 5816 5824 5832
5840 5848 5856 5864 5872 5880 5888 5896 5904
5912 5920 5928 5936 5944 5952 5960 5968 5976
5984 5992 6000 6008 6016 6024 6032 6040 6048
6056 6064 6072 6080 6088 6096 6104 6112 6120
6128 6136 6144 6152 6160 6168 6176 6184 6192
6200 6208 6216 6224 6232 6240 6248 6256 6264
6272 6280 6288 6296 6304 6312 6320 6328 6336
6344 6352 6360 6368 6376 6384 6392 6400 6408
6416 6424 6432 6440 6448 6456 6464 6472 6480
6488 6496 6504 6512 6520 6528 6536 6544 6552
6560 6568 6576 6584 6592 6600 6608 6616 6624
6632 6640 6648 6656 6664 6672 6680 6688 6696
6704 6712 6720 6728 6736 6744 6752 6760 6768
6776 6784 6792 6800 6808 6816 6824 6832 6840
6848 6856 6864 6872 6880 6888 6896 6904 6912
6920 6928 6936 6944 6952 6960 6968 6976 6984
6992 7000 7008 7016 7024 7032 7040 7048 7056
7064 7072 7080 7088 7096 7104 7112 7120 7128
7136 7144 7152 7160 7168 7176 7184 7192 7200
7208 7216 7224 7232 7240 7248 7256 7264 7272
7280 7288 7296 7304 7312 7320 7328 7336 7344
7352 7360 7368 7376 7384 7392 7400 7408 7416
7424 7432 7440 7448 7456 7464 7472 7480 7488
7496 7504 7512 7520 7528 7536 7544 7552 7560
7568 7576 7584 7592 7600 7608 7616 7624 7632
7640 7648 7656 7664 7672 7680 7688 7696 7704
7712 7720 7728 7736 7744 7752 7760 7768 7776
7784 7792 7800 7808 7816 7824 7832 7840 7848
7856 7864 7872 7880 7888 7896 7904 7912 7920
7928 7936 7944 7952 7960 7968 7976 7984 7992
8000 8008 8016 8024 8032 8040 8048 8056 8064
8072 8080 8088 8096 8104 8112 8120 8128 8136
8144 8152 8160 8168 8176 8184 8192 8200 8208
8216 8224 8232 8240 8248 8256 8264 8272 8280
8288 8296 8304 8312 8320 8328 8336 8344 8352
8360 8368 8376 8384 8392 8400 8408 8416 8424
8432 8440 8448 8456 8464 8472 8480 8488 8496
8504 8512 8520 8528 8536 8544 8552 8560 8568
8576 8584 8592 8600 8608 8616 8624 8632 8640
8648 8656 8664 8672 8680 8688 8696 8704 8712
8720 8728 8736 8744 8752 8760 8768 8776 8784
8792 8800 8808 8816 8824 8832 8840 8848 8856
8864 8872 8880 8888 8896 8904 8912 8920 8928
8936 8944 8952 8960 8968 8976 8984 8992 9000
9008 9016 9024 9032 9040 9048 9056 9064 9072
9080 9088 9096 9104 9112 9120 9128 9136 9144
9152 9160 9168 9176 9184 9192 9200 9208 9216
9224 9232 9240 9248 9256 9264 9272 9280 9288
9296 9304 9312 9320 9328 9336 9344 9352 9360
9368 9376 9384 9392 9400 9408 9416 9424 9432
9440 9448 9456 9464 9472 9480 9488 9496 9504
9512 9520 9528 9536 9544 9552 9560 9568 9576
9584 9592 9600 9608 9616 9624 9632 9640 9648
9656 9664 9672 9680 9688 9696 9704 9712 9720
9728 9736 9744 9752 9760 9768 9776 9784 9792
9800 9808 9816 9824 9832 9840 9848 9856 9864
9872 9880 9888 9896 9904 9912 9920 9928 9936
9944 9952 9960 9968 9976 9984 9992 10000 10008
10016 10024 10032 10040 10048 10056 10064 10072 10080
10088 10096 10104 10112 10120 10128 10136 10144 10152
10160 10168 10176 10184 10192 10200 10208 10216 10224
10232 10240 10248 10256 10264 10272 10280 10288 10296
10304 10312 10320 10328 10336 10344 10352 10360 10368
10376 10384 10392 10400 10408 10416 10424 10432 10440
10448 10456 10464 10472 10480 10488 10496 10504 10512
10520 10528 10536 10544 10552 10560 10568 10576 10584
10592 10600 10608 10616 10624 10632 10640 10648 10656
10664 10672 10680 10688 10696 10704 10712 10720 10728
10736 10744 10752 10760 10768 10776 10784 10792 10800
10808 10816 10824 10832 10840 10848 10856 10864 10872
10880 10888 10896 10904 10912 10920 10928 10936 10944
10952 10960 10968 10976 10984 10992 11000 11008 11016
11024 11032 11040 11048 11056 11064 11072 11080 11088
11096 11104 11112 11120 11128 11136 11144 11152 11160
11168 11176 11184 11192 11200 11208 11216 11224 11232
11240 11248 11256 11264 11272 11280 11288 11296 11304
11312 11320 11328 11336 11344 11352 11360 11368 11376
11384 11392 11400 11408 11416 11424 11432 11440 11448
11456 11464 11472 11480 11488 11496 11504 11512 11520
11528 11536 11544 11552 11560 11568 11576 11584 11592
11600 11608 11616 11624 11632 11640 11648 11656 11664
11672 11680 11688 11696 11704 11712 11720 11728 11736
11744 11752 11760 11768 11776 11784 11792 11800 11808
11816 11824 11832 11840 11848 11856 11864 11872 11880
11888 11896 11904 11912 11920 11928 11936 11944 11952
11960 11968 11976 11984 11992 12000 12008 12016 12024
12032 12040 12048 12056 12064 12072 12080 12088 12096
12104 12112 12120 12128 12136 12144 12152 12160 12168
12176 12184 12192 12200 12208 12216 12224 12232 12240
12248 12256 12264 12272 12280 12288 12296 12304 12312
12320 12328 12336 12344 12352 12360 12368 12376 12384
12392 12400 12408 12416 12424 12432 12440 12448 12456
12464 12472 12480 12488 12496 12504 12512 12520 12528
12536 12544 12552 12560 12568 12576 12584 12592 12600
12608 12616 12624 12632 12640 12648 12656 12664 12672
12680 12688 12696 12704 12712 12720 12728 12736 12744
12752 12760 12768 12776 12784 12792 12800 12808 12816
12824 12832 12840 12848 12856 12864 12872 12880 12888
12896 12904 12912 12920 12928 12936 12944 12952 12960
12968 12976 12984 12992 13000 13008 13016 13024 13032
13040 13048 13056 13064 13072 13080 13088 13096 13104
13112 13120 13128 13136 13144 13152 13160 13168 13176
13184 13192 13200 13208 13216 13224 13232 13240 13248
13256 13264 13272 13280 13288 13296 13304 13312 13320
13328 13336 13344 13352 13360 13368 13376 13384 13392
13400 13408 13416 13424 13432 13440 13448 13456 13464
13472 13480 13488 13496 13504 13512 13520 13528 13536
13544 13552 13560 13568 13576 13584 13592 13600 13608
13616 13624 13632 13640 13648 13656 13664 13672 13680
13688 13696 13704 13712 13720 13728 13736 13744 13752
13760 13768 13776 13784 13792 13800 13808 13816 13824
13832 13840 13848 13856 13864 13872 13880 13888 13896
13904 13912 13920 13928 13936 13944 13952 13960 13968
13976 13984 13992 14000 14008 14016 14024 14032 14040
14048 14056 14064 14072 14080 14088 14096 14104 14112
14120 14128 14136 14144 14152 14160 14168 14176 14184
14192 14200 14208 14216 14224 14232 14240 14248 14256
14264 14272 14280 14288 14296 14304 14312 14320 14328
14336 14344 14352 14360 14368 14376 14384 14392 14400
14408 14416 14424 14432 14440 14448 14456 14464 14472
14480 14488 14496 14504 14512 14520 14528 14536 14544
14552 14560 14568 14576 14584 14592 14600 14608 14616
14624 14632 14640 14648 14656 14664 14672 14680 14688
14696 14704 14712 14720 14728 14736 14744 14752 14760
14768 14776 14784 14792 14800 14808 14816 14824 14832
14840 14848 14856 14864 14872 14880 14888 14896 14904
14912 14920 14928 14936 14944 14952 14960 14968 14976
14984 14992 15000 15008 15016 15024 15032 15040 15048
15056 15064 15072 15080 15088 15096 15104 15112 15120
15128 15136 15144 15152 15160 15168 15176 15184 15192
15200 15208 15216 15224 15232 15240 15248 15256 15264
15272 15280 15288 15296 15304 15312 15320 15328 15336
15344 15352 15360 15368 15376 15384 15392 15400 15408
15416 15424 15432 15440 15448 15456 15464 15472 15480
15488 15496 15504 15512 15520 15528 15536 15544 15552
15560 15568 15576 15584 15592 15600 15608 15616 15624
15632 15640 15648 15656 15664 15672 15680 15688 15696
15704 15712 15720 15728 15736 15744 15752 15760 15768
15776 15784 15792 15800 15808 15816 15824 15832 15840
15848 15856 15864 15872 15880 15888 15896 15904 15912
15920 15928 15936 15944 15952 15960 15968 15976 15984
15992 16000 16008 16016 16024 16032 16040 16048 16056
16064 16072 16080 16088 16096 16104 16112 16120 16128
16136 16144 16152 16160 16168 16176 16184 16192 16200
16208 16216 16224 16232 16240 16248 16256 16264 16272
16280 16288 16296 16304 16312 16320 16328 16336 16344
16352 16360 16368 16376 16384 16392 16400 16408 16416
        </DataArray>
        <DataArray type='UInt8' Name='types' format='ascii'>
12 12 12 12 12 12 12 12 12
12 12 12 12 12 12 12 12 12
12 12 12 12 12 12 12 12 12
12 12 12 12 12 12 12 12 12
12 12 12 12 12 12 12 12 12
12 12 12 12 12 12 12 12 12
12 12 12 12 12 12 12 12 12
12 12 12 12 12 12 12 12 12
12 12 12 12 12 12 12 12 12
12 12 12 12 12 12 12 12 12
12 12 12 12 12 12 12 12 12
12 12 12 12 12 12 12 12 12
12 12 12 12 12 12 12 12 12
12 12 12 12 12 12 12 12 12
12 12 12 12 12 12 12 12 12
12 12 12 12 12 12 12 12 12
12 12 12 12 12 12 12 12 12
12 12 12 12 12 12 12 12 12
12 12 12 12 12 12 12 12 12
12 12 12 12 12 12 12 12 12
12 12 12 12 12 12 12 12 12
12 12 12 12 12 12 12 12 12
12 12 12 12 12 12 12 12 12
12 12 12 12 12 12 12 12 12
12 12 12 12 12 12 12 12 12
12 12 12 12 12 12 12 12 12
12 12 12 12 12 12 12 12 12
12 12 12 12 12 12 12 12 12
12 12 12 12 12 12 12 12 12
12 12 12 12 12 12 12 12 12
12 12 12 12 12 12 12 12 12
12 12 12 12 12 12 12 12 12
12 12 12 12 12 12 12 12 12
12 12 12 12 12 12 12 12 12
12 12 12 12 12 12 12 12 12
12 12 12 12 12 12 12 12 12
12 12 12 12 12 12 12 12 12
12 12 12 12 12 12 12 12 12
12 12 12 12 12 12 12 12 12
12 12 12 12 12 12 12 12 12
12 12 12 12 12 12 12 12 12
12 12 12 12 12 12 12 12 12
12 12 12 12 12 12 12 12 12
12 12 12 12 12 12 12 12 12
12 12 12 12 12 12 12 12 12
12 12 12 12 12 12 12 12 12
12 12 12 12 12 12 12 12 12
12 12 12 12 12 12 12 12 12
12 12 12 12 12 12 12 12 12
12 12 12 12 12 12 12 12 12
12 12 12 12 12 12 12 12 12
12 12 12 12 12 12 12 12 12
12 12 12 12 12 12 12 12 12
12 12 12 12 12 12 12 12 12
12 12 12 12 12 12 12 12 12
12 12 12 12 12 12 12 12 12
12 12 12 12 12 12 12 12 12
12 12 12 12 12 12 12 12 12
12 12 12 12 12 12 12 12 12
12 12 12 12 12 12 12 12 12
12 12 12 12 12 12 12 12 12
12 12 12 12 12 12 12 12 12
12 12 12 12 12 12 12 12 12
12 12 12 12 12 12 12 12 12
12 12 12 12 12 12 12 12 12
12 12 12 12 12 12 12 12 12
12 12 12 12 12 12 12 12 12
12 12 12 12 12 12 12 12 12
12 12 12 12 12 12 12 12 12
12 12 12 12 12 12 12 12 12
12 12 12 12 12 12 12 12 12
12 12 12 12 12 12 12 12 12
12 12 12 12 12 12 12 12 12
12 12 12 12 12 12 12 12 12
12 12 12 12 12 12 12 12 12
12 12 12 12 12 12 12 12 12
12 12 12 12 12 12 12 12 12
12 12 12 12 12 12 12 12 12
12 12 12 12 12 12 12 12 12
12 12 12 12 12 12 12 12 12
12 12 12 12 12 12 12 12 12
12 12 12 12 12 12 12 12 12
12 12 12 12 12 12 12 12 12
12 12 12 12 12 12 12 12 12
12 12 12 12 12 12 12 12 12
12 12 12 12 12 12 12 12 12
12 12 12 12 12 12 12 12 12
12 12 12 12 12 12 12 12 12
12 12 12 12 12 12 12 12 12
12 12 12 12 12 12 12 12 12
12 12 12 12 12 12 12 12 12
12 12 12 12 12 12 12 12 12
12 12 12 12 12 12 12 12 12
12 12 12 12 12 12 12 12 12
12 12 12 12 12 12 12 12 12
12 12 12 12 12 12 12 12 12
12 12 12 12 12 12 12 12 12
12 12 12 12 12 12 12 12 12
12 12 12 12 12 12 12 12 12
12 12 12 12 12 12 12 12 12
12 12 12 12 12 12 12 12 12
12 12 12 12 12 12 12 12 12
12 12 12 12 12 12 12 12 12
12 12 12 12 12 12 12 12 12
12 12 12 12 12 12 12 12 12
12 12 12 12 12 12 12 12 12
12 12 12 12 12 12 12 12 12
12 12 12 12 12 12 12 12 12
12 12 12 12 12 12 12 12 12
12 12 12 12 12 12 12 12 12
12 12 12 12 12 12 12 12 12
12 12 12 12 12 12 12 12 12
12 12 12 12 12 12 12 12 12
12 12 12 12 12 12 12 12 12
12 12 12 12 12 12 12 12 12
12 12 12 12 12 12 12 12 12
12 12 12 12 12 12 12 12 12
12 12 12 12 12 12 12 12 12
12 12 12 12 12 12 12 12 12
12 12 12 12 12 12 12 12 12
12 12 12 12 12 12 12 12 12
12 12 12 12 12 12 12 12 12
12 12 12 12 12 12 12 12 12
12 12 12 12 12 12 12 12 12
12 12 12 12 12 12 12 12 12
12 12 12 12 12 12 12 12 12
12 12 12 12 12 12 12 12 12
12 12 12 12 12 12 12 12 12
12 12 12 12 12 12 12 12 12
12 12 12 12 12 12 12 12 12
12 12 12 12 12 12 12 12 12
12 12 12 12 12 12 12 12 12
12 12 12 12 12 12 12 12 12
12 12 12 12 12 12 12 12 12
12 12 12 12 12 12 12 12 12
12 12 12 12 12 12 12 12 12
12 12 12 12 12 12 12 12 12
12 12 12 12 12 12 12 12 12
12 12 12 12 12 12 12 12 12
12 12 12 12 12 12 12 12 12
12 12 12 12 12 12 12 12 12
12 12 12 12 12 12 12 12 12
12 12 12 12 12 12 12 12 12
12 12 12 12 12 12 12 12 12
12 12 12 12 12 12 12 12 12
12 12 12 12 12 12 12 12 12
12 12 12 12 12 12 12 12 12
12 12 12 12 12 12 12 12 12
12 12 12 12 12 12 12 12 12
12 12 12 12 12 12 12 12 12
12 12 12 12 12 12 12 12 12
12 12 12 12 12 12 12 12 12
12 12 12 12 12 12 12 12 12
12 12 12 12 12 12 12 12 12
12 12 12 12 12 12 12 12 12
12 12 12 12 12 12 12 12 12
12 12 12 12 12 12 12 12 12
12 12 12 12 12 12 12 12 12
12 12 12 12 12 12 12 12 12
12 12 12 12 12 12 12 12 12
12 12 12 12 12 12 12 12 12
12 12 12 12 12 12 12 12 12
12 12 12 12 12 12 12 12 12
12 12 12 12 12 12 12 12 12
12 12 12 12 12 12 12 12 12
12 12 12 12 12 12 12 12 12
12 12 12 12 12 12 12 12 12
12 12 12 12 12 12 12 12 12
12 12 12 12 12 12 12 12 12
12 12 12 12 12 12 12 12 12
12 12 12 12 12 12 12 12 12
12 12 12 12 12 12 12 12 12
12 12 12 12 12 12 12 12 12
12 12 12 12 12 12 12 12 12
12 12 12 12 12 12 12 12 12
12 12 12 12 12 12 12 12 12
12 12 12 12 12 12 12 12 12
12 12 12 12 12 12 12 12 12
12 12 12 12 12 12 12 12 12
12 12 12 12 12 12 12 12 12
12 12 12 12 12 12 12 12 12
12 12 12 12 12 12 12 12 12
12 12 12 12 12 12 12 12 12
12 12 12 12 12 12 12 12 12
12 12 12 12 12 12 12 12 12
12 12 12 12 12 12 12 12 12
12 12 12 12 12 12 12 12 12
12 12 12 12 12 12 12 12 12
12 12 12 12 12 12 12 12 12
12 12 12 12 12 12 12 12 12
12 12 12 12 12 12 12 12 12
12 12 12 12 12 12 12 12 12
12 12 12 12 12 12 12 12 12
12 12 12 12 12 12 12 12 12
12 12 12 12 12 12 12 12 12
12 12 12 12 12 12 12 12 12
12 12 12 12 12 12 12 12 12
12 12 12 12 12 12 12 12 12
12 12 12 12 12 12 12 12 12
12 12 12 12 12 12 12 12 12
12 12 12 12 12 12 12 12 12
12 12 12 12 12 12 12 12 12
12 12 12 12 12 12 12 12 12
12 12 12 12 12 12 12 12 12
12 12 12 12 12 12 12 12 12
12 12 12 12 12 12 12 12 12
12 12 12 12 12 12 12 12 12
12 12 12 12 12 12 12 12 12
12 12 12 12 12 12 12 12 12
12 12 12 12 12 12 12 12 12
12 12 12 12 12 12 12 12 12
12 12 12 12 12 12 12 12 12
12 12 12 12 12 12 12 12 12
12 12 12 12 12 12 12 12 12
12 12 12 12 12 12 12 12 12
12 12 12 12 12 12 12 12 12
12 12 12 12 12 12 12 12 12
12 12 12 12 12 12 12 12 12
12 12 12 12 12 12 12 12 12
12 12 12 12 12 12 12 12 12
12 12 12 12 12 12 12 12 12
12 12 12 12 12 12 12 12 12
12 12 12 12 12 12 12 12 12
12 12 12 12 12 12 12 12 12
12 12 12 12 12 12 12 12 12
12 12 12 12 12 12 12 12 12
12 12 12 12 12 12 12 12 12
12 12 12 12 12 12 12 12 12
        </DataArray>
      </Cells>
      <CellData>
        <DataArray type='Float32' Name='p' format='ascii'>
7.98753 7.40958 7.11836 6.97471 6.85919 6.78166 6.7468 6.73487 6.72768
6.71762 6.70351 6.68599 6.667 6.64525 7.78898 7.37948 7.12345 6.98318
6.86932 6.79068 6.75339 6.7393 6.73057 6.7195 6.70478 6.68689 6.66769
6.64566 7.66979 7.3835 7.1403 6.99834 6.8903 6.81178 6.76915 6.7491
6.73596 6.7222 6.70605 6.68753 6.66796 6.64584 7.58589 7.37298 7.14554
7.00591 6.90526 6.82911 6.78324 6.75873 6.742 6.7258 6.70812 6.68871
6.66851 6.64634 7.51477 7.35025 7.14597 7.01177 6.91698 6.8432 6.79521
6.76727 6.74762 6.72929 6.71019 6.68989 6.66902 6.64674 7.45452 7.32621
7.14618 7.01748 6.92677 6.85523 6.80581 6.77497 6.75275 6.73254 6.71215
6.69104 6.66953 6.64697 7.40357 7.30227 7.14438 7.02167 6.93454 6.86546
6.81526 6.78202 6.75755 6.73566 6.71409 6.69218 6.67005 6.6471 7.36011
7.2788 7.14061 7.0247 6.94099 6.87431 6.82378 6.78857 6.76211 6.73869
6.71601 6.69333 6.67058 6.64721 7.32271 7.25642 7.13555 7.02688 6.94637
6.88191 6.83138 6.7946 6.76639 6.7416 6.71789 6.69447 6.67112 6.64733
7.29033 7.23547 7.1296 7.02824 6.95081 6.88839 6.83812 6.80012 6.7704
6.74437 6.71971 6.69559 6.67168 6.64746 7.26214 7.21609 7.12307 7.02885
6.95444 6.89392 6.8441 6.80517 6.77415 6.747 6.72148 6.69669 6.67223
6.64761 7.23749 7.19831 7.11623 7.02885 6.95741 6.89865 6.84937 6.80976
6.77762 6.74948 6.72316 6.69775 6.67279 6.64778 7.21587 7.18212 7.10933
7.02833 6.9598 6.90268 6.85401 6.81391 6.78083 6.7518 6.72477 6.69878
6.67334 6.64796 7.19687 7.16746 7.10252 7.02741 6.9617 6.90611 6.85808
6.81766 6.78379 6.75397 6.72628 6.69976 6.67388 6.64816 7.18016 7.15424
7.09594 7.02618 6.96319 6.90902 6.86163 6.82102 6.7865 6.75598 6.7277
6.70069 6.67441 6.64836 7.16546 7.14238 7.08969 7.02475 6.96433 6.91148
6.86473 6.82402 6.78896 6.75783 6.72901 6.70156 6.67491 6.64856 7.15257
7.13181 7.08384 7.02319 6.96517 6.91357 6.86741 6.82668 6.79118 6.75952
6.73023 6.70237 6.67538 6.64876 7.1413 7.12244 7.07846 7.02158 6.96578
6.91531 6.86972 6.82903 6.79317 6.76105 6.73134 6.70312 6.67582 6.64896
7.1315 7.11421 7.07356 7.01998 6.96619 6.91677 6.87171 6.83108 6.79494
6.76242 6.73234 6.7038 6.67623 6.64915 7.12305 7.10704 7.06918 7.01844
6.96646 6.91798 6.87339 6.83285 6.79648 6.76363 6.73323 6.70441 6.6766
6.64932 7.11585 7.10089 7.06533 7.01701 6.96661 6.91898 6.87481 6.83436
6.79782 6.76469 6.73401 6.70495 6.67693 6.64948 7.10981 7.0957 7.06202
7.01572 6.96668 6.91978 6.87598 6.83562 6.79896 6.7656 6.73468 6.70541
6.67722 6.64963 7.10487 7.09144 7.05926 7.0146 6.9667 6.92041 6.87692
6.83666 6.7999 6.76635 6.73524 6.7058 6.67746 6.64975 7.10099 7.08807
7.05705 7.01368 6.96669 6.9209 6.87766 6.83747 6.80064 6.76695 6.73569
6.70612 6.67766 6.64985 7.0981 7.08557 7.05539 7.01298 6.96667 6.92125
6.87821 6.83807 6.80119 6.7674 6.73602 6.70635 6.67781 6.64993 7.0962
7.08392 7.05429 7.0125 6.96665 6.92148 6.87856 6.83847 6.80156 6.76769
6.73625 6.70651 6.6779 6.64998 7.09523 7.0831 7.05374 7.01226 6.96664
6.9216 6.87874 6.83867 6.80175 6.76784 6.73636 6.70659 6.67795 6.65
6.63165 6.60148 6.56915 6.53889 6.50944 6.48058 6.45273 6.42607 6.40062
6.3765 6.35402 6.33356 6.3159 6.30143 6.29313 6.28692 6.30332 6.29159
6.63189 6.60162 6.5693 6.53908 6.50967 6.48082 6.45296 6.42627 6.4008
6.37665 6.35413 6.33362 6.3159 6.30136 6.293 6.28656 6.30323 6.2896
6.63085 6.60102 6.56911 6.53912 6.50986 6.48106 6.45317 6.42642 6.40084
6.37655 6.35384 6.33308 6.31502 6.30004 6.29096 6.28371 6.29882 6.28139
6.62905 6.6002 6.56888 6.53906 6.50995 6.48121 6.45328 6.4264 6.40062
6.37605 6.35294 6.33162 6.31277 6.29672 6.28594 6.27672 6.28693 6.26518
6.62717 6.59939 6.56869 6.539 6.51002 6.48136 6.45337 6.42633 6.40028
6.3753 6.35161 6.32948 6.30946 6.29177 6.27844 6.26606 6.26871 6.24267
6.62567 6.59865 6.56851 6.53895 6.51007 6.48147 6.45342 6.42619 6.39983
6.3744 6.35005 6.32697 6.30557 6.28593 6.26955 6.25326 6.24704 6.2163
6.62457 6.59795 6.56832 6.53889 6.51008 6.48153 6.45342 6.426 6.39934
6.37344 6.3484 6.32433 6.30149 6.2798 6.2602 6.23974 6.22457 6.18841
6.62378 6.59732 6.56812 6.53883 6.51007 6.48155 6.45337 6.42577 6.3988
6.37243 6.34671 6.32165 6.29737 6.27362 6.25084 6.22623 6.20272 6.16057
6.6232 6.59676 6.56791 6.53876 6.51004 6.48153 6.45328 6.4255 6.39822
6.37139 6.34499 6.31895 6.29325 6.26749 6.24163 6.21299 6.18196 6.1336
6.62278 6.59627 6.56771 6.53869 6.50999 6.48148 6.45316 6.42519 6.39761
6.37033 6.34325 6.31625 6.28916 6.26143 6.23261 6.20007 6.16236 6.10787
6.62248 6.59587 6.56751 6.53862 6.50994 6.48141 6.45301 6.42487 6.39698
6.36924 6.34151 6.31357 6.28512 6.25548 6.22383 6.18756 6.1439 6.08359
6.62226 6.59553 6.56732 6.53854 6.50987 6.48132 6.45285 6.42452 6.39633
6.36815 6.33979 6.31093 6.28117 6.24968 6.21533 6.17552 6.12656 6.06086
6.62211 6.59525 6.56714 6.53846 6.5098 6.48122 6.45266 6.42416 6.39568
6.36708 6.33809 6.30835 6.27732 6.24406 6.20718 6.16404 6.11036 6.03973
6.62201 6.59502 6.56698 6.53837 6.50973 6.48111 6.45246 6.42379 6.39504
6.36602 6.33644 6.30585 6.27361 6.23866 6.1994 6.15316 6.09528 6.02022
6.62196 6.59484 6.56684 6.53829 6.50965 6.48099 6.45226 6.42342 6.3944
6.36499 6.33484 6.30345 6.27006 6.23351 6.19204 6.14293 6.08133 6.00231
6.62193 6.5947 6.56671 6.53821 6.50957 6.48087 6.45205 6.42306 6.39379
6.36401 6.33332 6.30116 6.26668 6.22865 6.18514 6.13341 6.0685 5.98598
6.62193 6.59459 6.5666 6.53814 6.50949 6.48075 6.45184 6.42271 6.39321
6.36307 6.33187 6.29899 6.26351 6.2241 6.17872 6.12461 6.05678 5.97118
6.62195 6.5945 6.5665 6.53806 6.50941 6.48063 6.45165 6.42237 6.39265
6.36219 6.33052 6.29698 6.26057 6.21989 6.17283 6.11657 6.04616 5.95787
6.62198 6.59443 6.56642 6.538 6.50934 6.48051 6.45146 6.42206 6.39214
6.36137 6.32928 6.29512 6.25787 6.21605 6.16746 6.10929 6.03664 5.94602
6.62201 6.59438 6.56635 6.53793 6.50927 6.48041 6.45128 6.42177 6.39166
6.36063 6.32814 6.29344 6.25543 6.21259 6.16265 6.1028 6.0282 5.93558
6.62205 6.59434 6.56629 6.53788 6.5092 6.48031 6.45112 6.42151 6.39124
6.35996 6.32713 6.29194 6.25327 6.20953 6.15842 6.0971 6.02083 5.92653
6.62209 6.59431 6.56624 6.53783 6.50915 6.48022 6.45098 6.42128 6.39087
6.35938 6.32625 6.29064 6.25139 6.20688 6.15476 6.0922 6.01453 5.91883
6.62212 6.5943 6.5662 6.53779 6.5091 6.48015 6.45086 6.42108 6.39055
6.35889 6.3255 6.28955 6.24981 6.20465 6.1517 6.08811 6.0093 5.91245
6.62215 6.59428 6.56617 6.53776 6.50906 6.48009 6.45076 6.42092 6.39029
6.35849 6.3249 6.28866 6.24854 6.20286 6.14924 6.08484 6.00512 5.90737
6.62218 6.59427 6.56615 6.53773 6.50903 6.48004 6.45069 6.4208 6.3901
6.35819 6.32444 6.28799 6.24758 6.20151 6.14739 6.08238 6.00199 5.90358
6.62219 6.59427 6.56613 6.53771 6.50901 6.48001 6.45064 6.42071 6.38997
6.35798 6.32414 6.28754 6.24693 6.2006 6.14615 6.08074 5.99991 5.90107
6.6222 6.59426 6.56613 6.53771 6.509 6.48 6.45061 6.42067 6.3899
6.35788 6.32398 6.28732 6.24661 6.20015 6.14553 6.07991 5.99885 5.89982
6.38263 6.37231 6.34683 6.32049 6.28773 6.24526 6.19408 6.13824 6.39352
6.3605 6.32709 6.30344 6.27204 6.22851 6.1764 6.12161 6.39094 6.33273
6.28922 6.26951 6.24174 6.19905 6.14793 6.09522 6.36037 6.29609 6.2477
6.22729 6.20043 6.15845 6.10848 6.05699 6.30563 6.25127 6.20418 6.17938
6.15098 6.1102 6.06225 6.0121 6.24192 6.20202 6.16029 6.13131 6.10073
6.06129 6.01561 5.96693 6.18266 6.15302 6.11696 6.0857 6.05339 6.01504
5.97144 5.92444 6.13285 6.10741 6.07536 6.04366 6.01052 5.97302 5.93116
5.88589 6.09168 6.06655 6.03664 6.00542 5.97213 5.93526 5.89474 5.85103
6.05677 6.03048 6.0014 5.97078 5.93765 5.90131 5.86183 5.81943 6.02625
5.99862 5.96966 5.93946 5.9066 5.87071 5.83205 5.79072 5.999 5.9703
5.94118 5.91119 5.87859 5.84309 5.80508 5.76464 5.97445 5.94497 5.91562
5.8857 5.8533 5.81814 5.78068 5.74097 5.95228 5.92224 5.89267 5.86276
5.8305 5.79563 5.75862 5.71954 5.93226 5.90182 5.87207 5.84213 5.80997
5.77535 5.73873 5.70019 5.91422 5.8835 5.85361 5.82362 5.79154 5.75714
5.72087 5.6828 5.89803 5.86711 5.83711 5.80708 5.77507 5.74086 5.7049
5.66725 5.88357 5.85251 5.82244 5.79238 5.76044 5.72641 5.69072 5.65343
5.87077 5.83962 5.8095 5.77942 5.74755 5.71367 5.67821 5.64124 5.85956
5.82834 5.7982 5.76811 5.73629 5.70255 5.6673 5.6306 5.84987 5.81862
5.78846 5.75837 5.7266 5.69298 5.65791 5.62144 5.84166 5.81039 5.78022
5.75013 5.71841 5.68489 5.64996 5.61369 5.83488 5.80359 5.77343 5.74334
5.71166 5.67822 5.64342 5.60731 5.8295 5.79821 5.76804 5.73796 5.70631
5.67294 5.63823 5.60225 5.82547 5.79418 5.76403 5.73395 5.70233 5.669
5.63437 5.59848 5.82279 5.79151 5.76136 5.73129 5.69968 5.66639 5.63181
5.59598 5.82145 5.79021 5.76006 5.72998 5.69837 5.66509 5.63052 5.59472
5.99739 5.79038 5.56563 5.31823 5.05259 4.7725 4.45474 4.14376 5.9825
5.77488 5.55023 5.30306 5.03782 4.7581 4.44242 4.13476 5.9596 5.75548
5.53365 5.28926 5.02695 4.75046 4.44143 4.14239 5.92813 5.72979 5.5121
5.27217 5.01476 4.74368 4.4446 4.15579 5.8918 5.7005 5.48816 5.25422
5.00338 4.73945 4.45225 4.17379 5.85447 5.67036 5.46392 5.23661 4.99304
4.73701 4.46215 4.19388 5.81841 5.6411 5.44068 5.22006 4.98391 4.736
4.4731 4.21525 5.78472 5.61359 5.41904 5.20486 4.97593 4.73599 4.48426
4.23684 5.75362 5.58801 5.39903 5.19097 4.96893 4.73667 4.49519 4.25784
5.72502 5.56433 5.3806 5.17831 4.9628 4.73784 4.50568 4.2777 5.69881
5.54247 5.36365 5.1668 4.95742 4.73935 4.51562 4.29613 5.67483 5.52237
5.3481 5.15636 4.95273 4.74107 4.52492 4.31303 5.65297 5.50395 5.33389
5.14691 4.94862 4.7429 4.53356 4.3284 5.63311 5.48716 5.32096 5.1384
4.94504 4.74477 4.5415 4.34227 5.61513 5.47191 5.30923 5.13075 4.94193
4.74661 4.54875 4.35473 5.59894 5.45814 5.29866 5.12391 4.93921 4.74838
4.5553 4.36584 5.58444 5.44578 5.28918 5.1178 4.93683 4.75004 4.56119
4.3757 5.57153 5.43477 5.28073 5.11239 4.93477 4.75156 4.56644 4.3844
5.56013 5.42503 5.27326 5.10763 4.93298 4.75295 4.57106 4.39201 5.55017
5.41651 5.26674 5.10348 4.93145 4.75418 4.5751 4.3986 5.54159 5.40917
5.26111 5.09992 4.93015 4.75526 4.57858 4.40424 5.53434 5.40295 5.25635
5.09691 4.92906 4.75619 4.58151 4.40898 5.52835 5.39782 5.25242 5.09443
4.92817 4.75696 4.58393 4.41286 5.52361 5.39376 5.24931 5.09247 4.92747
4.75758 4.58584 4.41592 5.52009 5.39074 5.24699 5.09101 4.92695 4.75804
4.58727 4.4182 5.51775 5.38873 5.24546 5.09005 4.92661 4.75835 4.58821
4.4197 5.51658 5.38774 5.24469 5.08957 4.92645 4.75851 4.58868 4.42046
3.50955 3.53315 3.53774 3.44905 3.35531 3.26455 3.16217 3.04777 2.92636
2.80058 2.67122 2.53877 2.40364 2.26605 2.12612 1.98385 1.83925 1.69228
1.54288 1.39103 1.23664 1.07974 0.920066 0.758072 0.592266 0.42646 0.25089
0.0903074 3.53457 3.53991 3.54249 3.45192 3.35585 3.26414 3.16146 3.04683
2.92528 2.79945 2.67007 2.53761 2.40246 2.26486 2.1249 1.98261 1.83799
1.691 1.54159 1.38972 1.23532 1.07839 0.9187 0.756691 0.590855 0.425068
0.24929 0.0894393 3.60035 3.56482 3.55502 3.45957 3.35865 3.26467 3.1613
3.04635 2.92461 2.7987 2.6693 2.53681 2.40165 2.26403 2.12404 1.98171
1.83704 1.69002 1.54061 1.38874 1.23433 1.07738 0.917665 0.755641 0.589772
0.424024 0.24784 0.0897752 3.67774 3.59563 3.56925 3.47048 3.36457 3.26714
3.16235 3.04665 2.92444 2.79829 2.66877 2.53622 2.40102 2.26337 2.12334
1.98096 1.83624 1.68919 1.53976 1.38789 1.23349 1.07653 0.91679 0.754747
0.588845 0.42313 0.246403 0.0909859 3.75446 3.63023 3.58526 3.48379 3.37282
3.27097 3.16415 3.04749 2.92466 2.79816 2.66847 2.53584 2.40058 2.26289
2.12282 1.98038 1.83559 1.68848 1.53903 1.38716 1.23277 1.0758 0.916048
0.753987 0.588041 0.422362 0.244977 0.09271 3.82489 3.66725 3.6027 3.49803
3.38225 3.27565 3.16648 3.04873 2.92521 2.79828 2.66837 2.53562 2.40029
2.26255 2.12243 1.97992 1.83506 1.68788 1.5384 1.38654 1.23215 1.07519
0.915432 0.753356 0.587353 0.421717 0.243595 0.0946431 3.88623 3.70428 3.6205
3.51207 3.39212 3.28087 3.16917 3.05024 2.92597 2.79856 2.66839 2.5355
2.40009 2.2623 2.12212 1.97954 1.83461 1.68738 1.53786 1.38599 1.23161
1.07467 0.914914 0.752829 0.586755 0.421162 0.242287 0.0965201 3.93803 3.7397
3.6382 3.5255 3.40199 3.28637 3.17205 3.05188 2.92685 2.79894 2.66849
2.53545 2.39995 2.26209 2.12186 1.97923 1.83423 1.68694 1.53738 1.3855
1.23113 1.07421 0.914468 0.752375 0.586216 0.42066 0.241077 0.098164 3.98145
3.77286 3.65564 3.53819 3.41157 3.29196 3.17501 3.05358 2.9278 2.79938
2.66864 2.53544 2.39984 2.26191 2.12163 1.97895 1.8339 1.68656 1.53696
1.38505 1.23069 1.0738 0.914069 0.751965 0.585707 0.420178 0.239978 0.0994935
4.0181 3.80345 3.67266 3.55015 3.42072 3.29752 3.17801 3.05531 2.92878
2.79986 2.66882 2.53545 2.39975 2.26175 2.12141 1.9787 1.83361 1.68623
1.53658 1.38464 1.23029 1.07341 0.913693 0.751572 0.585207 0.419695 0.238998
0.100506 4.04934 3.8314 3.68912 3.56143 3.4294 3.30299 3.18101 3.05704
2.92979 2.80038 2.66903 2.53549 2.39968 2.2616 2.12122 1.97847 1.83336
1.68593 1.53624 1.38427 1.2299 1.07304 0.913323 0.751177 0.584705 0.41921
0.23814 0.101248 4.07623 3.85674 3.70489 3.57206 3.43758 3.30832 3.18399
3.05875 2.93081 2.80092 2.66926 2.53554 2.39962 2.26147 2.12104 1.97827
1.83313 1.68567 1.53593 1.38392 1.22953 1.07267 0.912947 0.750771 0.584203
0.418731 0.237408 0.10178 4.09953 3.87958 3.71985 3.58209 3.44525 3.31346
3.18693 3.06045 2.93183 2.80147 2.66952 2.53561 2.39957 2.26135 2.12088
1.97808 1.83292 1.68543 1.53564 1.38359 1.22918 1.0723 0.912564 0.750359
0.583712 0.418277 0.236798 0.102161 4.11982 3.90006 3.73391 3.59151 3.45242
3.31836 3.18981 3.06212 2.93283 2.80204 2.66978 2.53569 2.39953 2.26124
2.12072 1.97791 1.83273 1.68521 1.53538 1.38328 1.22883 1.07194 0.912176
0.749948 0.583246 0.417859 0.236302 0.102431 4.13754 3.91837 3.74701 3.60033
3.45907 3.32301 3.1926 3.06374 2.93382 2.8026 2.67004 2.53577 2.3995
2.26113 2.12058 1.97774 1.83255 1.685 1.53514 1.38299 1.2285 1.07158
0.911795 0.749552 0.582816 0.417486 0.235899 0.102616 4.15303 3.93465 3.7591
3.60854 3.46522 3.32738 3.19527 3.06531 2.93477 2.80315 2.67031 2.53586
2.39948 2.26104 2.12044 1.97758 1.83237 1.68481 1.53491 1.38273 1.22819
1.07123 0.911429 0.749178 0.582425 0.417153 0.235569 0.102733 4.16655 3.94908
3.77016 3.61613 3.47087 3.33144 3.19781 3.06681 2.93568 2.80367 2.67057
2.53594 2.39945 2.26094 2.12031 1.97743 1.83221 1.68463 1.53471 1.38248
1.2279 1.07091 0.911085 0.748832 0.582072 0.416855 0.235289 0.102795 4.17834
3.96178 3.78017 3.62309 3.47602 3.33518 3.20018 3.06821 2.93653 2.80417
2.67081 2.53602 2.39943 2.26085 2.12018 1.97728 1.83206 1.68447 1.53452
1.38225 1.22763 1.07061 0.910767 0.748514 0.581753 0.416586 0.235046 0.102816
4.18855 3.9729 3.78915 3.6294 3.48067 3.33857 3.20236 3.06951 2.93731
2.80463 2.67103 2.53608 2.3994 2.26077 2.12006 1.97715 1.83192 1.68432
1.53435 1.38205 1.22739 1.07033 0.910474 0.748223 0.581465 0.416342 0.23483
0.102809 4.19735 3.98253 3.79708 3.63504 3.48482 3.34161 3.20434 3.07069
2.93802 2.80504 2.67123 2.53615 2.39938 2.26069 2.11995 1.97703 1.8318
1.68419 1.5342 1.38187 1.22717 1.07008 0.910207 0.74796 0.581207 0.416121
0.234636 0.102784 4.20483 3.99077 3.80399 3.64 3.48845 3.34428 3.2061
3.07175 2.93865 2.80541 2.67141 2.5362 2.39935 2.26062 2.11985 1.97692
1.83168 1.68407 1.53406 1.3817 1.22697 1.06985 0.909966 0.747723 0.580975
0.415922 0.234461 0.10275 4.21109 3.99769 3.80987 3.64426 3.49157 3.34658
3.20763 3.07266 2.9392 2.80572 2.67156 2.53624 2.39933 2.26055 2.11977
1.97682 1.83158 1.68396 1.53394 1.38155 1.22679 1.06965 0.90975 0.747511
0.58077 0.415746 0.234302 0.102715 4.2162 4.00336 3.81475 3.64783 3.49418
3.34851 3.20892 3.07344 2.93966 2.80599 2.67169 2.53627 2.3993 2.2605
2.11969 1.97673 1.83149 1.68387 1.53383 1.38142 1.22662 1.06947 0.909559
0.747325 0.580588 0.415592 0.234155 0.102685 4.22023 4.00784 3.81863 3.65068
3.49626 3.35005 3.20996 3.07407 2.94003 2.8062 2.67179 2.53629 2.39928
2.26044 2.11962 1.97666 1.83141 1.68378 1.53373 1.3813 1.22649 1.06931
0.909395 0.747164 0.580431 0.415459 0.234018 0.102668 4.22321 4.01116 3.82153
3.65283 3.49783 3.3512 3.21074 3.07453 2.9403 2.80635 2.67186 2.5363
2.39925 2.26039 2.11956 1.97659 1.83134 1.6837 1.53364 1.3812 1.22637
1.06917 0.909253 0.747024 0.580291 0.415341 0.233881 0.102664 4.22517 4.01334
3.82345 3.65426 3.49887 3.35197 3.21125 3.07485 2.94048 2.80645 2.6719
2.5363 2.39922 2.26035 2.11951 1.97653 1.83128 1.68364 1.53358 1.38112
1.22627 1.06907 0.909146 0.746919 0.580184 0.415254 0.233754 0.102704 4.22616
4.01443 3.82441 3.65497 3.49938 3.35234 3.2115 3.07499 2.94055 2.80648
2.67189 2.53627 2.39918 2.2603 2.11945 1.97647 1.83121 1.68357 1.53349
1.38103 1.22617 1.06896 0.909031 0.746803 0.580056 0.415159 0.233557 0.102752
        </DataArray>
        <DataArray type='Float32' Name='U' NumberOfComponents='3' format='ascii'>
3.08617 0.0655706 0 2.53033 0.0923195 0 2.00841 0.0698332 0
1.57373 0.0401392 0 1.27065 0.0161658 0 1.08224 0.00161451 0
0.96951 -0.00452985 0 0.902598 -0.00561744 0 0.861946 -0.00457392 0
0.834315 -0.00303818 0 0.811942 -0.00170842 0 0.790707 -0.000738224 0
0.770971 -0.000171886 0 0.745894 0.000452007 0 3.51923 0.109436 0
3.63969 0.169545 0 3.58124 0.162983 0 3.4072 0.138711 0
3.19748 0.10688 0 2.9974 0.0753231 0 2.82303 0.050145 0
2.67688 0.0329165 0 2.55575 0.0223741 0 2.4542 0.0164898 0
2.36704 0.0134536 0 2.2899 0.0119221 0 2.22137 0.0112621 0
2.15393 0.0107734 0 3.42418 0.0758688 0 3.54601 0.126289 0
3.65862 0.136052 0 3.71915 0.133758 0 3.7273 0.118944 0
3.69547 0.0971761 0 3.63869 0.0763603 0 3.57029 0.0602436 0
3.49894 0.0490558 0 3.42866 0.0416834 0 3.36076 0.0368774 0
3.29517 0.0335613 0 3.23242 0.0314217 0 3.16907 0.0292173 0
3.41051 0.0551478 0 3.47128 0.102179 0 3.54584 0.113726 0
3.61383 0.114496 0 3.66983 0.105884 0 3.70834 0.0912899 0
3.72755 0.0765609 0 3.7312 0.0647481 0 3.72455 0.0562482 0
3.71136 0.050443 0 3.69384 0.0465682 0 3.67295 0.0438525 0
3.64977 0.0421999 0 3.62316 0.0402503 0 3.40845 0.0449149 0
3.4536 0.0924842 0 3.50566 0.104717 0 3.54936 0.104117 0
3.58728 0.0959423 0 3.61994 0.0831913 0 3.64536 0.0705098 0
3.66393 0.0604928 0 3.67763 0.05346 0 3.68804 0.0488435 0
3.69597 0.0459714 0 3.70163 0.0441556 0 3.70536 0.0432876 0
3.70665 0.0422569 0 3.40637 0.0372614 0 3.44374 0.0820395 0
3.48932 0.0951587 0 3.52628 0.095281 0 3.55507 0.0886496 0
3.57826 0.0776019 0 3.59609 0.0661053 0 3.60973 0.0568006 0
3.62114 0.0501971 0 3.63171 0.0458479 0 3.64198 0.043171 0
3.65201 0.041567 0 3.66179 0.0408813 0 3.67109 0.040347 0
3.40483 0.0311287 0 3.43554 0.0722018 0 3.47622 0.0862833 0
3.51097 0.0876018 0 3.53787 0.0825734 0 3.55881 0.073236 0
3.57427 0.0629602 0 3.58543 0.0543333 0 3.59427 0.0480305 0
3.60231 0.0437502 0 3.61028 0.0410233 0 3.6184 0.0393562 0
3.62677 0.0385747 0 3.63533 0.0381563 0 3.40375 0.0262783 0
3.42916 0.0636972 0 3.46513 0.078389 0 3.49754 0.0806046 0
3.52322 0.0767486 0 3.54354 0.0688763 0 3.55888 0.0598061 0
3.57006 0.0519373 0 3.57873 0.0460405 0 3.58629 0.0419344 0
3.5935 0.039243 0 3.60065 0.0375611 0 3.60791 0.0367118 0
3.61532 0.0363146 0 3.40297 0.0224101 0 3.42421 0.0562673 0
3.45601 0.0711016 0 3.48604 0.0740134 0 3.51039 0.0711178 0
3.53 0.0645286 0 3.54527 0.0565834 0 3.55676 0.0494579 0
3.5658 0.0439893 0 3.57363 0.0401025 0 3.58096 0.0374989 0
3.58809 0.0358459 0 3.59519 0.0349728 0 3.60234 0.0345877 0
3.4024 0.019272 0 3.42033 0.049745 0 3.44851 0.0643845 0
3.4763 0.0678778 0 3.49939 0.0658015 0 3.51826 0.0603096 0
3.53333 0.0533674 0 3.545 0.0469277 0 3.55434 0.0418682 0
3.56245 0.0382053 0 3.56999 0.0357059 0 3.57727 0.034098 0
3.58446 0.033221 0 3.59167 0.0328445 0 3.40198 0.0166857 0
3.41726 0.0440182 0 3.4423 0.0582158 0 3.46803 0.0621601 0
3.48994 0.060764 0 3.50813 0.0561977 0 3.52297 0.0501484 0
3.53475 0.0443494 0 3.54432 0.0396873 0 3.55265 0.0362533 0
3.56038 0.033871 0 3.56779 0.0323185 0 3.57507 0.0314484 0
3.58237 0.0310751 0 3.40166 0.0145228 0 3.41481 0.0389767 0
3.43715 0.0525454 0 3.46097 0.0568037 0 3.48179 0.0559697 0
3.49935 0.0521886 0 3.51395 0.046937 0 3.5258 0.0417379 0
3.53557 0.0374608 0 3.54411 0.0342579 0 3.55199 0.0320018 0
3.55953 0.0305128 0 3.56691 0.0296582 0 3.57427 0.0292853 0
3.40141 0.0126889 0 3.41284 0.0345197 0 3.43285 0.0473268 0
3.45493 0.0517718 0 3.47474 0.0514003 0 3.49171 0.0482856 0
3.50607 0.043742 0 3.51796 0.0390997 0 3.52791 0.035193 0
3.53663 0.0322209 0 3.54467 0.0300983 0 3.55233 0.0286804 0
3.55979 0.0278494 0 3.56722 0.0274777 0 3.40122 0.0111133 0
3.41125 0.0305592 0 3.42926 0.0425172 0 3.44976 0.0470338 0
3.46863 0.0470361 0 3.48506 0.0444852 0 3.49918 0.0405667 0
3.51109 0.0364392 0 3.52118 0.032888 0 3.53006 0.0301455 0
3.53824 0.0281621 0 3.54602 0.0268219 0 3.55357 0.026022 0
3.56107 0.0256543 0 3.40107 0.00974272 0 3.40995 0.0270196 0
3.42625 0.0380751 0 3.44533 0.0425612 0 3.46333 0.0428574 0
3.47925 0.0407822 0 3.49314 0.0374146 0 3.50505 0.0337619 0
3.51526 0.0305513 0 3.52429 0.0280356 0 3.5326 0.0261953 0
3.54049 0.0249386 0 3.54813 0.0241763 0 3.55569 0.0238159 0
3.40095 0.00853651 0 3.40888 0.023836 0 3.42372 0.0339608 0
3.44154 0.0383282 0 3.45873 0.0388462 0 3.47419 0.0371714 0
3.48786 0.0342883 0 3.49974 0.0310724 0 3.51005 0.028187 0
3.51921 0.0258947 0 3.52765 0.0242002 0 3.53564 0.0230318 0
3.54336 0.0223127 0 3.55098 0.0219636 0 3.40085 0.0074631 0
3.40801 0.0209528 0 3.4216 0.0301369 0 3.43829 0.0343108 0
3.45475 0.0349861 0 3.46979 0.0336465 0 3.48325 0.0311893 0
3.4951 0.0283744 0 3.50548 0.0257991 0 3.51476 0.0237262 0
3.52331 0.0221793 0 3.53139 0.021103 0 3.53919 0.0204321 0
3.54687 0.0200983 0 3.40077 0.00649766 0 3.40728 0.0183229 0
3.41981 0.0265684 0 3.43551 0.0304865 0 3.45132 0.0312612 0
3.46597 0.0302009 0 3.47923 0.028118 0 3.49104 0.025671 0
3.50149 0.0233912 0 3.51087 0.0215334 0 3.51951 0.0201349 0
3.52768 0.0191541 0 3.53555 0.0185356 0 3.54328 0.018221 0
3.4007 0.00562037 0 3.40668 0.0159056 0 3.41832 0.0232226 0
3.43315 0.0268339 0 3.44837 0.0276568 0 3.46267 0.0268273 0
3.47575 0.0250739 0 3.48752 0.0229649 0 3.49802 0.0209665 0
3.50748 0.0193194 0 3.51621 0.0180697 0 3.52446 0.0171869 0
3.53239 0.0166245 0 3.54017 0.0163327 0 3.40065 0.00481513 0
3.40619 0.0136661 0 3.41707 0.0200692 0 3.43116 0.0233325 0
3.44585 0.0241587 0 3.45984 0.0235185 0 3.47276 0.0220559 0
3.48449 0.0202579 0 3.49502 0.0185279 0 3.50456 0.0170869 0
3.51336 0.0159859 0 3.52168 0.0152032 0 3.52967 0.0147001 0
3.53749 0.0144346 0 3.40061 0.00406867 0 3.40579 0.0115743 0
3.41604 0.01708 0 3.42949 0.0199626 0 3.44373 0.0207535 0
3.45745 0.0202668 0 3.47022 0.019062 0 3.48191 0.0175513 0
3.49247 0.0160777 0 3.50206 0.0148387 0 3.51094 0.0138861 0
3.51931 0.0132051 0 3.52736 0.012764 0 3.53522 0.0125279 0
3.40057 0.00336985 0 3.40546 0.00960381 0 3.4152 0.0142289 0
3.42812 0.0167052 0 3.44197 0.0174279 0 3.45545 0.017065 0
3.46811 0.0160903 0 3.47975 0.0148464 0 3.49033 0.0136184 0
3.49998 0.0125773 0 3.5089 0.0117726 0 3.51733 0.0111945 0
3.52542 0.0108177 0 3.53331 0.0106135 0 3.40054 0.00270911 0
3.4052 0.00773133 0 3.41453 0.0114919 0 3.42701 0.0135418 0
3.44054 0.0141689 0 3.45383 0.0139046 0 3.46638 0.0131372 0
3.47798 0.0121429 0 3.48858 0.0111514 0 3.49827 0.0103048 0
3.50724 0.00964742 0 3.51571 0.00917343 0 3.52383 0.0088628 0
3.53175 0.0086927 0 3.40052 0.00207809 0 3.405 0.00593553 0
3.41401 0.00884618 0 3.42615 0.010456 0 3.43943 0.0109659 0
3.45256 0.0107802 0 3.46502 0.0102014 0 3.47659 0.00944222 0
3.4872 0.00867898 0 3.49692 0.00802355 0 3.50593 0.00751279 0
3.51443 0.00714342 0 3.52258 0.00690038 0 3.53053 0.00676625 0
3.40051 0.00147018 0 3.40486 0.00419573 0 3.41363 0.00626582 0
3.42552 0.00742449 0 3.4386 0.00780131 0 3.45162 0.00767991 0
3.46401 0.00727696 0 3.47556 0.00674317 0 3.48618 0.00620286 0
3.49592 0.00573658 0 3.50496 0.00537209 0 3.51348 0.00510783 0
3.52166 0.00493333 0 3.52962 0.00483639 0 3.4005 0.000884568 0
3.40476 0.00250913 0 3.41338 0.0037463 0 3.42511 0.00444326 0
3.43806 0.00467149 0 3.451 0.00460016 0 3.46335 0.00436061 0
3.47489 0.00404289 0 3.48551 0.00372054 0 3.49526 0.00344175 0
3.50432 0.00322359 0 3.51286 0.00306534 0 3.52105 0.00296077 0
3.52902 0.00290254 0 3.40049 0.00029884 0 3.40472 0.000840366 0
3.41327 0.00125203 0 3.42491 0.00148386 0 3.43781 0.00155876 0
3.4507 0.00153352 0 3.46303 0.00145266 0 3.47456 0.00134633 0
3.48518 0.00123878 0 3.49494 0.00114589 0 3.504 0.00107333 0
3.51255 0.00102082 0 3.52074 0.000986225 0 3.52872 0.00096704 0
0.735651 0.00159801 2.05854e-23 0.730054 0.00261341 1.15535e-23 0.720491 0.00309583 0
0.707392 0.00319761 0 0.693645 0.00312894 0 0.680309 0.00303363 1.16367e-18
0.667364 0.00296425 2.33942e-18 0.654695 0.00292568 0 0.642153 0.00291805 0
0.629442 0.00294684 -1.18849e-18 0.616159 0.0030171 -1.19577e-18 0.601627 0.00314816 0
0.585455 0.00332698 0 0.56532 0.00368238 0 0.544092 0.00387645 0
0.505908 0.00525318 0 0.490343 0.00362933 0 0.359379 0.010581 -1.34549e-18
2.10483 0.011812 -6.35302e-19 2.06381 0.012907 -2.26781e-23 2.02528 0.0135734 -6.48246e-19
1.98756 0.0138381 0 1.95102 0.0137725 -6.62207e-19 1.91593 0.0135264 6.69314e-19
1.88219 0.0132417 -6.76346e-19 1.84958 0.0130027 6.83353e-19 1.81782 0.0128647 0
1.78642 0.0128793 -2.71118e-24 1.75479 0.0131061 7.04421e-19 1.72191 0.013615 -7.12008e-19
1.68692 0.0145196 -7.20405e-19 1.64686 0.0159423 -7.30037e-19 1.60356 0.0180949 7.42119e-19
1.53937 0.0216144 -7.56031e-19 1.49385 0.0251905 7.80554e-19 1.31548 0.0377041 7.93159e-19
3.11596 0.0296188 0 3.06795 0.0299236 -4.88356e-23 3.02215 0.0296802 4.59804e-19
2.9775 0.0291441 0 2.93415 0.0284132 4.67918e-19 2.89218 0.0275917 -4.72042e-19
2.8515 0.0268081 0 2.81191 0.0261598 4.76739e-24 2.77316 0.0257233 0
2.73484 0.0255803 9.76516e-19 2.69641 0.025838 -9.84481e-19 2.65701 0.0266258 9.92566e-19
2.61568 0.0281825 5.00535e-19 2.5701 0.0306763 5.05068e-19 2.52041 0.0348761 -2.86204e-22
2.4543 0.0406613 5.1579e-19 2.3964 0.050595 -6.77481e-22 2.23441 0.0660962 0
3.59759 0.0409817 0 3.5729 0.0413795 -7.93111e-19 3.54791 0.0410911 0
3.52203 0.0405189 0 3.49547 0.0397642 0 3.46845 0.038896 0
3.44102 0.0380456 0 3.41322 0.0373374 -8.07613e-19 3.385 0.0368808 -4.05334e-19
3.35622 0.0367949 -8.13762e-19 3.3266 0.0372368 4.08436e-19 3.29561 0.0384008 -8.19781e-19
3.2626 0.0406289 0 3.22596 0.0441853 -4.12597e-19 3.1855 0.0502284 -8.27939e-19
3.13292 0.0582406 -4.14929e-19 3.08358 0.0739135 -9.95853e-22 2.96138 0.0920347 -4.13137e-19
3.70599 0.0434323 0 3.70499 0.0442818 3.82992e-19 3.70303 0.0444347 0
3.69956 0.0442949 0 3.69459 0.0439639 0 3.68825 0.0434906 -3.78588e-19
3.68057 0.0430017 0 3.6716 0.042634 3.77459e-19 3.66137 0.0425151 7.54046e-19
3.64985 0.0427884 7.53234e-19 3.63697 0.0436455 0 3.62245 0.0453292 7.51398e-19
3.60599 0.0482533 0 3.58658 0.052773 7.48413e-19 3.56431 0.0602594 3.73121e-19
3.53375 0.0701592 7.42372e-19 3.50497 0.0896026 -3.68353e-19 3.43187 0.110639 7.24593e-19
3.67939 0.0414883 0 3.68805 0.0425262 0 3.69659 0.0429809 0
3.70436 0.0431648 1.89911e-19 3.71121 0.0431884 -1.88868e-19 3.71712 0.0430896 3.75791e-19
3.72203 0.0429777 0 3.72589 0.042985 0 3.72867 0.0432425 -3.70596e-19
3.73036 0.0439022 -5.53385e-19 3.73091 0.0451722 0 3.73019 0.0473204 -3.6542e-19
3.72809 0.0507989 0 3.72405 0.0560205 -5.41352e-19 3.71844 0.0644302 0
3.70802 0.0756413 -3.54356e-19 3.69925 0.0967441 0 3.66934 0.120633 -3.40502e-19
3.64387 0.0389918 0 3.65324 0.0399398 0 3.66312 0.0404394 0
3.67292 0.0406969 -1.91576e-19 3.68247 0.0408369 1.90378e-19 3.6917 0.0408948 1.89222e-19
3.70054 0.0409616 0 3.70889 0.0411613 0 3.71673 0.0416241 0
3.724 0.0425038 1.84785e-19 3.73069 0.044013 0 3.73671 0.0464276 0
3.74207 0.0502103 -1.80816e-19 3.74645 0.0558042 1.79298e-19 3.75035 0.0646164 0
3.75216 0.0765319 0 3.75568 0.0976792 0 3.75347 0.123588 -1.65354e-19
3.62291 0.0368723 0 3.63128 0.0376624 1.9544e-19 3.64024 0.0381166 0
3.64933 0.0383508 0 3.65839 0.0384958 0 3.66738 0.0385891 -1.90598e-19
3.67627 0.0387082 0 3.68497 0.0389704 1.88294e-19 3.69348 0.0395054 1.87123e-19
3.70177 0.0404676 1.85905e-19 3.70983 0.0420693 1.84605e-19 3.71764 0.044587 1.83178e-19
3.72523 0.0484773 3.63219e-19 3.7325 0.0542018 1.79644e-19 3.73988 0.0630616 1.77254e-19
3.74685 0.075236 1.74314e-19 3.75549 0.095573 1.70088e-19 3.76629 0.122283 7.32393e-22
3.60964 0.0349582 1.97555e-19 3.61753 0.0356091 -1.96375e-19 3.62592 0.0360182 0
3.63444 0.0362296 0 3.64294 0.0363677 0 3.6514 0.0364739 0
3.6598 0.0366155 1.90458e-19 3.66809 0.0369036 -3.78617e-19 3.67627 0.0374677 -1.7431e-23
3.68434 0.0384615 -1.86914e-19 3.69232 0.0400949 -1.85599e-19 3.70022 0.0426426 -7.85956e-23
3.7081 0.0465472 -1.8249e-19 3.71598 0.052284 -1.75453e-22 3.72422 0.0610255 -1.78104e-19
3.73293 0.0732013 -1.75074e-19 3.74327 0.0924785 -3.41229e-19 3.75882 0.118957 3.2913e-19
3.599 0.0330879 -1.08956e-23 3.60678 0.0336225 0 3.61499 0.0339949 1.95921e-19
3.62332 0.0341951 0 3.63161 0.0343332 1.93561e-19 3.63986 0.034454 0
3.64804 0.034618 -1.91258e-19 3.65612 0.0349298 1.90102e-19 3.66411 0.0355169 -1.88917e-19
3.67203 0.0365314 0 3.6799 0.0381791 0 3.68776 0.0407305 -1.84844e-19
3.69571 0.044612 -1.83015e-19 3.70383 0.0503063 -1.81107e-19 3.71247 0.0588628 0
3.72206 0.0708864 0 3.73337 0.0891183 1.71136e-19 3.75082 0.114714 -1.65013e-19
3.58976 0.0312245 -1.99008e-19 3.59753 0.0316589 0 3.60565 0.0319957 -1.96642e-19
3.6139 0.032188 0 3.62213 0.0323273 -1.81581e-24 3.63032 0.0324617 0
3.63844 0.032647 0 3.64649 0.0329809 0 3.65447 0.0335876 0
3.66239 0.0346161 0 3.67032 0.0362661 0 3.6783 0.038803 0
3.68646 0.0426351 1.83658e-19 3.69495 0.0482459 0 3.70411 0.0565744 0
3.71457 0.0683281 0 3.72694 0.0855643 0 3.74578 0.109922 0
3.58171 0.029363 1.99644e-19 3.58947 0.0297115 -1.9849e-19 3.59754 0.0300125 1.97295e-19
3.60574 0.0301961 0 3.61393 0.0303352 -2.01729e-24 3.62208 0.0304796 -1.93764e-19
3.6302 0.0306821 1.92592e-19 3.63825 0.0310336 -1.91403e-19 3.64627 0.031653 1.90172e-19
3.65427 0.032685 1.88869e-19 3.66232 0.0343227 -1.87451e-19 3.6705 0.0368244 0
3.67896 0.0405799 -1.84014e-19 3.68789 0.0460657 1.81806e-19 3.69765 0.0541228 -1.79057e-19
3.70903 0.0655032 1.75583e-19 3.72257 0.0817627 -1.71034e-19 3.74274 0.104696 1.64696e-19
3.57472 0.0275012 -2.00248e-19 3.58247 0.0277774 1.99104e-19 3.5905 0.0280432 -1.97912e-19
3.59865 0.0282169 0 3.6068 0.0283541 -1.95544e-19 3.61494 0.0285051 1.94371e-19
3.62305 0.0287202 -1.93192e-19 3.63112 0.0290831 1.91994e-19 3.63919 0.0297068 -1.90755e-19
3.64728 0.0307303 -3.17683e-23 3.65547 0.0323398 1.88018e-19 3.66386 0.0347855 0
3.67262 0.0384369 1.8457e-19 3.68201 0.0437569 -1.82361e-19 3.6924 0.0514981 1.79626e-19
3.70467 0.0624153 -1.76175e-19 3.71933 0.077693 1.71716e-19 3.74074 0.099105 -1.65516e-19
3.56862 0.025637 0 3.57638 0.025853 0 3.58437 0.0260849 0
3.59248 0.0262477 0 3.60061 0.0263821 0 3.60873 0.0265367 -1.9493e-19
3.61684 0.0267596 0 3.62494 0.0271275 0 3.63306 0.0277465 0
3.64124 0.0287501 -1.89952e-19 3.64957 0.0303165 0 3.65817 0.0326862 1.86806e-19
3.66724 0.0362076 0 3.67706 0.0413232 1.82587e-19 3.68806 0.0487055 0
3.70115 0.0590839 0 3.71686 0.0733652 -1.71565e-19 3.73935 0.0932109 1.65296e-19
3.56329 0.0237686 0 3.57106 0.0239346 -2.00195e-19 3.57903 0.0241351 0
3.58711 0.0242863 1.97827e-19 3.59522 0.024417 0 3.60333 0.0245725 1.95462e-19
3.61145 0.0247984 0 3.61958 0.0251648 -1.93034e-19 3.62775 0.0257709 0
3.63602 0.0267438 0 3.64449 0.0282535 -1.88919e-19 3.65329 0.030529 -3.74564e-19
3.66265 0.0338954 0 3.67289 0.0387704 -1.46983e-22 3.68446 0.0457535 -1.80098e-19
3.69831 0.0555304 0 3.71497 0.068799 3.78972e-22 3.73841 0.0870646 -4.73283e-22
3.55862 0.0218948 0 3.56642 0.0220201 4.01399e-19 3.57437 0.0221918 0
3.58243 0.0223313 -1.98335e-19 3.59053 0.0224571 0 3.59863 0.0226107 0
3.60676 0.0228348 0 3.61492 0.0231935 1.93527e-19 3.62314 0.0237792 -1.92231e-19
3.6315 0.0247121 1.90861e-19 3.6401 0.0261525 3.7877e-19 3.6491 0.0283161 6.63325e-23
3.65874 0.031504 1.85712e-19 3.66938 0.0361047 -3.66864e-19 3.68147 0.0426513 3.6114e-19
3.69602 0.0517752 -1.76857e-19 3.71353 0.0640163 3.44939e-19 3.7378 0.0807078 -1.66609e-19
3.55455 0.0200152 0 3.56236 0.0201077 -1.0059e-19 3.57031 0.0202536 0
3.57835 0.0203812 0 3.58644 0.0205009 -9.88113e-20 3.59454 0.0206497 9.82138e-20
3.60268 0.0208676 -9.76083e-20 3.61087 0.0212133 0 3.61914 0.0217719 2.89038e-19
3.62759 0.022656 -9.56779e-20 3.63632 0.0240153 -9.4938e-20 3.64551 0.0260501 1.88155e-19
3.65541 0.0290367 -9.31503e-20 3.66642 0.0333324 2.7577e-19 3.679 0.0394091 -9.06141e-20
3.69418 0.0478387 1.77505e-19 3.71246 0.05904 -8.66882e-20 3.73744 0.0741747 8.33576e-20
3.55101 0.0181297 1.01387e-19 3.55883 0.0181962 -1.18671e-24 3.56677 0.0183193 1.00227e-19
3.57481 0.0184346 -9.96331e-20 3.58289 0.0185468 1.15585e-24 3.591 0.0186883 -9.844e-20
3.59914 0.0188963 9.78331e-20 3.60736 0.0192242 -9.72063e-20 3.61569 0.0197497 -9.65638e-20
3.62422 0.0205769 -9.58754e-20 3.63307 0.0218435 -1.90229e-19 3.64243 0.0237336 9.42522e-20
3.65258 0.0264978 -1.86569e-19 3.66392 0.0304609 -1.84228e-19 3.67696 0.0360384 -8.27163e-23
3.6927 0.0437405 -8.88521e-20 3.71166 0.0538926 -1.7338e-19 3.73727 0.0674934 -8.38362e-20
3.54793 0.0162385 -1.01605e-19 3.55578 0.0162848 -1.01032e-19 3.56372 0.0163877 -2.00888e-19
3.57174 0.0164905 9.9515e-25 3.57982 0.016594 9.92545e-20 3.58793 0.0167261 0
3.59609 0.016921 9.80424e-20 3.60434 0.0172266 4.58666e-24 3.61271 0.0177135 0
3.62132 0.0184759 -9.60681e-20 3.63028 0.0196389 1.79424e-23 3.63981 0.0213694 -9.44825e-20
3.65018 0.0238923 3.83701e-23 3.66183 0.0274989 5.42386e-23 3.67527 0.032552 -9.09386e-20
3.69152 0.0395001 1.00442e-22 3.71108 0.0485956 1.2938e-22 3.73722 0.060687 -8.39925e-20
3.54529 0.014342 1.01815e-19 3.55315 0.0143728 0 3.56109 0.0144578 1.00652e-19
3.56911 0.0145481 1.00058e-19 3.57718 0.0146418 0 3.5853 0.0147627 0
3.59348 0.0149416 -2.54253e-24 3.60175 0.0152212 4.202e-24 3.61017 0.0156639 0
3.61884 0.0163542 1.06805e-23 3.62791 0.0174039 1.62001e-23 3.63758 0.0189616 -9.46586e-20
3.64816 0.0212264 9.37112e-20 3.66009 0.0244556 9.25606e-20 3.67389 0.0289626 0
3.69058 0.0351353 8.9293e-23 3.71066 0.0431687 8.73068e-20 3.73727 0.0537746 1.38613e-22
3.54304 0.0124405 5.81553e-25 3.55092 0.0124598 -1.01438e-19 3.55886 0.0125291 0
3.56688 0.012607 0 3.57495 0.01269 0 3.58307 0.0127981 0
3.59126 0.0129584 -9.84437e-20 3.59955 0.0132083 3.76134e-24 3.60802 0.0136021 9.7158e-20
3.61675 0.0142138 1.92935e-19 3.62591 0.0151412 1.43231e-23 3.63572 0.0165146 1.89743e-19
3.64648 0.0185068 0 3.65864 0.0213406 9.27367e-20 3.67276 0.0252828 -9.13436e-20
3.68984 0.0306627 1.79342e-19 3.71036 0.0376299 -8.75183e-20 3.73736 0.0467726 1.69621e-19
3.54116 0.0105345 -1.53313e-19 3.54905 0.0105456 1.52444e-19 3.557 0.0106011 0
3.56501 0.0106666 -5.02228e-20 3.57308 0.0107382 0 3.58121 0.0108321 0
3.58941 0.0109716 -4.93148e-20 3.59773 0.0111885 1.47004e-19 3.60623 0.0115291 -4.86786e-20
3.61502 0.0120565 -4.83348e-20 3.62426 0.0128542 9.59134e-20 3.63418 0.0140332 -4.75495e-20
3.64509 0.0157402 0 3.65747 0.0181634 -1.3949e-19 3.67186 0.021525 1.37454e-19
3.68926 0.0260981 -8.99964e-20 3.71016 0.0319962 1.31888e-19 3.73748 0.0396959 -4.26885e-20
3.53962 0.00862468 5.11969e-20 3.54753 0.00863034 -5.09066e-20 3.55548 0.00867355 0
3.56349 0.00872686 5.03144e-20 3.57156 0.00878633 0 3.57969 0.00886483 -4.97124e-20
3.5879 0.00898158 4.94064e-20 3.59624 0.00916284 -4.90927e-20 3.60477 0.00944655 -2.18721e-24
3.61361 0.00988466 -4.84233e-20 3.62291 0.0105462 0 3.63293 0.0115224 -7.51004e-24
3.64397 0.0129335 0 3.65653 0.0149334 4.66195e-20 3.67114 0.0177012 -9.18953e-20
3.68882 0.0214563 0 3.71003 0.0262835 -4.41569e-20 3.73761 0.0325576 -4.14862e-23
3.53841 0.0067113 0 3.54633 0.00671363 -5.09945e-20 3.55428 0.00674596 0
3.56229 0.00678729 5.04018e-20 3.57036 0.00683414 0 3.5785 0.00689627 4.98002e-20
3.58672 0.00698873 0 3.59507 0.00713207 -4.91793e-20 3.60363 0.0073559 -4.88559e-20
3.6125 0.00770086 -4.85114e-20 3.62187 0.00822094 -4.8142e-20 3.63196 0.00898754 -9.54735e-20
3.64311 0.0100942 0 3.6558 0.0116603 0 3.6706 0.0138239 1.61544e-23
3.68849 0.0167526 0 3.70994 0.0205085 -4.43219e-20 3.73773 0.0253717 -4.30869e-20
3.53752 0.0047959 0 3.54544 0.00479632 2.55396e-20 3.55339 0.00481862 0
3.56141 0.004848 -5.04861e-20 3.56948 0.00488175 0 3.57762 0.00492667 0
3.58584 0.00499358 0 3.59421 0.0050972 2.4633e-20 3.60278 0.00525875 0
3.61169 0.00550734 4.86029e-20 3.62109 0.00588171 2.4121e-20 3.63124 0.006433 4.78394e-20
3.64247 0.00722808 2.36909e-20 3.65527 0.00835202 2.34275e-20 3.6702 0.00990285 2.31253e-20
3.68826 0.0119979 2.27333e-20 3.70989 0.0146813 4.45525e-20 3.73784 0.0181425 0
3.53693 0.00287806 0 3.54485 0.00287804 2.55801e-20 3.55281 0.00289123 -1.27161e-20
3.56082 0.00290888 1.26417e-20 3.5689 0.0029293 -1.25667e-20 3.57704 0.00295654 1.24912e-20
3.58527 0.00299713 0 3.59364 0.00305999 2.46737e-20 3.60223 0.00315787 0
3.61115 0.00330832 0 3.62058 0.0035347 2.41656e-20 3.63077 0.00386779 0
3.64206 0.00434785 -2.37494e-20 3.65493 0.00502569 -2.34952e-20 3.66995 0.00596049 2.31939e-20
3.68811 0.00722007 -2.28301e-20 3.70987 0.00883521 0 3.73791 0.010904 0
3.53664 0.000959058 0 3.54456 0.000959173 0 3.55252 0.000963659 1.17644e-20
3.56053 0.000969624 -1.16964e-20 3.56861 0.000976516 1.1628e-20 3.57675 0.000985693 -1.15591e-20
3.58498 0.000999366 0 3.59336 0.00102053 0 3.60195 0.00105347 0
3.61089 0.00110407 0 3.62033 0.00118016 0 3.63054 0.00129204 0
3.64186 0.00145322 0 3.65476 0.00168056 0 3.66984 0.00199412 0
3.68805 0.00241543 0 3.70988 0.00295721 0 3.73798 0.00364536 0
0.404242 0.00819907 0 0.487452 0.0234278 1.86381e-21 0.567054 0.0421498 0
0.632192 0.0561303 1.7282e-18 0.690747 0.066383 0 0.747339 0.0751536 -1.53178e-18
0.799761 0.0832528 0 0.854275 0.0901924 1.42356e-18 1.33821 0.0397942 0
1.41374 0.051899 2.87742e-21 1.49178 0.0710724 0 1.56156 0.0892747 0
1.62832 0.105169 0 1.69454 0.119967 8.06795e-19 1.75754 0.133974 -7.77504e-19
1.82207 0.147082 7.64484e-19 2.24145 0.0812311 -6.21146e-19 2.29994 0.0938606 3.04818e-21
2.35959 0.110472 0 2.41164 0.127108 -5.77231e-19 2.46195 0.142638 0
2.5128 0.15743 -5.57983e-19 2.56176 0.171433 5.50695e-19 2.61193 0.184995 -1.09003e-18
2.95859 0.115866 4.82582e-19 2.99782 0.128509 4.7029e-19 3.03799 0.142266 -4.61996e-19
3.07217 0.156745 4.62137e-19 3.10537 0.171322 0 3.13963 0.185591 4.54152e-19
3.17321 0.199155 -4.45968e-19 3.20772 0.212608 4.48076e-19 3.42655 0.138044 -4.1541e-19
3.44925 0.150529 0 3.47319 0.162551 8.14602e-19 3.49334 0.175308 -4.04606e-19
3.51308 0.188631 0 3.53412 0.201801 0 3.55547 0.214302 4.01417e-19
3.57769 0.226699 0 3.66719 0.147705 3.90999e-19 3.67912 0.159546 0
3.6926 0.170474 -3.84177e-19 3.7043 0.181797 3.83822e-19 3.71608 0.19366 0
3.72917 0.205438 0 3.74318 0.216664 0 3.75807 0.227721 0
3.75636 0.148325 3.7632e-19 3.76318 0.159153 3.72781e-19 3.77163 0.169312 3.72294e-19
3.77972 0.179551 3.71933e-19 3.78819 0.190114 3.71446e-19 3.79785 0.200608 3.70538e-19
3.80863 0.210677 3.69209e-19 3.82025 0.220499 3.70384e-19 3.7734 0.144311 -2.77642e-21
3.77874 0.153985 -7.42061e-19 3.78554 0.163405 -7.4139e-19 3.79269 0.172737 -2.45938e-21
3.80042 0.182182 -7.39706e-19 3.80916 0.19155 -7.37947e-19 3.81898 0.200597 -3.68894e-19
3.82958 0.209371 -7.37864e-19 3.76873 0.138671 -3.74522e-19 3.77414 0.147217 3.71111e-19
3.78071 0.155815 3.70809e-19 3.78786 0.164303 -3.70395e-19 3.79569 0.172786 3.69799e-19
3.80441 0.181189 3.68869e-19 3.81407 0.189351 0 3.82444 0.19726 3.68821e-19
3.76257 0.132606 0 3.76843 0.140153 0 3.77516 0.147894 3.6788e-19
3.78247 0.155576 0 3.79047 0.163214 0 3.79928 0.170773 0
3.80892 0.178147 0 3.8192 0.185304 0 3.75889 0.126324 0
3.76519 0.133029 0 3.77212 0.139959 -3.69032e-19 3.77954 0.146882 0
3.78765 0.153763 0 3.7965 0.160571 0 3.80609 0.167231 0
3.81626 0.173712 0 3.75695 0.119785 3.70921e-19 3.7636 0.125783 3.66959e-19
3.7707 0.131982 0 3.77822 0.138207 3.6593e-19 3.78639 0.144403 3.65144e-19
3.79524 0.150536 3.64117e-19 3.80476 0.156548 0 3.81482 0.162412 3.64209e-19
3.75584 0.112972 -3.71984e-19 3.76276 0.118362 -1.48401e-21 3.77003 0.123915 -3.65904e-19
3.77763 0.129505 -3.66784e-19 3.78584 0.13508 -1.49994e-21 3.79469 0.140602 -3.64875e-19
3.80415 0.146025 -3.6213e-19 3.81411 0.151322 -1.43035e-21 3.75519 0.105914 1.85109e-19
3.76232 0.110766 -3.67372e-19 3.76973 0.115743 3.6677e-19 3.77742 0.120759 1.82368e-19
3.78566 0.125768 -3.65217e-19 3.7945 0.130734 1.81388e-19 3.80391 0.135617 3.62822e-19
3.81378 0.140392 -3.64145e-19 3.75486 0.0986501 -3.70578e-19 3.76216 0.103015 -1.82859e-19
3.76968 0.107473 0 3.77744 0.111968 -3.64914e-19 3.78571 0.11646 -1.81695e-19
3.79455 0.120916 -3.62881e-19 3.80392 0.125302 0 3.81371 0.129593 -1.81169e-19
3.75475 0.0912168 1.85451e-19 3.76219 0.0951331 3.66034e-19 3.76981 0.0991192 0
3.77763 0.103135 1.82536e-19 3.78593 0.107151 3.63574e-19 3.79477 0.111136 1.81487e-19
3.80409 0.11506 0 3.81381 0.118901 3.62462e-19 3.75482 0.0836451 -1.8488e-19
3.76236 0.0871436 -3.65845e-19 3.77005 0.0906933 0 3.77793 0.094267 -1.81877e-19
3.78626 0.0978403 -1.81874e-19 3.79508 0.101386 -1.80805e-19 3.80437 0.104879 0
3.81403 0.108298 -1.81291e-19 3.75501 0.0759597 3.70204e-19 3.76263 0.0790648 3.65751e-19
3.77038 0.0822067 0 3.7783 0.0853669 3.64068e-19 3.78664 0.0885258 1.8131e-19
3.79546 0.0916604 3.61868e-19 3.80472 0.0947476 0 3.81433 0.0977714 1.80729e-19
3.75527 0.0681802 -1.85317e-19 3.76295 0.0709116 -1.83065e-19 3.77075 0.0736689 0
3.7787 0.0764395 -1.82189e-19 3.78706 0.0792081 -1.81667e-19 3.79587 0.0819548 -3.77564e-22
3.80509 0.0846603 -1.80016e-19 3.81466 0.0873107 -1.81054e-19 3.75557 0.0603221 1.85033e-19
3.7633 0.0626963 1.82759e-19 3.77114 0.0650881 1.82309e-19 3.77911 0.0674896 1.81846e-19
3.78748 0.0698883 1.81313e-19 3.79628 0.0722677 -3.28034e-22 3.80547 0.0746117 1.80349e-19
3.815 0.0769082 1.80696e-19 3.75587 0.0523985 -2.78043e-19 3.76365 0.0544294 -1.83159e-19
3.77151 0.056472 -1.82695e-19 3.77951 0.0585213 -2.73186e-19 3.78789 0.0605675 -2.72366e-19
3.79668 0.0625971 -2.71433e-19 3.80584 0.0645966 0 3.81533 0.0665557 -2.71403e-19
3.75617 0.044421 9.27977e-20 3.76397 0.0461206 -9.15201e-20 3.77186 0.0478276 9.12807e-20
3.77988 0.0495393 9.11542e-20 3.78825 0.0512478 1.18644e-22 3.79704 0.0529422 9.05589e-20
3.80618 0.0546115 9.00962e-20 3.81563 0.056247 1.13911e-22 3.75644 0.0363994 0
3.76427 0.0377772 9.1721e-20 3.77217 0.0391595 -9.14752e-20 3.7802 0.0405449 0
3.78858 0.0419275 9.09387e-20 3.79735 0.0432986 0 3.80648 0.0446493 -9.02672e-20
3.8159 0.0459726 9.0598e-20 3.75667 0.0283461 -4.64655e-20 3.76451 0.0294107 -4.58762e-20
3.77243 0.0304772 0 3.78046 0.0315454 -4.5621e-20 3.78885 0.0326111 -4.5476e-20
3.79762 0.0336679 -4.53136e-20 3.80673 0.034709 0 3.81613 0.0357289 -4.53023e-20
3.75685 0.0202609 4.65723e-20 3.76471 0.0210183 9.19292e-20 3.77263 0.021776 -4.58222e-20
3.78067 0.0225348 4.57169e-20 3.78906 0.0232918 9.11115e-20 3.79782 0.0240423 4.54038e-20
3.80692 0.0247814 -4.51986e-20 3.81631 0.0255055 9.07518e-20 3.75698 0.0121727 -2.33185e-20
3.76484 0.0126233 -4.60539e-20 3.77278 0.0130731 4.59219e-20 3.78082 0.0135247 0
3.78921 0.0139765 -4.56365e-20 3.79796 0.014425 0 3.80706 0.0148669 4.52871e-20
3.81643 0.0153011 -4.54504e-20 3.75707 0.00406811 2.29443e-20 3.76494 0.00421643 0
3.77288 0.00436401 0 3.78092 0.00451278 0 3.78931 0.00466231 0
3.79807 0.00481117 0 3.80716 0.00495804 0 3.81654 0.0051032 0
0.93276 0.0979213 -1.6372e-17 1.0146 0.1076 1.52569e-17 1.07907 0.115371 -1.41786e-17
1.13631 0.121625 0 1.18681 0.126647 0 1.24425 0.131113 1.70611e-20
1.28563 0.133378 0 1.43572 0.142905 -9.11933e-18 1.92679 0.168351 1.02643e-17
2.05994 0.195607 0 2.17596 0.217871 1.80095e-17 2.2824 0.235887 0
2.38105 0.249788 0 2.48338 0.261445 7.19708e-18 2.5728 0.264453 6.49608e-18
2.74157 0.276948 5.85e-18 2.69556 0.207907 -7.52563e-18 2.80705 0.236821 -7.22683e-18
2.90903 0.260511 -1.37969e-17 3.00656 0.279491 -6.51685e-18 3.10093 0.29353 0
3.19941 0.304186 0 3.29218 0.304291 -5.19974e-18 3.43415 0.310136 0
3.26743 0.235308 9.46438e-18 3.35003 0.263844 3.0883e-18 3.42882 0.287175 5.92211e-18
3.50694 0.305441 5.65592e-18 3.58494 0.318106 2.66927e-18 3.66749 0.326453 0
3.74785 0.323282 0 3.8598 0.323621 -2.12438e-18 3.61928 0.24802 -1.7873e-20
3.68037 0.274996 2.80909e-18 3.7421 0.296964 2.71113e-18 3.80597 0.313761 2.60615e-18
3.87165 0.324677 -2.48667e-18 3.94177 0.330657 2.3406e-18 4.01152 0.325206 0
4.09988 0.32079 2.00259e-18 3.78913 0.247405 -2.73936e-18 3.83806 0.272606 0
3.89047 0.293078 -1.1351e-20 3.94667 0.308495 -2.52187e-18 4.00575 0.318075 0
4.06884 0.32238 -2.27228e-18 4.13257 0.315984 0 4.20571 0.308108 0
3.84666 0.238601 0 3.89043 0.262047 0 3.93898 0.281046 -2.58027e-18
3.99197 0.295201 0 4.04823 0.303727 0 4.10795 0.306819 0
4.16872 0.300241 0 4.23338 0.289928 0 3.85443 0.226021 0
3.89643 0.247811 2.62511e-18 3.9436 0.265433 0 3.99528 0.278457 0
4.05024 0.28613 0 4.10814 0.288357 0 4.16712 0.281951 0
4.22717 0.270279 0 3.84874 0.212567 0 3.88995 0.232768 -2.63366e-18
3.93631 0.249086 2.55749e-18 3.98705 0.261053 -2.47315e-18 4.04093 0.267965 0
4.09733 0.269532 2.25618e-18 4.15469 0.263391 -2.12635e-18 4.21177 0.251217 0
3.8431 0.199336 2.65706e-18 3.88358 0.217991 0 3.92906 0.233051 -2.56501e-18
3.97877 0.244011 4.95375e-18 4.03144 0.250217 0 4.08632 0.251265 -2.26259e-18
4.14195 0.245409 -4.84266e-21 4.19666 0.233336 0 3.83976 0.186534 -1.17169e-20
3.87944 0.203692 -2.61845e-18 3.92398 0.217544 0 3.97257 0.227547 -2.48006e-18
4.02397 0.233097 -2.37876e-18 4.0773 0.233741 2.27024e-18 4.13121 0.228184 2.14643e-18
4.18385 0.216582 0 3.83793 0.174094 -2.66472e-18 3.87685 0.189812 2.62615e-18
3.92045 0.202504 0 3.96793 0.211603 0 4.01808 0.216552 2.38452e-18
4.06994 0.216887 -2.27645e-18 4.12221 0.211648 0 4.17304 0.200725 0
3.83687 0.161931 -2.65356e-18 3.87509 0.176273 -2.61632e-18 3.9178 0.187857 -2.55508e-18
3.96424 0.196106 0 4.0132 0.200507 0 4.06369 0.200611 -2.28459e-18
4.11446 0.195711 0 4.16371 0.185577 0 3.83624 0.149994 2.66305e-18
3.87382 0.163023 7.65127e-21 3.91571 0.173551 5.9292e-21 3.96118 0.181001 0
4.00904 0.184904 -2.39097e-18 4.05827 0.184843 -8.96219e-22 4.10768 0.180298 0
4.15557 0.171 -2.07848e-18 3.8359 0.138247 0 3.8729 0.150026 5.24225e-18
3.91404 0.159548 2.56287e-18 3.9586 0.16625 2.48264e-18 4.00544 0.169703 1.41597e-21
4.05352 0.169529 4.59909e-18 4.10171 0.165349 0 4.14842 0.156897 2.08822e-18
3.83576 0.126663 0 3.87225 0.137255 -2.62596e-18 3.91269 0.145819 1.27995e-18
3.95643 0.15182 -2.48935e-18 4.00232 0.154866 1.20196e-18 4.04936 0.154621 -2.30722e-18
4.09647 0.150811 0 4.14214 0.143192 0 3.83577 0.11522 0
3.87179 0.124684 1.31131e-18 3.91161 0.132339 -2.56525e-18 3.95458 0.137682 0
3.99962 0.14036 1.20421e-18 4.04573 0.140075 -1.15816e-18 4.09186 0.136633 0
4.13665 0.129821 -1.06166e-18 3.83587 0.1039 1.33307e-18 3.87148 0.112293 -1.31571e-18
3.91073 0.119084 1.28543e-18 3.95302 0.123808 1.24759e-18 3.99729 0.126149 0
4.04257 0.125848 1.16202e-18 4.08784 0.12277 1.11557e-18 4.13186 0.116733 1.06672e-18
3.83603 0.0926882 -2.56709e-21 3.87128 0.100062 -1.31552e-18 3.91002 0.106029 0
3.9517 0.11017 -1.25136e-18 3.99529 0.112201 -1.21017e-18 4.03982 0.111902 1.16668e-18
4.08435 0.109179 -2.24108e-18 4.12771 0.103882 0 3.83623 0.0815715 -1.34106e-18
3.87115 0.0879714 1.32017e-18 3.90946 0.0931523 1.28849e-18 3.9506 0.0967387 0
3.99357 0.0984829 1.21403e-18 4.03746 0.098198 -1.17075e-18 4.08134 0.0958221 2.25206e-18
4.12413 0.0912316 -1.08216e-18 3.83643 0.0705365 0 3.87108 0.0760031 1.32135e-18
3.909 0.080429 -1.29276e-18 3.94967 0.0834869 0 3.99212 0.0849632 0
4.03546 0.0847019 0 4.07878 0.0826637 -1.13105e-18 4.12109 0.0787493 -1.28181e-21
3.83664 0.0595716 -6.73129e-19 3.87105 0.0641392 -6.63808e-19 3.90864 0.0678374 0
3.94891 0.0703886 0 3.99091 0.0716127 0 4.03378 0.0713821 0
4.07664 0.0696733 0 4.11854 0.0664077 1.09376e-18 3.83682 0.0486633 6.75944e-19
3.87104 0.0523609 -1.32924e-18 3.90836 0.0553549 0 3.9483 0.0574178 0
3.98993 0.0584026 0 4.03241 0.0582081 0 4.07488 0.056821 0
4.11646 0.054181 -5.50435e-19 3.83698 0.0378027 0 3.87104 0.0406535 6.6687e-19
3.90815 0.0429628 0 3.94782 0.0445524 0 3.98916 0.0453082 6.1454e-19
4.03133 0.0451534 0 4.07351 0.0440815 0 4.11483 0.0420475 1.10638e-18
3.8371 0.0269759 3.40093e-19 3.87105 0.0289969 0 3.908 0.0306358 0
3.94747 0.0317639 3.17815e-19 3.9886 0.0322986 -6.16643e-19 4.03054 0.0321868 2.98296e-19
4.07249 0.0314259 0 4.11362 0.0299839 -8.3402e-19 3.83719 0.0161814 -5.12291e-19
3.87107 0.017387 0 3.90791 0.0183656 -1.63848e-19 3.94726 0.0190387 -4.78327e-19
3.98823 0.0193557 0 4.03003 0.0192855 -4.49076e-19 4.07183 0.0188282 -1.44638e-19
4.11283 0.0179641 2.79369e-19 3.83728 0.00539749 1.61699e-19 3.87112 0.00579825 0
3.90791 0.0061235 1.54744e-19 3.94719 0.00634687 1.50397e-19 3.98809 0.00645085 0
4.0298 0.00642549 1.40964e-19 4.07152 0.00627129 1.3611e-19 4.11246 0.00598159 0
1.28785 0.0783723 0 0.991076 0.0372767 0 0.852047 0.0224636 4.50775e-18
0.835007 0.0198149 -4.54177e-18 0.840004 0.0215276 -4.45602e-18 0.842749 0.023292 4.32585e-18
0.84661 0.0242557 -4.17844e-18 0.851255 0.0247969 4.02102e-18 0.854807 0.025124 -3.84798e-18
0.857153 0.025294 3.66851e-18 0.858919 0.0253722 3.5051e-18 0.860484 0.0254134 -3.32378e-18
0.861982 0.025441 -3.74941e-21 0.863493 0.0254643 -2.95656e-18 0.86508 0.0254919 0
0.866787 0.0255311 -2.58418e-18 0.868643 0.0255831 2.38705e-18 0.87066 0.0256423 -2.19329e-18
0.872841 0.0257012 -3.71462e-21 0.875192 0.025757 -1.79334e-18 0.87768 0.0258157 -3.92724e-22
0.880385 0.0258783 -1.39757e-18 0.883061 0.0259603 1.18545e-18 0.886367 0.0260148 -9.75003e-19
0.888482 0.026157 7.59463e-19 0.893904 0.0260535 -1.08855e-18 0.891575 0.0266317 -3.20623e-19
0.90199 0.0253986 -5.55002e-22 2.714 0.198382 2.22221e-18 2.53937 0.138984 2.4639e-18
2.391 0.103571 -2.64972e-18 2.30785 0.0821685 0 2.26062 0.0720039 0
2.2312 0.0680767 -5.41663e-18 2.21418 0.0666256 1.31534e-21 2.20547 0.0662019 -2.57575e-18
2.20127 0.0662258 2.48548e-18 2.19946 0.066363 -2.38544e-18 2.19913 0.0664798 2.28408e-18
2.19985 0.0665596 -4.24751e-21 2.20136 0.066612 -2.06339e-18 2.2035 0.0666473 0
2.20623 0.066681 0 2.20949 0.0667307 0 2.21326 0.0668074 -1.59392e-18
2.21755 0.0669078 0 2.22232 0.0670196 -1.34033e-18 2.22757 0.0671331 0
2.23326 0.0672509 0 2.23945 0.0673811 0 2.24588 0.0675398 -1.04905e-21
2.25322 0.0676887 0 2.25956 0.0679548 -5.17565e-19 2.26963 0.0678679 3.72924e-19
2.27168 0.0690986 0 2.2886 0.066676 -7.91135e-20 3.46598 0.232169 -3.62747e-18
3.40359 0.175399 1.50448e-20 3.3323 0.143931 -4.84592e-22 3.28388 0.122715 -2.03494e-18
3.24997 0.110147 -9.74785e-22 3.22469 0.103572 7.30634e-23 3.20731 0.0999484 -9.39799e-22
3.19637 0.0978282 9.47857e-22 3.18976 0.0965936 1.75936e-21 3.18608 0.0958478 -1.77312e-18
3.18457 0.0953581 -1.69761e-18 3.18477 0.0950171 1.61796e-18 3.18636 0.0947701 8.53549e-23
3.1891 0.0945849 2.84218e-21 3.19285 0.0944501 -1.38172e-21 3.19749 0.0943695 0
3.20297 0.0943478 0 3.20921 0.0943787 0 3.21616 0.094444 2.00524e-18
3.22381 0.0945263 1.86713e-21 3.2321 0.0946212 -8.06912e-19 3.24105 0.094736 -7.05494e-19
3.25047 0.0948876 -6.02432e-19 3.26083 0.0950399 -8.63226e-22 3.2707 0.0953418 -3.86808e-19
3.28372 0.0952177 -4.32224e-22 3.2903 0.0967944 4.31891e-22 3.3113 0.093717 -5.99873e-20
3.90509 0.248894 8.09243e-19 3.88835 0.193099 -2.59028e-18 3.86027 0.164003 0
3.84414 0.143561 2.66022e-18 3.83442 0.130164 0 3.82762 0.122706 2.58707e-18
3.82438 0.118545 -8.41679e-19 3.8245 0.116081 0 3.82688 0.114616 -7.89423e-19
3.83076 0.113725 2.27271e-18 3.83577 0.11314 1.38008e-21 3.84173 0.112724 -6.92481e-19
3.84851 0.112412 -6.54721e-19 3.85602 0.112165 -1.24803e-21 3.86423 0.111973 -5.82144e-19
3.87309 0.111838 -1.10379e-21 3.88259 0.111769 5.04887e-19 3.89272 0.111763 -4.65308e-19
3.90344 0.111803 -8.53942e-19 3.91477 0.111869 -3.83978e-19 3.92668 0.111951 6.84029e-19
3.93921 0.112054 3.01669e-19 3.95221 0.112194 2.55848e-19 3.96606 0.112337 -7.33643e-22
3.9796 0.112648 4.9541e-19 3.99595 0.112502 -1.18544e-19 4.00651 0.114231 0
4.03197 0.110888 2.51227e-20 4.154 0.254708 8.01722e-19 4.16277 0.201195 8.18495e-19
4.15715 0.172948 8.37503e-19 4.15825 0.152841 -8.28344e-19 4.16309 0.13899 -8.17938e-19
4.16902 0.131104 -7.99959e-19 4.17692 0.126782 1.55902e-18 4.18701 0.124273 -1.44347e-21
4.19855 0.122816 2.74122e-21 4.21095 0.121983 -6.98281e-19 4.22395 0.121488 0
4.23742 0.121176 -1.26983e-18 4.25129 0.120969 6.02871e-19 4.26551 0.120824 -5.68071e-19
4.28006 0.120725 5.3392e-19 4.29496 0.120674 -4.98786e-19 4.3102 0.120679 -4.64917e-19
4.3258 0.12074 1.90352e-21 4.34176 0.120844 -1.44606e-21 4.3581 0.120972 7.04422e-19
4.37483 0.121112 1.14389e-21 4.39201 0.121264 -9.75857e-22 4.40951 0.121445 -1.00209e-21
4.4277 0.121618 1.9206e-19 4.44556 0.121967 -1.49292e-19 4.46601 0.121838 1.80254e-22
4.48059 0.123628 0 4.51159 0.120357 4.76552e-20 4.26739 0.251611 -8.14793e-19
4.29546 0.201463 0 4.30622 0.174195 -8.11615e-19 4.31911 0.154972 -1.17229e-21
4.33359 0.141258 1.58018e-18 4.34784 0.133184 -7.41062e-22 4.36303 0.128732 1.33978e-21
4.37978 0.126157 0 4.39764 0.124677 6.97133e-19 4.41617 0.123875 0
4.43517 0.123456 6.37954e-19 4.45454 0.123244 6.06913e-19 4.4742 0.123151 5.75032e-19
4.49411 0.123125 5.42579e-19 4.51424 0.123145 0 4.53461 0.123207 4.75599e-19
4.55519 0.123318 0 4.57601 0.123477 4.04578e-19 4.59705 0.123676 1.51683e-21
4.61835 0.123897 -3.32853e-19 4.6399 0.124128 -1.23284e-21 4.66178 0.124362 2.59423e-19
4.68387 0.124614 -2.21807e-19 4.70652 0.124843 -1.81227e-19 4.72875 0.125249 0
4.75353 0.125178 1.02053e-19 4.77194 0.126957 0 4.80893 0.123999 -2.27715e-20
4.29847 0.242575 8.12761e-19 4.33919 0.196607 0 4.36163 0.170617 -8.11303e-19
4.38314 0.152581 0 4.40479 0.139347 -1.5602e-18 4.42526 0.131261 7.30052e-22
4.44582 0.126751 -7.37762e-19 4.46738 0.124151 -7.09218e-22 4.48976 0.122664 1.30785e-21
4.51264 0.121882 -1.30923e-21 4.53589 0.121511 -6.26527e-19 4.55946 0.121366 1.19142e-21
4.58329 0.12135 -5.63951e-19 4.60735 0.12141 1.06798e-21 4.63161 0.121519 9.39689e-22
4.65608 0.12167 -9.39829e-22 4.68076 0.121864 -1.61422e-21 4.70563 0.122102 1.61442e-21
4.7307 0.122377 0 4.75598 0.122678 0 4.78147 0.122989 0
4.80723 0.123297 0 4.83317 0.123614 7.64789e-22 4.85961 0.123898 -7.64855e-22
4.88557 0.124353 0 4.91415 0.124361 0 4.93577 0.126055 0
4.97821 0.123553 0 4.2919 0.230823 0 4.33914 0.18918 0
4.36862 0.164437 8.1149e-19 4.39545 0.147524 8.00054e-19 4.42172 0.1349 7.77684e-19
4.44643 0.126928 7.53685e-22 4.47071 0.122432 0 4.4956 0.119851 7.10287e-19
4.52109 0.118377 -5.74352e-23 4.54697 0.117612 -6.52491e-19 4.57313 0.117272 -1.1824e-21
4.59958 0.117169 2.30358e-21 4.62626 0.117204 -1.12105e-21 4.65315 0.117322 0
4.68026 0.117494 4.92296e-19 4.70757 0.117706 9.30662e-22 4.73509 0.117956 -4.26064e-19
4.76281 0.118244 0 4.79072 0.118568 -3.56846e-19 4.81884 0.11892 1.18592e-21
4.84717 0.119283 -2.22996e-21 4.87576 0.119642 1.94476e-21 4.90451 0.120002 -2.12088e-19
4.93378 0.120326 -1.48574e-22 4.96252 0.120811 -1.36327e-19 4.99403 0.120903 0
5.01798 0.122451 5.56178e-20 5.06471 0.120458 0 4.27429 0.218169 0
4.32424 0.180665 0 4.35755 0.157116 0 4.3872 0.141197 -8.02436e-19
4.41598 0.129222 7.83909e-19 4.44313 0.121432 -7.29335e-22 4.46958 0.116972 7.31953e-22
4.4964 0.114413 -9.587e-22 4.52371 0.112944 1.35772e-21 4.55134 0.112181 6.50791e-19
4.57923 0.11185 1.18132e-21 4.60738 0.111767 5.87952e-19 4.63578 0.111828 0
4.6644 0.111979 0 4.69325 0.112188 -4.92125e-19 4.72232 0.112436 0
4.75162 0.112716 4.23242e-19 4.78113 0.113027 1.59157e-21 4.81085 0.113372 3.55588e-19
4.84079 0.113747 1.18096e-21 4.87095 0.114136 -1.18017e-21 4.90139 0.11452 2.46961e-19
4.932 0.114903 2.12575e-19 4.96314 0.115251 -7.5016e-22 4.99374 0.115748 1.34992e-19
5.02725 0.115917 9.67051e-20 5.05274 0.117286 -5.52956e-20 5.10244 0.115784 0
4.25662 0.205362 -8.71583e-19 4.30756 0.171732 0 4.34313 0.149411 -8.29372e-19
4.37431 0.134388 -8.12121e-19 4.40437 0.123064 -1.57444e-18 4.43281 0.115492 -7.63416e-19
4.46039 0.111073 0 4.48817 0.108528 -1.42336e-18 4.51635 0.107056 -6.79486e-19
4.54482 0.106279 -6.5341e-19 4.57355 0.105939 -6.21336e-19 4.60254 0.105853 -1.17872e-18
4.63178 0.105919 -1.12052e-21 4.66128 0.106081 -5.25428e-19 4.69102 0.106304 -9.29396e-22
4.72102 0.106563 -4.57956e-19 4.75126 0.106849 -4.24866e-19 4.78174 0.107161 -3.88913e-19
4.81246 0.107506 -3.56866e-19 4.84343 0.10788 -3.18802e-19 4.87463 0.108273 -2.842e-19
4.90612 0.108661 -4.95471e-19 4.9378 0.10905 -1.44906e-22 4.97006 0.10941 -1.73812e-19
5.00175 0.109907 0 5.0365 0.110141 -1.93024e-19 5.06287 0.111321 -5.47678e-20
5.1144 0.110244 -2.32337e-20 4.24154 0.192638 8.7962e-19 4.29286 0.162598 0
4.33007 0.141574 8.34143e-19 4.36232 0.127391 8.13685e-19 4.39315 0.116714 7.9071e-19
4.42237 0.1094 7.66245e-19 4.45061 0.105042 0 4.47886 0.102516 7.1426e-19
4.50742 0.101041 6.81031e-19 4.53624 0.100246 6.54841e-19 4.5653 0.0998857 6.2146e-19
4.59461 0.0997854 5.92301e-19 4.6242 0.0998416 0 4.65405 0.0999979 5.26395e-19
4.68417 0.100216 0 4.71455 0.100469 4.59639e-19 4.74521 0.100745 4.23925e-19
4.77614 0.101044 3.92524e-19 4.80732 0.101373 3.55882e-19 4.83877 0.101732 3.21553e-19
4.87047 0.102111 2.83193e-19 4.90248 0.102492 2.47865e-19 4.93471 0.102876 7.50006e-22
4.96753 0.103241 1.73046e-19 4.9998 0.103728 -1.49291e-22 5.03521 0.104009 9.60536e-20
5.06201 0.105006 5.47989e-20 5.11452 0.104266 2.32364e-20 4.22884 0.180044 8.99304e-19
4.28035 0.153297 0 4.31892 0.13364 8.44728e-19 4.35213 0.120276 -8.22796e-19
4.3836 0.110247 7.9764e-19 4.41343 0.103238 7.71416e-19 4.44215 0.0989705 -7.40071e-22
4.47071 0.096478 7.1393e-19 4.49948 0.0950086 1.36813e-21 4.52846 0.0941973 0
4.55765 0.0938167 -6.2522e-19 4.58708 0.0936981 5.92388e-19 4.61678 0.0937388 5.61208e-19
4.64674 0.0938809 -5.27338e-19 4.67699 0.0940852 4.94103e-19 4.70751 0.0943237 -4.60376e-19
4.73831 0.0945824 4.26162e-19 4.7694 0.0948612 0 4.80076 0.0951669 3.56323e-19
4.8324 0.0955024 3.21901e-19 4.86431 0.0958609 -2.85818e-19 4.89654 0.0962262 2.48058e-19
4.929 0.0966019 -2.1014e-19 4.96208 0.0969665 1.72488e-19 4.9946 0.0974357 -1.34632e-19
5.03034 0.0977438 -2.95108e-22 5.0573 0.0985723 2.94655e-22 5.11026 0.0980791 -2.35102e-20
4.21796 0.167595 -9.0695e-19 4.26953 0.143843 0 4.30928 0.125601 -8.48085e-19
4.34341 0.113053 8.2376e-19 4.37549 0.103674 -7.99091e-19 4.40586 0.097009 -7.71762e-19
4.43502 0.0928665 0 4.46386 0.0904247 -7.16765e-19 4.4928 0.0889733 -1.31216e-21
4.52189 0.0881556 2.56391e-21 4.55116 0.0877593 6.22752e-19 4.58065 0.0876242 -5.9109e-19
4.61039 0.0876486 -5.6115e-19 4.6404 0.0877739 5.27204e-19 4.67068 0.087961 -4.95891e-19
4.70124 0.088182 4.62091e-19 4.73209 0.088422 -4.28471e-19 4.76323 0.0886797 3.06198e-21
4.79465 0.0889611 -3.58354e-19 4.82636 0.0892707 -3.22403e-19 4.85834 0.0896056 2.87297e-19
4.89066 0.0899535 -2.48571e-19 4.9232 0.0903171 2.11052e-19 4.95638 0.0906763 -1.74234e-19
4.989 0.091121 1.34819e-19 5.02488 0.0914363 0 5.05188 0.0921166 0
5.105 0.0917944 2.35376e-20 4.2085 0.1553 -2.18982e-22 4.26005 0.134256 -2.00737e-22
4.3008 0.117451 4.2784e-22 4.33578 0.105725 0 4.36844 0.0969936 0
4.39933 0.090706 7.43184e-22 4.42891 0.0867201 7.47441e-19 4.45802 0.0843479 1.3741e-21
4.48713 0.0829286 -5.96335e-23 4.51633 0.0821156 -1.31461e-21 4.54567 0.0817107 0
4.57521 0.081563 -1.12977e-21 4.60499 0.0815726 1.12874e-21 4.63502 0.0816817 0
4.66532 0.081852 0 4.6959 0.0820562 0 4.72677 0.0822789 0
4.75793 0.0825167 0 4.78938 0.0827748 0 4.82111 0.0830589 -1.18594e-21
4.85312 0.0833697 1.18464e-21 4.88547 0.083699 -8.98817e-22 4.91804 0.0840477 8.97815e-22
4.95127 0.0843956 -6.02582e-22 4.98392 0.0848096 1.49944e-22 5.01986 0.0851162 7.46477e-22
5.04686 0.0856702 5.41572e-20 5.10001 0.0854632 0 4.20024 0.14316 0
4.2517 0.124561 0 4.29328 0.109191 0 4.32905 0.0982977 0
4.36225 0.0902097 0 4.39361 0.0843246 7.78674e-19 4.42359 0.0805248 -7.48202e-19
4.45296 0.0782414 6.58882e-22 4.48224 0.0768681 -1.37745e-21 4.51155 0.076071 6.59006e-19
4.54097 0.0756649 -1.19453e-21 4.57056 0.0755092 1.19354e-21 4.60037 0.0755071 5.62813e-19
4.63043 0.0756019 0 4.66075 0.0757572 0 4.69134 0.0759462 0
4.72223 0.0761528 4.26374e-19 4.7534 0.076372 1.60272e-21 4.78487 0.076608 0
4.81662 0.0768676 3.20709e-19 4.84865 0.0771546 1.18589e-21 4.88101 0.0774634 0
4.91361 0.0777936 0 4.94686 0.0781239 1.7365e-19 4.97952 0.0785028 -4.52126e-22
5.0155 0.0787906 4.5166e-22 5.04247 0.0792409 -8.46479e-23 5.09562 0.0791115 0
4.19301 0.131169 0 4.24434 0.114781 -4.51894e-19 4.28661 0.100828 4.35852e-19
4.3231 0.0907763 -1.22408e-21 4.35679 0.0833284 4.07578e-19 4.38858 0.0778654 -3.90858e-19
4.41892 0.0742791 0 4.44855 0.0721032 3.61102e-19 4.47798 0.0707895 0
4.50741 0.0700192 -3.29941e-19 4.5369 0.0696195 3.13003e-19 4.56654 0.0694606 1.19531e-21
4.59639 0.0694499 -2.8073e-19 4.62647 0.0695328 -1.06785e-21 4.65681 0.0696745 2.47546e-19
4.68743 0.0698492 2.34162e-19 4.71832 0.0700402 -2.17629e-19 4.74952 0.0702413 1.35711e-22
4.781 0.070456 1.8052e-19 4.81277 0.0706919 -3.22285e-19 4.84481 0.0709548 1.41894e-19
4.8772 0.0712412 1.25569e-19 4.9098 0.071549 7.53218e-22 4.94307 0.0718568 -8.7717e-20
4.97575 0.0721988 -4.52304e-22 5.01175 0.0724627 4.90091e-20 5.0387 0.0728304 -2.75777e-20
5.09183 0.072754 1.1899e-20 4.1867 0.119317 0 4.23788 0.104932 9.1136e-19
4.28071 0.0923674 -8.76308e-19 4.31783 0.0831675 -4.21671e-22 4.35198 0.0763577 -4.06313e-19
4.38416 0.0713325 -3.92707e-19 4.41483 0.0679846 0 4.4447 0.0659348 -3.61705e-19
4.47428 0.0646935 0 4.5038 0.0639602 -3.30544e-19 4.53337 0.0635741 -6.30493e-19
4.56306 0.0634165 2.33164e-21 4.59294 0.0634003 -2.83292e-19 4.62305 0.063473 -2.65577e-19
4.65342 0.0636017 -2.47852e-19 4.68405 0.0637619 -4.62703e-19 4.71496 0.0639369 -2.1624e-19
4.74617 0.0641198 -1.96974e-19 4.77766 0.0643137 -1.79258e-19 4.80945 0.0645265 -1.18948e-21
4.84151 0.0647651 -1.42955e-19 4.87391 0.0650274 -1.22714e-19 4.90654 0.06531 -8.99964e-22
4.93982 0.0655921 -1.73905e-19 4.97251 0.0658976 0 5.00852 0.0661362 -4.83108e-20
5.03546 0.0664393 -2.72405e-20 5.08857 0.0663983 -2.38252e-20 4.18121 0.10759 2.29131e-22
4.23222 0.0950313 1.59034e-21 4.27551 0.0838176 4.40844e-19 4.31319 0.0754786 -4.24073e-22
4.34776 0.0693068 0 4.38028 0.0647322 0 4.41125 0.0616451 0
4.44134 0.0597388 0 4.47106 0.0585821 0 4.50068 0.0578948 0
4.53031 0.0575288 -1.22717e-21 4.56005 0.0573765 1.19856e-21 4.58997 0.0573568 -2.81425e-19
4.6201 0.0574203 2.64822e-19 4.65048 0.0575361 0 4.68113 0.0576811 2.32009e-19
4.71206 0.0578393 1.60978e-21 4.74328 0.0580038 1.95581e-19 4.77479 0.0581773 0
4.80659 0.0583676 -1.1905e-21 4.83867 0.0585821 2.23619e-21 4.87109 0.0588193 -1.04585e-21
4.90373 0.0590753 0 4.93702 0.0593303 8.70177e-20 4.96972 0.0596011 0
5.00574 0.059814 0 5.03268 0.0600664 0 5.08577 0.0600465 1.19254e-20
4.17645 0.0959747 0 4.2273 0.0850898 -4.62992e-19 4.27096 0.0751883 4.4528e-19
4.30913 0.067718 -4.2638e-22 4.34408 0.0621858 7.85885e-22 4.3769 0.0580721 -7.87276e-22
4.40814 0.0552653 0 4.43842 0.0535184 3.63334e-19 4.46828 0.0524568 0
4.49798 0.0518236 0 4.52767 0.0514832 3.14291e-19 4.55746 0.0513392 2.33751e-21
4.5874 0.0513177 2.81686e-19 4.61757 0.0513724 0 4.64796 0.051475 -9.4103e-22
4.67862 0.0516041 9.39911e-22 4.70956 0.0517449 0 4.74079 0.051891 -1.47319e-21
4.77232 0.0520446 1.47142e-21 4.80414 0.0522131 -1.19146e-21 4.83623 0.0524039 1.19003e-21
4.86866 0.0526159 9.02237e-22 4.90132 0.052845 1.0513e-19 4.93463 0.0530725 0
4.96733 0.0533104 0 5.00336 0.0534975 0 5.03029 0.0537092 0
5.08336 0.0536987 -1.1934e-20 4.17236 0.0844569 2.33519e-22 4.22305 0.0751187 2.11407e-22
4.26702 0.0664905 -4.47624e-19 4.3056 0.0598946 -4.29999e-19 4.34088 0.0550045 -4.12523e-19
4.37398 0.0513599 1.54709e-21 4.40546 0.0488499 -3.80694e-19 4.43592 0.0472764 -3.63885e-19
4.46589 0.0463191 3.48089e-19 4.49567 0.0457464 -3.32063e-19 4.52542 0.045436 -1.20276e-21
4.55524 0.0453029 3.0081e-19 4.58522 0.0452806 0 4.6154 0.0453269 -2.66442e-19
4.64581 0.0454161 2.49553e-19 4.67649 0.0455291 0 4.70744 0.0456525 -2.13494e-19
4.73868 0.0457802 -1.61083e-21 4.77021 0.0459145 0 4.80204 0.0460621 -1.62866e-19
4.83415 0.0462298 1.42329e-22 4.8666 0.0464168 1.04731e-21 4.89926 0.046619 -2.12217e-19
4.93258 0.0468189 0 4.9653 0.0470257 -6.80284e-20 5.00133 0.0471865 4.52445e-22
5.02826 0.0473651 2.72104e-20 5.08131 0.0473542 3.42241e-24 4.16889 0.0730244 2.35572e-22
4.21943 0.0651268 2.12984e-22 4.26364 0.0577345 -2.02568e-23 4.30258 0.0520169 -1.80217e-21
4.33815 0.0477718 4.14463e-19 4.37148 0.0446027 -7.59412e-22 4.40317 0.0424029 5.64245e-22
4.43378 0.041015 0 4.46386 0.0401696 -6.97164e-19 4.49371 0.0396628 3.33731e-19
4.5235 0.0393862 -2.47059e-21 4.55336 0.0392661 -2.99868e-19 4.58336 0.039244 1.13863e-21
4.61356 0.0392824 2.657e-19 4.64399 0.0393584 -2.48788e-19 4.67468 0.0394553 -2.32653e-19
4.70564 0.0395614 2.15306e-19 4.73689 0.0396712 -1.97697e-19 4.76843 0.0397867 1.79862e-19
4.80028 0.0399139 1.61814e-19 4.8324 0.0400589 -1.43496e-19 4.86486 0.0402211 0
4.89753 0.0403966 1.0618e-19 4.93086 0.040569 0 4.96358 0.0407462 6.71755e-20
4.99962 0.0408802 -4.78861e-20 5.02654 0.0410317 -2.7231e-20 5.07957 0.0410129 2.38923e-20
4.16598 0.0616658 2.37538e-22 4.2164 0.0551212 -2.37736e-22 4.26079 0.0489303 0
4.30004 0.0440932 2.16264e-19 4.33586 0.0404957 0 4.36939 0.0378068 -7.61417e-22
4.40124 0.035928 3.81455e-19 4.43199 0.0347358 7.29032e-22 4.46216 0.0340089 1.73167e-19
4.49207 0.0335723 2.60062e-21 4.52191 0.0333328 -1.60796e-19 4.5518 0.0332276 2.34524e-21
4.58182 0.0332069 -1.13975e-21 4.61204 0.033238 -1.34484e-19 4.64248 0.0333013 1.95264e-21
4.67317 0.0333825 1.13742e-19 4.70414 0.0334717 1.34583e-22 4.7354 0.0335641 1.98003e-19
4.76696 0.0336613 -1.78538e-19 4.79881 0.0337685 8.09556e-20 4.83094 0.0338911 7.18152e-20
4.86341 0.0340285 0 4.89609 0.0341773 0 4.92943 0.0343223 0
4.96215 0.0344712 -4.53291e-22 4.9982 0.0345785 2.43538e-20 5.02512 0.0347085 1.39015e-20
5.07813 0.0346758 -1.19521e-20 4.16361 0.050369 -2.51406e-19 4.21392 0.0451066 -2.38644e-19
4.25846 0.0400862 -8.89881e-22 4.29795 0.0361302 4.36324e-19 4.33397 0.0331833 -8.31676e-22
4.36767 0.0309787 -1.98859e-19 4.39967 0.0294299 1.90415e-19 4.43053 0.028442 -1.39797e-21
4.46078 0.027839 1.7617e-19 4.49074 0.0274763 1.2708e-21 4.52061 0.0272763 -2.48272e-21
4.55053 0.0271877 6.30425e-23 4.58057 0.0271693 1.14082e-21 4.6108 0.0271936 1.32582e-19
4.64125 0.0272445 1.27062e-19 4.67195 0.0273103 1.17335e-19 4.70293 0.0273828 1.07685e-19
4.73419 0.0274579 -1.61468e-21 4.76576 0.0275372 0 4.79762 0.0276245 -7.33826e-24
4.82976 0.0277247 7.18495e-20 4.86223 0.027837 0 4.89492 0.0279589 5.23777e-20
4.92826 0.0280764 1.36046e-21 4.96099 0.0281985 3.2771e-20 4.99704 0.0282787 2.46464e-20
5.02395 0.0283929 -2.72228e-20 5.07695 0.0283411 0 4.16175 0.0391234 2.53526e-19
4.21196 0.0350867 2.39883e-19 4.25662 0.0312097 0 4.2963 0.0281334 -2.17487e-19
4.33249 0.0258387 -1.63359e-21 4.36631 0.0241213 2.00817e-19 4.39843 0.0229097 -1.92217e-19
4.42939 0.0221338 2.13156e-21 4.45969 0.0216597 -1.39845e-21 4.48969 0.0213746 1.27222e-21
4.5196 0.0212168 1.57378e-19 4.54953 0.0211466 1.14332e-21 4.57959 0.0211318 -2.21984e-21
4.60983 0.0211504 -1.32625e-19 4.64029 0.0211897 -1.26156e-19 4.671 0.0212406 -1.15665e-19
4.70198 0.0212969 -1.07904e-19 4.73325 0.0213553 0 4.76481 0.0214169 -9.01263e-20
4.79668 0.0214849 -8.10699e-20 4.82883 0.0215629 -7.08332e-20 4.86131 0.0216502 6.1541e-20
4.894 0.0217453 -1.06331e-19 4.92734 0.0218355 0 4.96007 0.0219322 -3.38511e-20
4.99612 0.0219856 -2.41933e-20 5.02303 0.0220903 1.36157e-20 5.076 0.0220142 0
4.16038 0.0279182 -1.27394e-19 4.21052 0.0250675 1.20647e-19 4.25525 0.0223144 0
4.29507 0.0201173 1.09635e-19 4.33139 0.0184761 1.04811e-19 4.36531 0.0172473 -7.66857e-22
4.39752 0.0163771 9.67041e-20 4.42854 0.0158174 9.31454e-20 4.45889 0.0154748 8.62177e-20
4.48892 0.0152683 1.27357e-21 4.51885 0.0151535 7.69218e-20 4.5488 0.015102 7.53356e-20
4.57886 0.0150904 1.14278e-21 4.60911 0.0151029 1.997e-19 4.63957 0.0151302 6.46082e-20
4.67029 0.0151659 1.15753e-19 4.70127 0.0152053 5.23687e-20 4.73254 0.0152464 1.36947e-22
4.76411 0.0152899 9.1668e-20 4.79598 0.0153379 0 4.82813 0.0153931 1.07896e-19
4.86061 0.0154546 -6.26321e-20 4.8933 0.0155222 7.90328e-20 4.92665 0.0155843 -2.10649e-20
4.95937 0.0156561 0 4.99541 0.0156806 3.60134e-20 5.02232 0.0157839 7.09906e-21
5.07526 0.0156733 0 4.15948 0.0167288 6.44462e-20 4.20958 0.0150302 -1.82075e-19
4.25436 0.0133856 -9.02787e-22 4.29427 0.0120691 -1.10377e-19 4.33066 0.0110863 -1.04225e-19
4.36465 0.0103517 -7.6846e-22 4.39691 0.00983103 -9.53165e-20 4.42798 0.00949566 -9.1859e-20
4.45835 0.00929064 -8.90529e-20 4.48841 0.00916754 2.61219e-21 4.51835 0.00909955 -8.07469e-20
4.5483 0.00906961 -7.41903e-20 4.57837 0.00906377 -2.22344e-21 4.60862 0.0090725 -6.58765e-20
4.63909 0.00909001 -6.3644e-20 4.6698 0.00911249 -8.12244e-22 4.70078 0.0091372 -5.38907e-20
4.73205 0.00916305 1.61799e-21 4.76362 0.00919037 0 4.79548 0.00922055 0
4.82763 0.00925512 -3.59863e-20 4.86011 0.0092931 9.05778e-22 4.89279 0.00933578 -2.7515e-20
4.92613 0.0093715 2.24399e-20 4.95884 0.00942367 7.4081e-21 4.99488 0.00941529 -1.16546e-20
5.02177 0.00953349 -6.80767e-21 5.07468 0.00938055 0 4.15904 0.00556691 5.94393e-20
4.20911 0.00499902 5.57288e-20 4.25391 0.0044489 0 4.29386 0.00400792 -7.72618e-22
4.33029 0.00367888 3.25779e-23 4.36431 0.00343321 3.09065e-23 4.39659 0.00325874 7.03017e-22
4.42767 0.00314565 0 4.45806 0.00307569 0 4.48812 0.00303275 1.16637e-21
4.51807 0.00300787 -5.74216e-23 4.54803 0.00299539 -2.15167e-21 4.5781 0.00299071 1.04503e-21
4.60834 0.00299069 -9.25704e-22 4.63881 0.00299342 1.78824e-21 4.66951 0.00299769 -8.62652e-22
4.70049 0.00300259 0 4.73175 0.00300781 0 4.7633 0.00301344 0
4.79515 0.00301995 -1.0905e-21 4.82729 0.00302784 1.08859e-21 4.85975 0.00303651 0
4.89242 0.0030472 -6.88917e-22 4.92575 0.0030535 6.8771e-22 4.95844 0.00307081 -8.10979e-21
4.99447 0.00305124 4.11867e-22 5.02133 0.00311401 0 5.07418 0.00302071 0
        </DataArray>
      </CellData>
      <PointData>
        <DataArray type='Float32' Name='p' format='ascii'>
7.98753 7.69855 7.26397 7.04654 6.91695 6.82043 6.76423 6.74084 6.73127
6.72265 6.71057 6.69475 6.6765 6.65613 6.63846 7.88825 7.64139 7.25772
7.04993 6.9216 6.82521 6.76813 6.74359 6.7331 6.72384 6.71135 6.69529
6.67689 6.6564 6.63862 7.72938 7.55544 7.25668 7.06132 6.93528 6.84052
6.78125 6.75274 6.73873 6.72706 6.71313 6.69631 6.67752 6.65679 6.63857
7.62784 7.50304 7.26058 7.07252 6.94995 6.85911 6.79832 6.76506 6.74645
6.73149 6.71554 6.6976 6.67818 6.65716 6.63803 7.55033 7.45597 7.25369
7.0773 6.95998 6.87364 6.81269 6.77611 6.7539 6.73618 6.71835 6.69923
6.67903 6.65765 6.63734 7.48464 7.41144 7.24216 7.08035 6.96825 6.88555
6.82486 6.78581 6.76065 6.74055 6.72104 6.70082 6.67987 6.65807 6.63665
7.42904 7.37164 7.22976 7.08243 6.97512 6.8955 6.83544 6.79451 6.76682
6.74462 6.72361 6.70236 6.6807 6.65841 6.63609 7.38184 7.33618 7.21651
7.08284 6.98048 6.90382 6.8447 6.80241 6.77256 6.7485 6.72611 6.7039
6.68154 6.65874 6.63568 7.34141 7.30451 7.20285 7.08194 6.98474 6.91089
6.85284 6.80958 6.77792 6.7522 6.72854 6.70542 6.68237 6.65906 6.63539
7.30652 7.27623 7.18926 7.08007 6.98808 6.91687 6.85995 6.81605 6.78288
6.75569 6.73089 6.70691 6.68321 6.6594 6.63521 7.27624 7.25101 7.17605
7.07744 6.99058 6.92189 6.86613 6.82188 6.78746 6.75898 6.73314 6.70837
6.68405 6.65975 6.63509 7.24982 7.22851 7.16343 7.07425 6.99239 6.92611
6.87151 6.8271 6.79167 6.76206 6.73528 6.70977 6.68487 6.66011 6.63504
7.22668 7.20845 7.1515 7.07068 6.9936 6.92963 6.87618 6.83176 6.79553
6.76494 6.7373 6.71112 6.68567 6.66047 6.63504 7.20637 7.19058 7.14036
7.06689 6.99431 6.93257 6.88022 6.83592 6.79905 6.7676 6.73921 6.7124
6.68644 6.66084 6.63507 7.18851 7.17468 7.13004 7.06301 6.99462 6.935
6.88371 6.8396 6.80224 6.77006 6.74098 6.71361 6.68718 6.6612 6.63513
7.17281 7.16056 7.12056 7.05914 6.99461 6.93701 6.88672 6.84285 6.80512
6.77232 6.74263 6.71474 6.68789 6.66156 6.63522 7.15902 7.14806 7.11193
7.05537 6.99436 6.93864 6.8893 6.84571 6.80771 6.77437 6.74415 6.71579
6.68855 6.6619 6.63531 7.14693 7.13703 7.10414 7.05177 6.99393 6.93996
6.8915 6.84821 6.81001 6.77623 6.74553 6.71676 6.68917 6.66223 6.63541
7.1364 7.12736 7.09717 7.04839 6.99338 6.94101 6.89338 6.85038 6.81205
6.77789 6.74679 6.71765 6.68974 6.66254 6.63552 7.12727 7.11895 7.091
7.04529 6.99277 6.94185 6.89496 6.85225 6.81384 6.77937 6.7479 6.71844
6.69026 6.66283 6.63563 7.11945 7.11171 7.08561 7.04249 6.99213 6.94251
6.89629 6.85385 6.81538 6.78066 6.74889 6.71915 6.69072 6.66308 6.63573
7.11283 7.10556 7.08099 7.04002 6.99151 6.94301 6.89738 6.85519 6.81669
6.78177 6.74974 6.71976 6.69113 6.66332 6.63583 7.10734 7.10046 7.07711
7.0379 6.99093 6.94339 6.89827 6.8563 6.81778 6.7827 6.75047 6.72028
6.69147 6.66351 6.63591 7.10293 7.09634 7.07396 7.03615 6.99042 6.94368
6.89897 6.85718 6.81867 6.78346 6.75105 6.72071 6.69176 6.66368 6.63598
7.09954 7.09318 7.07152 7.03478 6.99001 6.94388 6.8995 6.85785 6.81934
6.78404 6.75151 6.72104 6.69198 6.66381 6.63604 7.09715 7.09095 7.06979
7.03379 6.9897 6.94401 6.89987 6.85833 6.81983 6.78446 6.75184 6.72128
6.69214 6.6639 6.63608 7.09571 7.08961 7.06876 7.0332 6.98951 6.94409
6.90009 6.85861 6.82011 6.78471 6.75203 6.72142 6.69224 6.66396 6.63611
7.09523 7.08916 7.06842 7.033 6.98945 6.94412 6.90017 6.85871 6.82021
6.78479 6.7521 6.72147 6.69227 6.66398 6.63612 7.98753 7.69855 7.26397
7.04654 6.91695 6.82043 6.76423 6.74084 6.73127 6.72265 6.71057 6.69475
6.6765 6.65613 6.63846 7.88825 7.64139 7.25772 7.04993 6.9216 6.82521
6.76813 6.74359 6.7331 6.72384 6.71135 6.69529 6.67689 6.6564 6.63862
7.72938 7.55544 7.25668 7.06132 6.93528 6.84052 6.78125 6.75274 6.73873
6.72706 6.71313 6.69631 6.67752 6.65679 6.63857 7.62784 7.50304 7.26058
7.07252 6.94995 6.85911 6.79832 6.76506 6.74645 6.73149 6.71554 6.6976
6.67818 6.65716 6.63803 7.55033 7.45597 7.25369 7.0773 6.95998 6.87364
6.81269 6.77611 6.7539 6.73618 6.71835 6.69923 6.67903 6.65765 6.63734
7.48464 7.41144 7.24216 7.08035 6.96825 6.88555 6.82486 6.78581 6.76065
6.74055 6.72104 6.70082 6.67987 6.65807 6.63665 7.42904 7.37164 7.22976
7.08243 6.97512 6.8955 6.83544 6.79451 6.76682 6.74462 6.72361 6.70236
6.6807 6.65841 6.63609 7.38184 7.33618 7.21651 7.08284 6.98048 6.90382
6.8447 6.80241 6.77256 6.7485 6.72611 6.7039 6.68154 6.65874 6.63568
7.34141 7.30451 7.20285 7.08194 6.98474 6.91089 6.85284 6.80958 6.77792
6.7522 6.72854 6.70542 6.68237 6.65906 6.63539 7.30652 7.27623 7.18926
7.08007 6.98808 6.91687 6.85995 6.81605 6.78288 6.75569 6.73089 6.70691
6.68321 6.6594 6.63521 7.27624 7.25101 7.17605 7.07744 6.99058 6.92189
6.86613 6.82188 6.78746 6.75898 6.73314 6.70837 6.68405 6.65975 6.63509
7.24982 7.22851 7.16343 7.07425 6.99239 6.92611 6.87151 6.8271 6.79167
6.76206 6.73528 6.70977 6.68487 6.66011 6.63504 7.22668 7.20845 7.1515
7.07068 6.9936 6.92963 6.87618 6.83176 6.79553 6.76494 6.7373 6.71112
6.68567 6.66047 6.63504 7.20637 7.19058 7.14036 7.06689 6.99431 6.93257
6.88022 6.83592 6.79905 6.7676 6.73921 6.7124 6.68644 6.66084 6.63507
7.18851 7.17468 7.13004 7.06301 6.99462 6.935 6.88371 6.8396 6.80224
6.77006 6.74098 6.71361 6.68718 6.6612 6.63513 7.17281 7.16056 7.12056
7.05914 6.99461 6.93701 6.88672 6.84285 6.80512 6.77232 6.74263 6.71474
6.68789 6.66156 6.63522 7.15902 7.14806 7.11193 7.05537 6.99436 6.93864
6.8893 6.84571 6.80771 6.77437 6.74415 6.71579 6.68855 6.6619 6.63531
7.14693 7.13703 7.10414 7.05177 6.99393 6.93996 6.8915 6.84821 6.81001
6.77623 6.74553 6.71676 6.68917 6.66223 6.63541 7.1364 7.12736 7.09717
7.04839 6.99338 6.94101 6.89338 6.85038 6.81205 6.77789 6.74679 6.71765
6.68974 6.66254 6.63552 7.12727 7.11895 7.091 7.04529 6.99277 6.94185
6.89496 6.85225 6.81384 6.77937 6.7479 6.71844 6.69026 6.66283 6.63563
7.11945 7.11171 7.08561 7.04249 6.99213 6.94251 6.89629 6.85385 6.81538
6.78066 6.74889 6.71915 6.69072 6.66308 6.63573 7.11283 7.10556 7.08099
7.04002 6.99151 6.94301 6.89738 6.85519 6.81669 6.78177 6.74974 6.71976
6.69113 6.66332 6.63583 7.10734 7.10046 7.07711 7.0379 6.99093 6.94339
6.89827 6.8563 6.81778 6.7827 6.75047 6.72028 6.69147 6.66351 6.63591
7.10293 7.09634 7.07396 7.03615 6.99042 6.94368 6.89897 6.85718 6.81867
6.78346 6.75105 6.72071 6.69176 6.66368 6.63598 7.09954 7.09318 7.07152
7.03478 6.99001 6.94388 6.8995 6.85785 6.81934 6.78404 6.75151 6.72104
6.69198 6.66381 6.63604 7.09715 7.09095 7.06979 7.03379 6.9897 6.94401
6.89987 6.85833 6.81983 6.78446 6.75184 6.72128 6.69214 6.6639 6.63608
7.09571 7.08961 7.06876 7.0332 6.98951 6.94409 6.90009 6.85861 6.82011
6.78471 6.75203 6.72142 6.69224 6.66396 6.63611 7.09523 7.08916 7.06842
7.033 6.98945 6.94412 6.90017 6.85871 6.82021 6.78479 6.7521 6.72147
6.69227 6.66398 6.63612 6.61657 6.58532 6.55402 6.52417 6.49501 6.46665
6.4394 6.41334 6.38856 6.36526 6.34379 6.32473 6.30866 6.29728 6.29002
6.29512 6.29746 6.33943 6.61666 6.58539 6.5541 6.52427 6.49513 6.46677
6.43951 6.41344 6.38864 6.36532 6.34383 6.32474 6.30865 6.29723 6.2899
6.29501 6.29694 6.34179 6.61634 6.58526 6.55415 6.52443 6.49535 6.467
6.4397 6.41358 6.38871 6.36529 6.34367 6.32441 6.30808 6.29634 6.28856
6.29308 6.29326 6.34155 6.61528 6.5848 6.55404 6.5245 6.49552 6.46718
6.43982 6.41357 6.38852 6.36485 6.34287 6.32313 6.30614 6.29341 6.28433
6.28655 6.28308 6.32706 6.61395 6.58429 6.55391 6.52451 6.49563 6.46731
6.43985 6.41341 6.38806 6.36398 6.34141 6.32083 6.30268 6.28822 6.27679
6.27461 6.26587 6.29547 6.61272 6.58381 6.55378 6.52451 6.49573 6.46741
6.43983 6.41316 6.38745 6.36284 6.33953 6.31787 6.29819 6.28142 6.26683
6.25877 6.24368 6.25277 6.61171 6.58336 6.55366 6.52449 6.49579 6.46746
6.43976 6.41284 6.38675 6.36157 6.33744 6.31459 6.2932 6.27387 6.25569
6.24115 6.21908 6.20759 6.6109 6.58293 6.55354 6.52447 6.49581 6.46746
6.43964 6.41247 6.386 6.36025 6.33527 6.31121 6.28807 6.26611 6.24425
6.22332 6.19407 6.16571 6.61026 6.58252 6.5534 6.52442 6.49579 6.46743
6.43948 6.41207 6.38521 6.35888 6.33308 6.3078 6.28293 6.2584 6.23292
6.20597 6.16971 6.12881 6.60975 6.58216 6.55327 6.52437 6.49576 6.46736
6.43928 6.41163 6.38439 6.35749 6.33086 6.3044 6.27783 6.25079 6.22182
6.18934 6.14645 6.09632 6.60935 6.58184 6.55313 6.52431 6.4957 6.46726
6.43906 6.41116 6.38354 6.35608 6.32865 6.30103 6.2728 6.24334 6.21102
6.17347 6.12443 6.06726 6.60903 6.58155 6.55299 6.52424 6.49563 6.46715
6.43881 6.41068 6.38268 6.35467 6.32645 6.2977 6.26786 6.23608 6.20056
6.15839 6.10373 6.04093 6.60879 6.58131 6.55286 6.52417 6.49555 6.46701
6.43855 6.41017 6.38181 6.35328 6.32429 6.29444 6.26306 6.22906 6.19052
6.14412 6.08438 6.01691 6.6086 6.5811 6.55274 6.52409 6.49546 6.46686
6.43827 6.40967 6.38095 6.3519 6.32218 6.29128 6.25841 6.22232 6.18094
6.13071 6.0664 5.99499 6.60846 6.58092 6.55262 6.52401 6.49537 6.4667
6.43798 6.40916 6.38011 6.35057 6.32015 6.28824 6.25396 6.2159 6.17188
6.11817 6.04978 5.97503 6.60836 6.58077 6.55251 6.52393 6.49527 6.46654
6.4377 6.40867 6.3793 6.34929 6.31819 6.28534 6.24972 6.20983 6.16338
6.10654 6.03453 5.95691 6.60829 6.58065 6.55242 6.52385 6.49517 6.46638
6.43742 6.40819 6.37852 6.34807 6.31634 6.28259 6.24574 6.20415 6.15547
6.09582 6.02061 5.94053 6.60824 6.58055 6.55233 6.52378 6.49507 6.46622
6.43714 6.40774 6.37778 6.34691 6.31459 6.28001 6.24202 6.19888 6.14818
6.08603 6.008 5.92581 6.60821 6.58046 6.55225 6.5237 6.49497 6.46606
6.43688 6.40731 6.37709 6.34584 6.31297 6.27764 6.2386 6.19406 6.14154
6.07716 5.99667 5.91267 6.6082 6.58039 6.55217 6.52363 6.49488 6.46592
6.43664 6.40691 6.37645 6.34485 6.31149 6.27547 6.23549 6.18969 6.13555
6.06923 5.98661 5.90108 6.6082 6.58034 6.55211 6.52357 6.4948 6.46578
6.43642 6.40654 6.37587 6.34396 6.31016 6.27352 6.2327 6.1858 6.13024
6.06223 5.97778 5.89096 6.6082 6.5803 6.55206 6.52352 6.49472 6.46566
6.43622 6.40622 6.37536 6.34318 6.30899 6.27181 6.23027 6.18239 6.12562
6.05617 5.97018 5.88228 6.6082 6.58026 6.55201 6.52347 6.49466 6.46555
6.43605 6.40594 6.37492 6.3425 6.30798 6.27035 6.22818 6.1795 6.12169
6.05104 5.96378 5.875 6.60821 6.58024 6.55198 6.52343 6.4946 6.46547
6.43591 6.40571 6.37455 6.34194 6.30715 6.26914 6.22646 6.17711 6.11847
6.04684 5.95856 5.86909 6.60822 6.58022 6.55195 6.52339 6.49456 6.4654
6.43579 6.40553 6.37427 6.3415 6.3065 6.26819 6.22512 6.17525 6.11596
6.04358 5.95451 5.86451 6.60823 6.5802 6.55193 6.52337 6.49452 6.46535
6.43571 6.40539 6.37406 6.34119 6.30603 6.26751 6.22416 6.17391 6.11416
6.04125 5.95164 5.86126 6.60823 6.5802 6.55192 6.52336 6.4945 6.46531
6.43566 6.40531 6.37393 6.341 6.30574 6.2671 6.22357 6.17311 6.11308
6.03985 5.94991 5.85931 6.60823 6.5802 6.55192 6.52335 6.4945 6.4653
6.43564 6.40529 6.37389 6.34093 6.30565 6.26696 6.22338 6.17284 6.11272
6.03938 5.94933 5.85863 6.61657 6.58532 6.55402 6.52417 6.49501 6.46665
6.4394 6.41334 6.38856 6.36526 6.34379 6.32473 6.30866 6.29728 6.29002
6.29512 6.29746 6.33943 6.61666 6.58539 6.5541 6.52427 6.49513 6.46677
6.43951 6.41344 6.38864 6.36532 6.34383 6.32474 6.30865 6.29723 6.2899
6.29501 6.29694 6.34179 6.61634 6.58526 6.55415 6.52443 6.49535 6.467
6.4397 6.41358 6.38871 6.36529 6.34367 6.32441 6.30808 6.29634 6.28856
6.29308 6.29326 6.34155 6.61528 6.5848 6.55404 6.5245 6.49552 6.46718
6.43982 6.41357 6.38852 6.36485 6.34287 6.32313 6.30614 6.29341 6.28433
6.28655 6.28308 6.32706 6.61395 6.58429 6.55391 6.52451 6.49563 6.46731
6.43985 6.41341 6.38806 6.36398 6.34141 6.32083 6.30268 6.28822 6.27679
6.27461 6.26587 6.29547 6.61272 6.58381 6.55378 6.52451 6.49573 6.46741
6.43983 6.41316 6.38745 6.36284 6.33953 6.31787 6.29819 6.28142 6.26683
6.25877 6.24368 6.25277 6.61171 6.58336 6.55366 6.52449 6.49579 6.46746
6.43976 6.41284 6.38675 6.36157 6.33744 6.31459 6.2932 6.27387 6.25569
6.24115 6.21908 6.20759 6.6109 6.58293 6.55354 6.52447 6.49581 6.46746
6.43964 6.41247 6.386 6.36025 6.33527 6.31121 6.28807 6.26611 6.24425
6.22332 6.19407 6.16571 6.61026 6.58252 6.5534 6.52442 6.49579 6.46743
6.43948 6.41207 6.38521 6.35888 6.33308 6.3078 6.28293 6.2584 6.23292
6.20597 6.16971 6.12881 6.60975 6.58216 6.55327 6.52437 6.49576 6.46736
6.43928 6.41163 6.38439 6.35749 6.33086 6.3044 6.27783 6.25079 6.22182
6.18934 6.14645 6.09632 6.60935 6.58184 6.55313 6.52431 6.4957 6.46726
6.43906 6.41116 6.38354 6.35608 6.32865 6.30103 6.2728 6.24334 6.21102
6.17347 6.12443 6.06726 6.60903 6.58155 6.55299 6.52424 6.49563 6.46715
6.43881 6.41068 6.38268 6.35467 6.32645 6.2977 6.26786 6.23608 6.20056
6.15839 6.10373 6.04093 6.60879 6.58131 6.55286 6.52417 6.49555 6.46701
6.43855 6.41017 6.38181 6.35328 6.32429 6.29444 6.26306 6.22906 6.19052
6.14412 6.08438 6.01691 6.6086 6.5811 6.55274 6.52409 6.49546 6.46686
6.43827 6.40967 6.38095 6.3519 6.32218 6.29128 6.25841 6.22232 6.18094
6.13071 6.0664 5.99499 6.60846 6.58092 6.55262 6.52401 6.49537 6.4667
6.43798 6.40916 6.38011 6.35057 6.32015 6.28824 6.25396 6.2159 6.17188
6.11817 6.04978 5.97503 6.60836 6.58077 6.55251 6.52393 6.49527 6.46654
6.4377 6.40867 6.3793 6.34929 6.31819 6.28534 6.24972 6.20983 6.16338
6.10654 6.03453 5.95691 6.60829 6.58065 6.55242 6.52385 6.49517 6.46638
6.43742 6.40819 6.37852 6.34807 6.31634 6.28259 6.24574 6.20415 6.15547
6.09582 6.02061 5.94053 6.60824 6.58055 6.55233 6.52378 6.49507 6.46622
6.43714 6.40774 6.37778 6.34691 6.31459 6.28001 6.24202 6.19888 6.14818
6.08603 6.008 5.92581 6.60821 6.58046 6.55225 6.5237 6.49497 6.46606
6.43688 6.40731 6.37709 6.34584 6.31297 6.27764 6.2386 6.19406 6.14154
6.07716 5.99667 5.91267 6.6082 6.58039 6.55217 6.52363 6.49488 6.46592
6.43664 6.40691 6.37645 6.34485 6.31149 6.27547 6.23549 6.18969 6.13555
6.06923 5.98661 5.90108 6.6082 6.58034 6.55211 6.52357 6.4948 6.46578
6.43642 6.40654 6.37587 6.34396 6.31016 6.27352 6.2327 6.1858 6.13024
6.06223 5.97778 5.89096 6.6082 6.5803 6.55206 6.52352 6.49472 6.46566
6.43622 6.40622 6.37536 6.34318 6.30899 6.27181 6.23027 6.18239 6.12562
6.05617 5.97018 5.88228 6.6082 6.58026 6.55201 6.52347 6.49466 6.46555
6.43605 6.40594 6.37492 6.3425 6.30798 6.27035 6.22818 6.1795 6.12169
6.05104 5.96378 5.875 6.60821 6.58024 6.55198 6.52343 6.4946 6.46547
6.43591 6.40571 6.37455 6.34194 6.30715 6.26914 6.22646 6.17711 6.11847
6.04684 5.95856 5.86909 6.60822 6.58022 6.55195 6.52339 6.49456 6.4654
6.43579 6.40553 6.37427 6.3415 6.3065 6.26819 6.22512 6.17525 6.11596
6.04358 5.95451 5.86451 6.60823 6.5802 6.55193 6.52337 6.49452 6.46535
6.43571 6.40539 6.37406 6.34119 6.30603 6.26751 6.22416 6.17391 6.11416
6.04125 5.95164 5.86126 6.60823 6.5802 6.55192 6.52336 6.4945 6.46531
6.43566 6.40531 6.37393 6.341 6.30574 6.2671 6.22357 6.17311 6.11308
6.03985 5.94991 5.85931 6.60823 6.5802 6.55192 6.52335 6.4945 6.4653
6.43564 6.40529 6.37389 6.34093 6.30565 6.26696 6.22338 6.17284 6.11272
6.03938 5.94933 5.85863 6.37747 6.35957 6.33366 6.30411 6.2665 6.21967
6.16616 6.06957 6.37725 6.35168 6.32446 6.29592 6.25839 6.21106 6.15758
6.06165 6.36943 6.32739 6.29731 6.27168 6.23533 6.18797 6.13528 6.04142
6.34503 6.29144 6.25843 6.23474 6.19992 6.15348 6.10215 6.01161 6.30334
6.24981 6.21464 6.18952 6.15502 6.10985 6.05995 5.97379 6.2502 6.20444
6.16879 6.1406 6.1058 6.06234 6.01422 5.93276 6.1949 6.15807 6.12356
6.09278 6.05761 6.01584 5.9696 5.8924 6.14398 6.11318 6.08042 6.04832
6.01299 5.97266 5.92823 5.85464 6.09962 6.07149 6.04027 6.00793 5.97273
5.93355 5.8907 5.82003 6.06137 6.03377 6.00356 5.97149 5.93659 5.89828
5.85676 5.78845 6.02803 6.00004 5.97032 5.93862 5.90407 5.86647 5.826
5.75963 5.99854 5.96994 5.94037 5.90896 5.87475 5.83773 5.79812 5.73336
5.97218 5.94301 5.91342 5.88219 5.84828 5.81175 5.77284 5.70944 5.94848
5.91887 5.88919 5.85807 5.82439 5.78827 5.74995 5.68771 5.92715 5.8972
5.86741 5.83634 5.80286 5.76708 5.72927 5.66804 5.90795 5.87775 5.84786
5.81681 5.7835 5.74802 5.71065 5.65029 5.89071 5.86033 5.83035 5.79933
5.76615 5.73094 5.69395 5.63437 5.87531 5.84479 5.81475 5.78374 5.7507
5.71572 5.67907 5.62016 5.86162 5.83102 5.80094 5.76995 5.73702 5.70225
5.6659 5.60757 5.84957 5.81892 5.78881 5.75784 5.72501 5.69043 5.65434
5.59652 5.8391 5.8084 5.77828 5.74734 5.71461 5.68018 5.64431 5.58692
5.83013 5.79942 5.76929 5.73838 5.70572 5.67143 5.63575 5.57873 5.82263
5.79191 5.76178 5.73089 5.6983 5.66412 5.62859 5.57188 5.81654 5.78582
5.75569 5.72482 5.69228 5.6582 5.6228 5.56633 5.81184 5.78111 5.751
5.72014 5.68765 5.65364 5.61833 5.56205 5.80849 5.77777 5.74766 5.71681
5.68435 5.65039 5.61516 5.55902 5.80649 5.77578 5.74567 5.71483 5.68238
5.64845 5.61326 5.5572 5.80583 5.77513 5.74502 5.71417 5.68173 5.64781
5.61262 5.55661 6.37747 6.35957 6.33366 6.30411 6.2665 6.21967 6.16616
6.06957 6.37725 6.35168 6.32446 6.29592 6.25839 6.21106 6.15758 6.06165
6.36943 6.32739 6.29731 6.27168 6.23533 6.18797 6.13528 6.04142 6.34503
6.29144 6.25843 6.23474 6.19992 6.15348 6.10215 6.01161 6.30334 6.24981
6.21464 6.18952 6.15502 6.10985 6.05995 5.97379 6.2502 6.20444 6.16879
6.1406 6.1058 6.06234 6.01422 5.93276 6.1949 6.15807 6.12356 6.09278
6.05761 6.01584 5.9696 5.8924 6.14398 6.11318 6.08042 6.04832 6.01299
5.97266 5.92823 5.85464 6.09962 6.07149 6.04027 6.00793 5.97273 5.93355
5.8907 5.82003 6.06137 6.03377 6.00356 5.97149 5.93659 5.89828 5.85676
5.78845 6.02803 6.00004 5.97032 5.93862 5.90407 5.86647 5.826 5.75963
5.99854 5.96994 5.94037 5.90896 5.87475 5.83773 5.79812 5.73336 5.97218
5.94301 5.91342 5.88219 5.84828 5.81175 5.77284 5.70944 5.94848 5.91887
5.88919 5.85807 5.82439 5.78827 5.74995 5.68771 5.92715 5.8972 5.86741
5.83634 5.80286 5.76708 5.72927 5.66804 5.90795 5.87775 5.84786 5.81681
5.7835 5.74802 5.71065 5.65029 5.89071 5.86033 5.83035 5.79933 5.76615
5.73094 5.69395 5.63437 5.87531 5.84479 5.81475 5.78374 5.7507 5.71572
5.67907 5.62016 5.86162 5.83102 5.80094 5.76995 5.73702 5.70225 5.6659
5.60757 5.84957 5.81892 5.78881 5.75784 5.72501 5.69043 5.65434 5.59652
5.8391 5.8084 5.77828 5.74734 5.71461 5.68018 5.64431 5.58692 5.83013
5.79942 5.76929 5.73838 5.70572 5.67143 5.63575 5.57873 5.82263 5.79191
5.76178 5.73089 5.6983 5.66412 5.62859 5.57188 5.81654 5.78582 5.75569
5.72482 5.69228 5.6582 5.6228 5.56633 5.81184 5.78111 5.751 5.72014
5.68765 5.65364 5.61833 5.56205 5.80849 5.77777 5.74766 5.71681 5.68435
5.65039 5.61516 5.55902 5.80649 5.77578 5.74567 5.71483 5.68238 5.64845
5.61326 5.5572 5.80583 5.77513 5.74502 5.71417 5.68173 5.64781 5.61262
5.55661 5.89389 5.67801 5.44193 5.18541 4.91254 4.61362 4.29925 3.83376
5.88626 5.67025 5.43425 5.17788 4.9052 4.60689 4.29387 3.83743 5.86808
5.65352 5.41901 5.16423 4.89328 4.59805 4.29019 3.85929 5.84321 5.63272
5.40175 5.15074 4.88391 4.59499 4.296 3.89967 5.81252 5.6076 5.38162
5.13609 4.87527 4.59494 4.30656 3.94539 5.77925 5.5807 5.36068 5.12177
4.86817 4.59766 4.32047 3.9911 5.74605 5.55398 5.34028 5.10836 4.86244
4.60201 4.33604 4.03392 5.71442 5.52857 5.32112 5.09615 4.85791 4.60729
4.35232 4.07256 5.68495 5.50488 5.30344 5.08513 4.85434 4.61298 4.36849
4.10673 5.65771 5.48296 5.28719 5.07521 4.85152 4.6188 4.38406 4.13674
5.63263 5.46273 5.27231 5.0663 4.84931 4.62458 4.39874 4.16312 5.6096
5.44412 5.2587 5.05829 4.8476 4.6302 4.41238 4.18636 5.58851 5.42705
5.24628 5.05112 4.84629 4.63557 4.42494 4.20688 5.56928 5.41146 5.23501
5.04471 4.8453 4.64065 4.4364 4.22502 5.5518 5.39729 5.2248 5.039
4.84455 4.64537 4.44678 4.24104 5.53601 5.38446 5.21561 5.03392 4.844
4.64973 4.45612 4.25518 5.5218 5.37292 5.20736 5.02941 4.84358 4.6537
4.46448 4.26763 5.50911 5.36259 5.2 5.02542 4.84327 4.65728 4.4719
4.27856 5.49784 5.35342 5.19348 5.02192 4.84304 4.66047 4.47845 4.2881
5.48794 5.34536 5.18775 5.01886 4.84286 4.66329 4.48416 4.29638 5.47934
5.33836 5.18279 5.01622 4.84273 4.66575 4.4891 4.30348 5.47199 5.33237
5.17854 5.01398 4.84264 4.66786 4.4933 4.3095 5.46585 5.32736 5.175
5.01211 4.84257 4.66962 4.49679 4.31448 5.46087 5.32331 5.17213 5.01061
4.84252 4.67105 4.49961 4.31849 5.45703 5.32018 5.16992 5.00945 4.84249
4.67216 4.50178 4.32157 5.45431 5.31796 5.16835 5.00863 4.84246 4.67294
4.50331 4.32374 5.45268 5.31663 5.16742 5.00814 4.84245 4.67341 4.50423
4.32504 5.45216 5.31621 5.16713 5.00801 4.84248 4.6736 4.50457 4.32552
5.89389 5.67801 5.44193 5.18541 4.91254 4.61362 4.29925 3.83376 5.88626
5.67025 5.43425 5.17788 4.9052 4.60689 4.29387 3.83743 5.86808 5.65352
5.41901 5.16423 4.89328 4.59805 4.29019 3.85929 5.84321 5.63272 5.40175
5.15074 4.88391 4.59499 4.296 3.89967 5.81252 5.6076 5.38162 5.13609
4.87527 4.59494 4.30656 3.94539 5.77925 5.5807 5.36068 5.12177 4.86817
4.59766 4.32047 3.9911 5.74605 5.55398 5.34028 5.10836 4.86244 4.60201
4.33604 4.03392 5.71442 5.52857 5.32112 5.09615 4.85791 4.60729 4.35232
4.07256 5.68495 5.50488 5.30344 5.08513 4.85434 4.61298 4.36849 4.10673
5.65771 5.48296 5.28719 5.07521 4.85152 4.6188 4.38406 4.13674 5.63263
5.46273 5.27231 5.0663 4.84931 4.62458 4.39874 4.16312 5.6096 5.44412
5.2587 5.05829 4.8476 4.6302 4.41238 4.18636 5.58851 5.42705 5.24628
5.05112 4.84629 4.63557 4.42494 4.20688 5.56928 5.41146 5.23501 5.04471
4.8453 4.64065 4.4364 4.22502 5.5518 5.39729 5.2248 5.039 4.84455
4.64537 4.44678 4.24104 5.53601 5.38446 5.21561 5.03392 4.844 4.64973
4.45612 4.25518 5.5218 5.37292 5.20736 5.02941 4.84358 4.6537 4.46448
4.26763 5.50911 5.36259 5.2 5.02542 4.84327 4.65728 4.4719 4.27856
5.49784 5.35342 5.19348 5.02192 4.84304 4.66047 4.47845 4.2881 5.48794
5.34536 5.18775 5.01886 4.84286 4.66329 4.48416 4.29638 5.47934 5.33836
5.18279 5.01622 4.84273 4.66575 4.4891 4.30348 5.47199 5.33237 5.17854
5.01398 4.84264 4.66786 4.4933 4.3095 5.46585 5.32736 5.175 5.01211
4.84257 4.66962 4.49679 4.31448 5.46087 5.32331 5.17213 5.01061 4.84252
4.67105 4.49961 4.31849 5.45703 5.32018 5.16992 5.00945 4.84249 4.67216
4.50178 4.32157 5.45431 5.31796 5.16835 5.00863 4.84246 4.67294 4.50331
4.32374 5.45268 5.31663 5.16742 5.00814 4.84245 4.67341 4.50423 4.32504
5.45216 5.31621 5.16713 5.00801 4.84248 4.6736 4.50457 4.32552 3.52135
3.53544 3.49339 3.40218 3.30993 3.21336 3.10497 2.98707 2.86347 2.7359
2.60499 2.4712 2.33484 2.19608 2.05498 1.91155 1.76577 1.61758 1.46696
1.31384 1.15819 0.999901 0.839069 0.675169 0.509363 0.338675 0.170599 0.0429729
3.5293 3.53832 3.49529 3.40302 3.30996 3.21307 3.10455 2.98655 2.86291
2.73532 2.6044 2.47061 2.33424 2.19547 2.05436 1.91091 1.76511 1.61692
1.46629 1.31316 1.15751 0.999207 0.838366 0.674454 0.508645 0.337909 0.169965
0 3.55992 3.55056 3.50224 3.40649 3.31082 3.21288 3.10397 2.98576
2.862 2.73437 2.60344 2.46962 2.33324 2.19444 2.0533 1.90982 1.764
1.61579 1.46515 1.31201 1.15634 0.998018 0.837158 0.673223 0.507413 0.336537
0.169069 0 3.60964 3.57118 3.51357 3.41331 3.31375 3.21385 3.10415
2.9855 2.8615 2.73375 2.60276 2.46891 2.3325 2.19368 2.0525 1.90897
1.76311 1.61488 1.46423 1.31109 1.15541 0.997074 0.836194 0.672235 0.506426
0.335331 0.168734 0 3.66451 3.59509 3.52719 3.42291 3.31887 3.21614
3.10515 2.9858 2.86138 2.73341 2.60231 2.4684 2.33195 2.19309 2.05186
1.90828 1.76236 1.6141 1.46344 1.31031 1.15463 0.996275 0.835376 0.671388
0.505578 0.3342 0.168752 0 3.7192 3.62136 3.54244 3.43421 3.32541
3.2193 3.1067 2.98651 2.86157 2.73331 2.60206 2.46807 2.33157 2.19266
2.05137 1.90772 1.76174 1.61343 1.46277 1.30964 1.15396 0.995602 0.834689
0.670667 0.504851 0.333145 0.168965 0 3.77065 3.64868 3.55832 3.44611
3.33271 3.22303 3.10864 2.98752 2.86199 2.73339 2.60196 2.46786 2.3313
2.19233 2.05099 1.90727 1.76122 1.61287 1.46218 1.30906 1.15339 0.995036
0.834116 0.670056 0.50423 0.332172 0.169245 0 3.81705 3.67566 3.57406
3.45791 3.34033 3.2271 3.11082 2.98872 2.86257 2.73358 2.60194 2.46773
2.33109 2.19208 2.05067 1.90689 1.76078 1.61238 1.46167 1.30854 1.15289
0.99455 0.83363 0.669527 0.503681 0.331278 0.169496 0 3.85799 3.70159
3.58937 3.4693 3.34796 3.23134 3.11312 2.99002 2.86323 2.73385 2.60199
2.46766 2.33094 2.19186 2.0504 1.90656 1.76039 1.61195 1.46121 1.30808
1.15244 0.994121 0.833203 0.669049 0.503173 0.330455 0.169663 0 3.89394
3.72614 3.60415 3.48015 3.35543 3.23561 3.11547 2.99136 2.86394 2.73416
2.60207 2.46761 2.3308 2.19166 2.05016 1.90628 1.76006 1.61157 1.46079
1.30765 1.15203 0.993726 0.832808 0.668596 0.50268 0.329694 0.169729 0
3.92555 3.74915 3.61833 3.49041 3.36265 3.23987 3.11783 2.99272 2.86469
2.73451 2.60219 2.46758 2.33068 2.19148 2.04994 1.90602 1.75977 1.61123
1.46042 1.30726 1.15164 0.99335 0.832425 0.668148 0.502187 0.328992 0.169708
0 3.9534 3.77052 3.63186 3.50011 3.36956 3.24407 3.12019 2.99408
2.86546 2.73489 2.60232 2.46757 2.33058 2.19132 2.04973 1.90579 1.75951
1.61093 1.46007 1.30689 1.15127 0.992979 0.832038 0.667697 0.501695 0.328353
0.169629 0 3.978 3.79025 3.64471 3.50923 3.37614 3.24816 3.12252
2.99545 2.86624 2.73528 2.60247 2.46757 2.33049 2.19117 2.04955 1.90558
1.75927 1.61065 1.45975 1.30654 1.1509 0.992605 0.831644 0.667244 0.501214
0.327785 0.169522 0 3.99973 3.80833 3.65683 3.5178 3.38236 3.25213
3.12482 2.99679 2.86703 2.73569 2.60264 2.46759 2.33041 2.19103 2.04938
1.90539 1.75906 1.6104 1.45946 1.3062 1.15055 0.992229 0.831245 0.666799
0.500757 0.32729 0.169409 0 4.01893 3.82482 3.66818 3.52582 3.3882
3.25593 3.12706 2.99812 2.86781 2.7361 2.60281 2.46761 2.33034 2.1909
2.04922 1.90522 1.75886 1.61017 1.45918 1.30589 1.1502 0.991855 0.830851
0.666373 0.500335 0.326868 0.169298 0 4.03588 3.83977 3.67873 3.53328
3.39366 3.25955 3.12922 2.9994 2.86857 2.73651 2.60298 2.46764 2.33027
2.19078 2.04907 1.90505 1.75867 1.60995 1.45893 1.30559 1.14986 0.991493
0.830472 0.665976 0.499953 0.326508 0.16919 0 4.05081 3.85323 3.68847
3.54018 3.39872 3.26296 3.13129 3.00063 2.86931 2.73691 2.60316 2.46767
2.33021 2.19067 2.04892 1.90488 1.75849 1.60975 1.45869 1.30531 1.14954
0.991148 0.830115 0.66561 0.499609 0.326198 0.169083 0 4.06392 3.86528
3.69737 3.54652 3.40337 3.26614 3.13324 3.00179 2.87 2.73729 2.60332
2.4677 2.33016 2.19056 2.04878 1.90473 1.75833 1.60957 1.45848 1.30505
1.14925 0.990826 0.829783 0.665276 0.4993 0.325925 0.168973 0 4.07537
3.87598 3.70544 3.55228 3.4076 3.26906 3.13505 3.00288 2.87065 2.73765
2.60347 2.46772 2.3301 2.19045 2.04865 1.90459 1.75818 1.6094 1.45828
1.30482 1.14897 0.990529 0.829478 0.664972 0.49902 0.325682 0.168862 0
4.08531 3.8854 3.71265 3.55747 3.4114 3.27171 3.13671 3.00387 2.87124
2.73797 2.60361 2.46774 2.33005 2.19035 2.04853 1.90446 1.75804 1.60925
1.4581 1.3046 1.14873 0.990256 0.829199 0.664697 0.498767 0.325463 0.168751
0 4.09385 3.89357 3.71901 3.56206 3.41478 3.27407 3.13821 3.00477
2.87177 2.73826 2.60373 2.46775 2.33 2.19026 2.04842 1.90434 1.75792
1.60912 1.45794 1.30441 1.1485 0.990009 0.828947 0.664449 0.498539 0.325266
0.168644 0 4.10107 3.90056 3.72451 3.56606 3.41771 3.27614 3.13952
3.00555 2.87223 2.73851 2.60384 2.46776 2.32995 2.19018 2.04833 1.90424
1.75781 1.609 1.4578 1.30423 1.1483 0.989787 0.828721 0.664227 0.498336
0.325089 0.168543 0 4.10707 3.9064 3.72916 3.56945 3.4202 3.2779
3.14065 3.00623 2.87263 2.73873 2.60393 2.46777 2.32991 2.19011 2.04824
1.90414 1.75771 1.60889 1.45767 1.30408 1.14811 0.989589 0.82852 0.664031
0.498157 0.32493 0.168451 0 4.11189 3.91113 3.73296 3.57222 3.42223
3.27934 3.14158 3.00678 2.87295 2.7389 2.604 2.46777 2.32987 2.19005
2.04816 1.90406 1.75762 1.60879 1.45755 1.30394 1.14796 0.989416 0.828344
0.66386 0.498 0.324787 0.168368 0 4.11559 3.91477 3.7359 3.57439
3.42382 3.28047 3.14231 3.00722 2.87321 2.73903 2.60405 2.46777 2.32983
2.18999 2.04809 1.90398 1.75754 1.6087 1.45745 1.30382 1.14782 0.989266
0.828192 0.663711 0.497863 0.324656 0.168294 0 4.1182 3.91735 3.738
3.57593 3.42495 3.28128 3.14283 3.00753 2.87338 2.73912 2.60408 2.46775
2.32979 2.18994 2.04803 1.90392 1.75748 1.60863 1.45737 1.30372 1.14771
0.989145 0.828069 0.663588 0.497751 0.324539 0.168237 0 4.11976 3.91889
3.73925 3.57685 3.42562 3.28175 3.14313 3.0077 2.87347 2.73916 2.60408
2.46773 2.32975 2.18989 2.04797 1.90386 1.75741 1.60855 1.45729 1.30363
1.14761 0.989037 0.827958 0.663474 0.497646 0.324412 0.168178 0 4.1203
3.91942 3.73969 3.57717 3.42586 3.28192 3.14324 3.00777 2.87351 2.73918
2.60408 2.46773 2.32974 2.18987 2.04796 1.90384 1.75739 1.60853 1.45726
1.3036 1.14757 0.988998 0.827917 0.66343 0.497607 0.324358 0.168155 0.0488947
3.52135 3.53544 3.49339 3.40218 3.30993 3.21336 3.10497 2.98707 2.86347
2.7359 2.60499 2.4712 2.33484 2.19608 2.05498 1.91155 1.76577 1.61758
1.46696 1.31384 1.15819 0.999901 0.839069 0.675169 0.509363 0.338675 0.170599
0.0429729 3.5293 3.53832 3.49529 3.40302 3.30996 3.21307 3.10455 2.98655
2.86291 2.73532 2.6044 2.47061 2.33424 2.19547 2.05436 1.91091 1.76511
1.61692 1.46629 1.31316 1.15751 0.999207 0.838366 0.674454 0.508645 0.337909
0.169965 0 3.55992 3.55056 3.50224 3.40649 3.31082 3.21288 3.10397
2.98576 2.862 2.73437 2.60344 2.46962 2.33324 2.19444 2.0533 1.90982
1.764 1.61579 1.46515 1.31201 1.15634 0.998018 0.837158 0.673223 0.507413
0.336537 0.169069 0 3.60964 3.57118 3.51357 3.41331 3.31375 3.21385
3.10415 2.9855 2.8615 2.73375 2.60276 2.46891 2.3325 2.19368 2.0525
1.90897 1.76311 1.61488 1.46423 1.31109 1.15541 0.997074 0.836194 0.672235
0.506426 0.335331 0.168734 0 3.66451 3.59509 3.52719 3.42291 3.31887
3.21614 3.10515 2.9858 2.86138 2.73341 2.60231 2.4684 2.33195 2.19309
2.05186 1.90828 1.76236 1.6141 1.46344 1.31031 1.15463 0.996275 0.835376
0.671388 0.505578 0.3342 0.168752 0 3.7192 3.62136 3.54244 3.43421
3.32541 3.2193 3.1067 2.98651 2.86157 2.73331 2.60206 2.46807 2.33157
2.19266 2.05137 1.90772 1.76174 1.61343 1.46277 1.30964 1.15396 0.995602
0.834689 0.670667 0.504851 0.333145 0.168965 0 3.77065 3.64868 3.55832
3.44611 3.33271 3.22303 3.10864 2.98752 2.86199 2.73339 2.60196 2.46786
2.3313 2.19233 2.05099 1.90727 1.76122 1.61287 1.46218 1.30906 1.15339
0.995036 0.834116 0.670056 0.50423 0.332172 0.169245 0 3.81705 3.67566
3.57406 3.45791 3.34033 3.2271 3.11082 2.98872 2.86257 2.73358 2.60194
2.46773 2.33109 2.19208 2.05067 1.90689 1.76078 1.61238 1.46167 1.30854
1.15289 0.99455 0.83363 0.669527 0.503681 0.331278 0.169496 0 3.85799
3.70159 3.58937 3.4693 3.34796 3.23134 3.11312 2.99002 2.86323 2.73385
2.60199 2.46766 2.33094 2.19186 2.0504 1.90656 1.76039 1.61195 1.46121
1.30808 1.15244 0.994121 0.833203 0.669049 0.503173 0.330455 0.169663 0
3.89394 3.72614 3.60415 3.48015 3.35543 3.23561 3.11547 2.99136 2.86394
2.73416 2.60207 2.46761 2.3308 2.19166 2.05016 1.90628 1.76006 1.61157
1.46079 1.30765 1.15203 0.993726 0.832808 0.668596 0.50268 0.329694 0.169729
0 3.92555 3.74915 3.61833 3.49041 3.36265 3.23987 3.11783 2.99272
2.86469 2.73451 2.60219 2.46758 2.33068 2.19148 2.04994 1.90602 1.75977
1.61123 1.46042 1.30726 1.15164 0.99335 0.832425 0.668148 0.502187 0.328992
0.169708 0 3.9534 3.77052 3.63186 3.50011 3.36956 3.24407 3.12019
2.99408 2.86546 2.73489 2.60232 2.46757 2.33058 2.19132 2.04973 1.90579
1.75951 1.61093 1.46007 1.30689 1.15127 0.992979 0.832038 0.667697 0.501695
0.328353 0.169629 0 3.978 3.79025 3.64471 3.50923 3.37614 3.24816
3.12252 2.99545 2.86624 2.73528 2.60247 2.46757 2.33049 2.19117 2.04955
1.90558 1.75927 1.61065 1.45975 1.30654 1.1509 0.992605 0.831644 0.667244
0.501214 0.327785 0.169522 0 3.99973 3.80833 3.65683 3.5178 3.38236
3.25213 3.12482 2.99679 2.86703 2.73569 2.60264 2.46759 2.33041 2.19103
2.04938 1.90539 1.75906 1.6104 1.45946 1.3062 1.15055 0.992229 0.831245
0.666799 0.500757 0.32729 0.169409 0 4.01893 3.82482 3.66818 3.52582
3.3882 3.25593 3.12706 2.99812 2.86781 2.7361 2.60281 2.46761 2.33034
2.1909 2.04922 1.90522 1.75886 1.61017 1.45918 1.30589 1.1502 0.991855
0.830851 0.666373 0.500335 0.326868 0.169298 0 4.03588 3.83977 3.67873
3.53328 3.39366 3.25955 3.12922 2.9994 2.86857 2.73651 2.60298 2.46764
2.33027 2.19078 2.04907 1.90505 1.75867 1.60995 1.45893 1.30559 1.14986
0.991493 0.830472 0.665976 0.499953 0.326508 0.16919 0 4.05081 3.85323
3.68847 3.54018 3.39872 3.26296 3.13129 3.00063 2.86931 2.73691 2.60316
2.46767 2.33021 2.19067 2.04892 1.90488 1.75849 1.60975 1.45869 1.30531
1.14954 0.991148 0.830115 0.66561 0.499609 0.326198 0.169083 0 4.06392
3.86528 3.69737 3.54652 3.40337 3.26614 3.13324 3.00179 2.87 2.73729
2.60332 2.4677 2.33016 2.19056 2.04878 1.90473 1.75833 1.60957 1.45848
1.30505 1.14925 0.990826 0.829783 0.665276 0.4993 0.325925 0.168973 0
4.07537 3.87598 3.70544 3.55228 3.4076 3.26906 3.13505 3.00288 2.87065
2.73765 2.60347 2.46772 2.3301 2.19045 2.04865 1.90459 1.75818 1.6094
1.45828 1.30482 1.14897 0.990529 0.829478 0.664972 0.49902 0.325682 0.168862
0 4.08531 3.8854 3.71265 3.55747 3.4114 3.27171 3.13671 3.00387
2.87124 2.73797 2.60361 2.46774 2.33005 2.19035 2.04853 1.90446 1.75804
1.60925 1.4581 1.3046 1.14873 0.990256 0.829199 0.664697 0.498767 0.325463
0.168751 0 4.09385 3.89357 3.71901 3.56206 3.41478 3.27407 3.13821
3.00477 2.87177 2.73826 2.60373 2.46775 2.33 2.19026 2.04842 1.90434
1.75792 1.60912 1.45794 1.30441 1.1485 0.990009 0.828947 0.664449 0.498539
0.325266 0.168644 0 4.10107 3.90056 3.72451 3.56606 3.41771 3.27614
3.13952 3.00555 2.87223 2.73851 2.60384 2.46776 2.32995 2.19018 2.04833
1.90424 1.75781 1.609 1.4578 1.30423 1.1483 0.989787 0.828721 0.664227
0.498336 0.325089 0.168543 0 4.10707 3.9064 3.72916 3.56945 3.4202
3.2779 3.14065 3.00623 2.87263 2.73873 2.60393 2.46777 2.32991 2.19011
2.04824 1.90414 1.75771 1.60889 1.45767 1.30408 1.14811 0.989589 0.82852
0.664031 0.498157 0.32493 0.168451 0 4.11189 3.91113 3.73296 3.57222
3.42223 3.27934 3.14158 3.00678 2.87295 2.7389 2.604 2.46777 2.32987
2.19005 2.04816 1.90406 1.75762 1.60879 1.45755 1.30394 1.14796 0.989416
0.828344 0.66386 0.498 0.324787 0.168368 0 4.11559 3.91477 3.7359
3.57439 3.42382 3.28047 3.14231 3.00722 2.87321 2.73903 2.60405 2.46777
2.32983 2.18999 2.04809 1.90398 1.75754 1.6087 1.45745 1.30382 1.14782
0.989266 0.828192 0.663711 0.497863 0.324656 0.168294 0 4.1182 3.91735
3.738 3.57593 3.42495 3.28128 3.14283 3.00753 2.87338 2.73912 2.60408
2.46775 2.32979 2.18994 2.04803 1.90392 1.75748 1.60863 1.45737 1.30372
1.14771 0.989145 0.828069 0.663588 0.497751 0.324539 0.168237 0 4.11976
3.91889 3.73925 3.57685 3.42562 3.28175 3.14313 3.0077 2.87347 2.73916
2.60408 2.46773 2.32975 2.18989 2.04797 1.90386 1.75741 1.60855 1.45729
1.30363 1.14761 0.989037 0.827958 0.663474 0.497646 0.324412 0.168178 0
4.1203 3.91942 3.73969 3.57717 3.42586 3.28192 3.14324 3.00777 2.87351
2.73918 2.60408 2.46773 2.32974 2.18987 2.04796 1.90384 1.75739 1.60853
1.45726 1.3036 1.14757 0.988998 0.827917 0.66343 0.497607 0.324358 0.168155
0.0488947
        </DataArray>
        <DataArray type='Float32' Name='U' NumberOfComponents='3' format='ascii'>
1.78402 0 0 0 0 0 0 0 0
0 0 0 0 0 0 0 0 0
0 0 0 0 0 0 0 0 0
0 0 0 0 0 0 0 0 0
0 0 0 0 0 0 0 0 0
3.4 0 0 3.19386 0.109218 0 2.93992 0.12367 0
2.64265 0.102917 0 2.36227 0.0754739 0 2.13694 0.0499959 0
1.96804 0.0306382 0 1.843 0.0182285 0 1.74929 0.0112748 0
1.67655 0.00781294 0 1.61687 0.00629919 0 1.5649 0.00573227 0
1.51824 0.00556852 0 1.47304 0.00557891 0 1.43503 0.0061579 -1.58647e-19
3.4 0 0 3.53228 0.120285 0 3.60639 0.148717 0
3.59155 0.142876 0 3.51278 0.124573 0 3.40441 0.0995808 0
3.28865 0.0747511 0 3.17722 0.0549164 0 3.07547 0.0411475 0
2.98439 0.0324008 0 2.90267 0.027126 0 2.82822 0.0239536 0
2.75972 0.0220418 0 2.6942 0.0206686 0 2.63593 0.0203543 -1.58706e-19
3.4 0 0 3.463 0.0898712 0 3.55544 0.119562 0
3.63436 0.124508 0 3.68253 0.11827 0 3.70023 0.103324 0
3.69251 0.0853468 0 3.66693 0.0694783 0 3.63125 0.0575739 0
3.59088 0.0493576 0 3.54866 0.043893 0 3.50568 0.0402149 0
3.46258 0.0377588 0 3.41861 0.0357723 0 3.37645 0.0350163 0
3.4 0 0 3.43596 0.0736815 0 3.4941 0.103277 0
3.55367 0.109264 0 3.60508 0.10511 0 3.64635 0.0940769 0
3.6753 0.080388 0 3.69201 0.0680779 0 3.69933 0.0587373 0
3.70039 0.0522487 0 3.6973 0.0479565 0 3.6911 0.0451369 0
3.68243 0.0433739 0 3.67124 0.0419987 0 3.65835 0.0417298 0
3.4 0 0 3.42804 0.064175 0 3.47308 0.0935998 0
3.51766 0.0998183 0 3.5545 0.0959974 0 3.58514 0.0863462 0
3.60992 0.0743521 0 3.62878 0.0634771 0 3.64311 0.0552376 0
3.65463 0.0495871 0 3.66442 0.0459584 0 3.6729 0.0437162 0
3.6802 0.0424729 0 3.68622 0.0416932 0 3.69078 0.0418806 0
3.4 0 0 3.42262 0.0556579 0 3.46121 0.0839208 0
3.5007 0.0910812 0 3.53255 0.0885265 0 3.5575 0.0805152 0
3.57686 0.0699758 0 3.59138 0.0600498 0 3.60264 0.0523403 0
3.61235 0.0469564 0 3.62157 0.0434481 0 3.63067 0.0412793 0
3.63974 0.0400948 0 3.64874 0.0394898 0 3.65742 0.0397455 0
3.4 0 0 3.41832 0.0483265 0 3.45151 0.0751428 0
3.48747 0.0832197 0 3.5174 0.0818821 0 3.54086 0.0753586 0
3.55888 0.0662196 0 3.57216 0.0572592 0 3.58212 0.0500854 0
3.5904 0.0449389 0 3.5981 0.0414877 0 3.60571 0.0392959 0
3.61343 0.0380509 0 3.62133 0.0374394 0 3.62935 0.0375835 0
3.4 0 0 3.41502 0.0421632 0 3.44363 0.0673638 0
3.47618 0.0760271 0 3.5043 0.0756211 0 3.52679 0.0703178 0
3.54442 0.0624486 0 3.55774 0.0544462 0 3.56784 0.0478563 0
3.57611 0.0430167 0 3.5836 0.0396947 0 3.5908 0.0375372 0
3.59796 0.0362729 0 3.60519 0.0356467 0 3.61255 0.035683 4.93369e-20
3.4 0 0 3.41248 0.0369236 0 3.43726 0.0603746 0
3.46672 0.0693443 0 3.49303 0.0697026 0 3.51451 0.0654394 0
3.53172 0.0586973 0 3.54509 0.0515841 0 3.55548 0.0455608 0
3.56405 0.0410413 0 3.57176 0.0378781 0 3.57908 0.0357872 0
3.58625 0.0345344 0 3.59341 0.0339065 0 3.60066 0.0338695 4.93465e-20
3.4 0 0 3.41049 0.0324302 0 3.4321 0.0540909 0
3.45878 0.0631595 0 3.48341 0.0641508 0 3.50393 0.0607682 0
3.52067 0.0550058 0 3.53401 0.0486982 0 3.5446 0.0432082 0
3.55344 0.0390035 0 3.56137 0.0360089 0 3.56886 0.0339983 0
3.57615 0.0327715 0 3.58339 0.0321473 0 3.5907 0.032058 -4.97034e-20
3.4 0 0 3.40893 0.0285508 0 3.42788 0.048439 0
3.45211 0.0574312 0 3.47518 0.0589244 0 3.4948 0.05628 0
3.5111 0.0513679 0 3.52437 0.0457932 0 3.53511 0.0408088 0
3.54416 0.0369148 0 3.55228 0.034096 0 3.55992 0.032176 0
3.56733 0.0309845 0 3.57465 0.0303667 0 3.58202 0.030237 1.48079e-22
3.4 0 0 3.40768 0.025177 0 3.42441 0.0433422 0
3.44647 0.0521119 0 3.46811 0.0539864 0 3.4869 0.0519611 0
3.50277 0.0477883 0 3.51595 0.0428792 0 3.52681 0.0383728 0
3.53605 0.0347831 0 3.54435 0.0321447 0 3.55213 0.0303233 0
3.55964 0.0291752 0 3.56705 0.0285676 0 3.57448 0.0284068 -1.40688e-22
3.4 0 0 3.40668 0.0222203 0 3.42155 0.0387307 0
3.4417 0.0471624 0 3.46202 0.0493105 0 3.48004 0.0478018 0
3.49551 0.0442699 0 3.50858 0.0399619 0 3.51953 0.035905 0
3.52894 0.0326118 0 3.5374 0.0301567 0 3.54531 0.0284407 0
3.55293 0.0273434 0 3.56041 0.0267508 0 3.5679 0.0265676 -5.00206e-20
3.4 0 0 3.40587 0.0196087 0 3.41918 0.0345428 0
3.43765 0.0425468 0 3.45676 0.0448721 0 3.47407 0.0437902 0
3.48916 0.0408122 0 3.50211 0.0370456 0 3.51314 0.0334101 0
3.5227 0.0304051 0 3.5313 0.0281346 0 3.53934 0.0265295 0
3.54705 0.0254897 0 3.55462 0.0249171 0 3.56216 0.024719 0
3.4 0 0 3.40521 0.0172837 0 3.4172 0.0307228 0
3.43421 0.0382313 0 3.45223 0.0406482 0 3.46888 0.0399143 0
3.48361 0.0374141 0 3.49645 0.0341343 0 3.50752 0.0308931 0
3.5172 0.0281671 0 3.52594 0.0260815 0 3.5341 0.0245915 0
3.54191 0.0236148 0 3.54954 0.0230671 0 3.55714 0.0228608 0
3.4 0 0 3.40467 0.0151971 0 3.41555 0.0272216 0
3.43128 0.0341842 0 3.44833 0.0366178 0 3.46437 0.0361626 0
3.47877 0.0340739 0 3.49149 0.0312311 0 3.50259 0.0283582 0
3.51238 0.0259017 0 3.52123 0.0240001 0 3.5295 0.0226286 0
3.5374 0.0217199 0 3.5451 0.0212017 0 3.55275 0.020993 0
3.4 0 0 3.40423 0.0133091 0 3.41417 0.0239953 0
3.4288 0.0303756 0 3.44497 0.0327611 0 3.46046 0.0325237 0
3.47456 0.0307887 0 3.48715 0.0283382 0 3.49828 0.0258089 0
3.50815 0.0236125 0 3.51711 0.0218935 0 3.52547 0.0206428 0
3.53345 0.0198062 0 3.54122 0.0193217 0 3.54892 0.0191161 2.53218e-20
3.4 0 0 3.40386 0.0115866 0 3.41302 0.0210049 0
3.4267 0.0267778 0 3.44209 0.0290596 0 3.45708 0.0289865 0
3.4709 0.027555 0 3.48338 0.025457 0 3.49452 0.0232484 0
3.50446 0.0213026 0 3.51352 0.0197643 0 3.52196 0.0186364 0
3.53002 0.0178753 0 3.53785 0.0174284 0 3.54559 0.0172305 -5.1371e-23
3.4 0 0 3.40356 0.0100018 0 3.41207 0.0182159 0
3.42492 0.0233645 0 3.43963 0.0254955 0 3.45418 0.0255403 0
3.46775 0.0243689 0 3.48013 0.0225881 0 3.49126 0.0206793 0
3.50127 0.0189752 0 3.5104 0.0176155 0 3.51893 0.0166114 0
3.52705 0.0159287 0 3.53493 0.015523 0 3.54272 0.015337 4.9682e-23
3.4 0 0 3.40331 0.00853106 0 3.41127 0.0155974 0
3.42344 0.0201111 0 3.43756 0.0220518 0 3.45172 0.0221744 0
3.46507 0.0212258 0 3.47734 0.0197318 0 3.48847 0.0181037 0
3.49853 0.0166328 0 3.50773 0.0154494 0 3.51632 0.0145701 0
3.5245 0.0139681 0 3.53244 0.0136067 0 3.54026 0.0134363 2.54317e-20
3.4 0 0 3.40311 0.00715416 0 3.41062 0.0131218 0
3.42221 0.0169942 0 3.43583 0.0187123 0 3.44965 0.0188783 0
3.46281 0.018121 0 3.475 0.0168875 0 3.48611 0.0155235 0
3.49621 0.014278 0 3.50547 0.0132687 0 3.51412 0.0125146 0
3.52235 0.0119953 0 3.53033 0.0116808 0 3.53818 0.0115291 -3.82913e-20
3.4 0 0 3.40295 0.00585352 0 3.4101 0.010764 0
3.42121 0.0139919 0 3.43441 0.0154609 0 3.44795 0.0156416 0
3.46094 0.0150493 0 3.47305 0.0140542 0 3.48416 0.0129398 0
3.49429 0.011913 0 3.5036 0.0110755 0 3.51229 0.010447 0
3.52057 0.0100121 0 3.52858 0.00974667 0 3.53646 0.00961638 -2.55072e-20
3.4 0 0 3.40282 0.00461352 0 3.40968 0.00850122 0
3.42042 0.011084 0 3.43328 0.0122832 0 3.44659 0.0124549 0
3.45945 0.0120058 0 3.47149 0.0112309 0 3.48259 0.0103539 0
3.49274 0.00953967 0 3.50209 0.00887214 0 3.51083 0.00836927 0
3.51914 0.00802001 0 3.52717 0.00780553 0 3.53508 0.00769877 1.27878e-20
3.4 0 0 3.40272 0.00341988 0 3.40937 0.00631081 0
3.41983 0.00824812 0 3.43243 0.00916193 0 3.44555 0.00930684 0
3.4583 0.00898462 0 3.4703 0.00841594 0 3.48138 0.00776681 0
3.49156 0.00716049 0 3.50093 0.00666125 0 3.5097 0.00628403 0
3.51804 0.00602124 0 3.5261 0.00585909 0 3.53402 0.00577749 0
3.4 0 0 3.40266 0.0022649 0 3.40916 0.00417924 0
3.41941 0.00546997 0 3.43182 0.00608514 0 3.44482 0.00618822 0
3.45749 0.00597941 0 3.46945 0.00560591 0 3.48054 0.00517737 0
3.49072 0.00477543 0 3.50011 0.0044435 0 3.5089 0.00419221 0
3.51726 0.00401682 0 3.52534 0.00390826 0 3.53327 0.00385324 0
3.4 0 0 3.40262 0.00113323 0 3.40903 0.00208696 0
3.41917 0.00273136 0 3.43147 0.00303934 0 3.44439 0.00309098 0
3.45702 0.00298674 0 3.46896 0.00280062 0 3.48003 0.00258714 0
3.49022 0.00238674 0 3.49963 0.00222114 0 3.50843 0.00209577 0
3.5168 0.00200829 0 3.52488 0.00195414 0 3.53282 0.00192669 0
3.40023 0 0 3.40261 0 0 3.40899 0 0
3.41909 0 0 3.43136 0 0 3.44425 0 0
3.45687 0 0 3.46879 0 0 3.47987 0 0
3.49006 0 0 3.49947 0 0 3.50827 0 0
3.51665 0 0 3.52473 0 0 3.53268 0 0
1.78402 0 0 0 0 0 0 0 0
0 0 0 0 0 0 0 0 0
0 0 0 0 0 0 0 0 0
0 0 0 0 0 0 0 0 0
0 0 0 0 0 0 0 0 0
3.4 0 0 3.19386 0.109218 0 2.93992 0.12367 0
2.64265 0.102917 0 2.36227 0.0754739 0 2.13694 0.0499959 0
1.96804 0.0306382 0 1.843 0.0182285 0 1.74929 0.0112748 0
1.67655 0.00781294 0 1.61687 0.00629919 0 1.5649 0.00573227 0
1.51824 0.00556852 0 1.47304 0.00557891 0 1.43503 0.0061579 -1.58647e-19
3.4 0 0 3.53228 0.120285 0 3.60639 0.148717 0
3.59155 0.142876 0 3.51278 0.124573 0 3.40441 0.0995808 0
3.28865 0.0747511 0 3.17722 0.0549164 0 3.07547 0.0411475 0
2.98439 0.0324008 0 2.90267 0.027126 0 2.82822 0.0239536 0
2.75972 0.0220418 0 2.6942 0.0206686 0 2.63593 0.0203543 -1.58706e-19
3.4 0 0 3.463 0.0898712 0 3.55544 0.119562 0
3.63436 0.124508 0 3.68253 0.11827 0 3.70023 0.103324 0
3.69251 0.0853468 0 3.66693 0.0694783 0 3.63125 0.0575739 0
3.59088 0.0493576 0 3.54866 0.043893 0 3.50568 0.0402149 0
3.46258 0.0377588 0 3.41861 0.0357723 0 3.37645 0.0350163 0
3.4 0 0 3.43596 0.0736815 0 3.4941 0.103277 0
3.55367 0.109264 0 3.60508 0.10511 0 3.64635 0.0940769 0
3.6753 0.080388 0 3.69201 0.0680779 0 3.69933 0.0587373 0
3.70039 0.0522487 0 3.6973 0.0479565 0 3.6911 0.0451369 0
3.68243 0.0433739 0 3.67124 0.0419987 0 3.65835 0.0417298 0
3.4 0 0 3.42804 0.064175 0 3.47308 0.0935998 0
3.51766 0.0998183 0 3.5545 0.0959974 0 3.58514 0.0863462 0
3.60992 0.0743521 0 3.62878 0.0634771 0 3.64311 0.0552376 0
3.65463 0.0495871 0 3.66442 0.0459584 0 3.6729 0.0437162 0
3.6802 0.0424729 0 3.68622 0.0416932 0 3.69078 0.0418806 0
3.4 0 0 3.42262 0.0556579 0 3.46121 0.0839208 0
3.5007 0.0910812 0 3.53255 0.0885265 0 3.5575 0.0805152 0
3.57686 0.0699758 0 3.59138 0.0600498 0 3.60264 0.0523403 0
3.61235 0.0469564 0 3.62157 0.0434481 0 3.63067 0.0412793 0
3.63974 0.0400948 0 3.64874 0.0394898 0 3.65742 0.0397455 0
3.4 0 0 3.41832 0.0483265 0 3.45151 0.0751428 0
3.48747 0.0832197 0 3.5174 0.0818821 0 3.54086 0.0753586 0
3.55888 0.0662196 0 3.57216 0.0572592 0 3.58212 0.0500854 0
3.5904 0.0449389 0 3.5981 0.0414877 0 3.60571 0.0392959 0
3.61343 0.0380509 0 3.62133 0.0374394 0 3.62935 0.0375835 0
3.4 0 0 3.41502 0.0421632 0 3.44363 0.0673638 0
3.47618 0.0760271 0 3.5043 0.0756211 0 3.52679 0.0703178 0
3.54442 0.0624486 0 3.55774 0.0544462 0 3.56784 0.0478563 0
3.57611 0.0430167 0 3.5836 0.0396947 0 3.5908 0.0375372 0
3.59796 0.0362729 0 3.60519 0.0356467 0 3.61255 0.035683 4.93369e-20
3.4 0 0 3.41248 0.0369236 0 3.43726 0.0603746 0
3.46672 0.0693443 0 3.49303 0.0697026 0 3.51451 0.0654394 0
3.53172 0.0586973 0 3.54509 0.0515841 0 3.55548 0.0455608 0
3.56405 0.0410413 0 3.57176 0.0378781 0 3.57908 0.0357872 0
3.58625 0.0345344 0 3.59341 0.0339065 0 3.60066 0.0338695 4.93465e-20
3.4 0 0 3.41049 0.0324302 0 3.4321 0.0540909 0
3.45878 0.0631595 0 3.48341 0.0641508 0 3.50393 0.0607682 0
3.52067 0.0550058 0 3.53401 0.0486982 0 3.5446 0.0432082 0
3.55344 0.0390035 0 3.56137 0.0360089 0 3.56886 0.0339983 0
3.57615 0.0327715 0 3.58339 0.0321473 0 3.5907 0.032058 -4.97034e-20
3.4 0 0 3.40893 0.0285508 0 3.42788 0.048439 0
3.45211 0.0574312 0 3.47518 0.0589244 0 3.4948 0.05628 0
3.5111 0.0513679 0 3.52437 0.0457932 0 3.53511 0.0408088 0
3.54416 0.0369148 0 3.55228 0.034096 0 3.55992 0.032176 0
3.56733 0.0309845 0 3.57465 0.0303667 0 3.58202 0.030237 1.48079e-22
3.4 0 0 3.40768 0.025177 0 3.42441 0.0433422 0
3.44647 0.0521119 0 3.46811 0.0539864 0 3.4869 0.0519611 0
3.50277 0.0477883 0 3.51595 0.0428792 0 3.52681 0.0383728 0
3.53605 0.0347831 0 3.54435 0.0321447 0 3.55213 0.0303233 0
3.55964 0.0291752 0 3.56705 0.0285676 0 3.57448 0.0284068 -1.40688e-22
3.4 0 0 3.40668 0.0222203 0 3.42155 0.0387307 0
3.4417 0.0471624 0 3.46202 0.0493105 0 3.48004 0.0478018 0
3.49551 0.0442699 0 3.50858 0.0399619 0 3.51953 0.035905 0
3.52894 0.0326118 0 3.5374 0.0301567 0 3.54531 0.0284407 0
3.55293 0.0273434 0 3.56041 0.0267508 0 3.5679 0.0265676 -5.00206e-20
3.4 0 0 3.40587 0.0196087 0 3.41918 0.0345428 0
3.43765 0.0425468 0 3.45676 0.0448721 0 3.47407 0.0437902 0
3.48916 0.0408122 0 3.50211 0.0370456 0 3.51314 0.0334101 0
3.5227 0.0304051 0 3.5313 0.0281346 0 3.53934 0.0265295 0
3.54705 0.0254897 0 3.55462 0.0249171 0 3.56216 0.024719 0
3.4 0 0 3.40521 0.0172837 0 3.4172 0.0307228 0
3.43421 0.0382313 0 3.45223 0.0406482 0 3.46888 0.0399143 0
3.48361 0.0374141 0 3.49645 0.0341343 0 3.50752 0.0308931 0
3.5172 0.0281671 0 3.52594 0.0260815 0 3.5341 0.0245915 0
3.54191 0.0236148 0 3.54954 0.0230671 0 3.55714 0.0228608 0
3.4 0 0 3.40467 0.0151971 0 3.41555 0.0272216 0
3.43128 0.0341842 0 3.44833 0.0366178 0 3.46437 0.0361626 0
3.47877 0.0340739 0 3.49149 0.0312311 0 3.50259 0.0283582 0
3.51238 0.0259017 0 3.52123 0.0240001 0 3.5295 0.0226286 0
3.5374 0.0217199 0 3.5451 0.0212017 0 3.55275 0.020993 0
3.4 0 0 3.40423 0.0133091 0 3.41417 0.0239953 0
3.4288 0.0303756 0 3.44497 0.0327611 0 3.46046 0.0325237 0
3.47456 0.0307887 0 3.48715 0.0283382 0 3.49828 0.0258089 0
3.50815 0.0236125 0 3.51711 0.0218935 0 3.52547 0.0206428 0
3.53345 0.0198062 0 3.54122 0.0193217 0 3.54892 0.0191161 2.53218e-20
3.4 0 0 3.40386 0.0115866 0 3.41302 0.0210049 0
3.4267 0.0267778 0 3.44209 0.0290596 0 3.45708 0.0289865 0
3.4709 0.027555 0 3.48338 0.025457 0 3.49452 0.0232484 0
3.50446 0.0213026 0 3.51352 0.0197643 0 3.52196 0.0186364 0
3.53002 0.0178753 0 3.53785 0.0174284 0 3.54559 0.0172305 -5.1371e-23
3.4 0 0 3.40356 0.0100018 0 3.41207 0.0182159 0
3.42492 0.0233645 0 3.43963 0.0254955 0 3.45418 0.0255403 0
3.46775 0.0243689 0 3.48013 0.0225881 0 3.49126 0.0206793 0
3.50127 0.0189752 0 3.5104 0.0176155 0 3.51893 0.0166114 0
3.52705 0.0159287 0 3.53493 0.015523 0 3.54272 0.015337 4.9682e-23
3.4 0 0 3.40331 0.00853106 0 3.41127 0.0155974 0
3.42344 0.0201111 0 3.43756 0.0220518 0 3.45172 0.0221744 0
3.46507 0.0212258 0 3.47734 0.0197318 0 3.48847 0.0181037 0
3.49853 0.0166328 0 3.50773 0.0154494 0 3.51632 0.0145701 0
3.5245 0.0139681 0 3.53244 0.0136067 0 3.54026 0.0134363 2.54317e-20
3.4 0 0 3.40311 0.00715416 0 3.41062 0.0131218 0
3.42221 0.0169942 0 3.43583 0.0187123 0 3.44965 0.0188783 0
3.46281 0.018121 0 3.475 0.0168875 0 3.48611 0.0155235 0
3.49621 0.014278 0 3.50547 0.0132687 0 3.51412 0.0125146 0
3.52235 0.0119953 0 3.53033 0.0116808 0 3.53818 0.0115291 -3.82913e-20
3.4 0 0 3.40295 0.00585352 0 3.4101 0.010764 0
3.42121 0.0139919 0 3.43441 0.0154609 0 3.44795 0.0156416 0
3.46094 0.0150493 0 3.47305 0.0140542 0 3.48416 0.0129398 0
3.49429 0.011913 0 3.5036 0.0110755 0 3.51229 0.010447 0
3.52057 0.0100121 0 3.52858 0.00974667 0 3.53646 0.00961638 -2.55072e-20
3.4 0 0 3.40282 0.00461352 0 3.40968 0.00850122 0
3.42042 0.011084 0 3.43328 0.0122832 0 3.44659 0.0124549 0
3.45945 0.0120058 0 3.47149 0.0112309 0 3.48259 0.0103539 0
3.49274 0.00953967 0 3.50209 0.00887214 0 3.51083 0.00836927 0
3.51914 0.00802001 0 3.52717 0.00780553 0 3.53508 0.00769877 1.27878e-20
3.4 0 0 3.40272 0.00341988 0 3.40937 0.00631081 0
3.41983 0.00824812 0 3.43243 0.00916193 0 3.44555 0.00930684 0
3.4583 0.00898462 0 3.4703 0.00841594 0 3.48138 0.00776681 0
3.49156 0.00716049 0 3.50093 0.00666125 0 3.5097 0.00628403 0
3.51804 0.00602124 0 3.5261 0.00585909 0 3.53402 0.00577749 0
3.4 0 0 3.40266 0.0022649 0 3.40916 0.00417924 0
3.41941 0.00546997 0 3.43182 0.00608514 0 3.44482 0.00618822 0
3.45749 0.00597941 0 3.46945 0.00560591 0 3.48054 0.00517737 0
3.49072 0.00477543 0 3.50011 0.0044435 0 3.5089 0.00419221 0
3.51726 0.00401682 0 3.52534 0.00390826 0 3.53327 0.00385324 0
3.4 0 0 3.40262 0.00113323 0 3.40903 0.00208696 0
3.41917 0.00273136 0 3.43147 0.00303934 0 3.44439 0.00309098 0
3.45702 0.00298674 0 3.46896 0.00280062 0 3.48003 0.00258714 0
3.49022 0.00238674 0 3.49963 0.00222114 0 3.50843 0.00209577 0
3.5168 0.00200829 0 3.52488 0.00195414 0 3.53282 0.00192669 0
3.40023 0 0 3.40261 0 0 3.40899 0 0
3.41909 0 0 3.43136 0 0 3.44425 0 0
3.45687 0 0 3.46879 0 0 3.47987 0 0
3.49006 0 0 3.49947 0 0 3.50827 0 0
3.51665 0 0 3.52473 0 0 3.53268 0 0
0 0 0 0 0 0 0 0 0
0 0 0 0 0 0 0 0 0
0 0 0 0 0 0 0 0 0
0 0 0 0 0 0 0 0 0
0 0 0 0 0 0 0 0 0
0 0 0 0 0 0 0 0 0
1.40859 0.00723261 -1.58847e-19 1.38491 0.00804741 -1.6204e-19 1.36018 0.00842622 -1.62086e-19
1.33491 0.00848428 -1.65527e-19 1.31023 0.00836536 2.927e-19 1.28645 0.00819149 8.74123e-19
1.26346 0.00803358 5.86442e-19 1.24106 0.00792778 1.70864e-19 1.21896 0.00790221 -2.97182e-19
1.1967 0.00798732 -4.19988e-19 1.17362 0.00822156 -3.00728e-19 1.14898 0.00865239 -3.58103e-19
1.12114 0.00936776 -3.6261e-19 1.08996 0.0103989 2.96531e-21 1.04823 0.0122097 -3.42172e-21
1.00737 0.0139216 6.07314e-21 0.914765 0.0192761 5.69908e-20 0.854843 0.0240543 -1.31031e-19
2.58814 0.0210654 -1.58813e-19 2.5448 0.0215211 -4.71758e-20 2.50312 0.021559 -4.70631e-20
2.46256 0.021292 -4.86205e-20 2.42332 0.0208259 8.42832e-22 2.38545 0.020292 -1.1985e-19
2.34879 0.0198031 1.81731e-21 2.31312 0.0194376 1.70807e-19 2.27806 0.0192619 2.44093e-19
2.24312 0.0193509 1.74217e-19 2.20753 0.0197962 -1.39988e-23 2.17038 0.0207357 1.51891e-20
2.12989 0.0223301 -1.1121e-19 2.08523 0.0248974 1.29304e-19 2.02941 0.0288117 1.25309e-19
1.97098 0.0345151 1.35e-19 1.86003 0.0448965 3.93259e-19 1.78245 0.0564086 2.53817e-20
3.3386 0.0354759 -1.98263e-19 3.30273 0.0355186 -8.33452e-20 3.2674 0.0351086 1.1493e-19
3.23229 0.0344601 1.17001e-19 3.19756 0.0336663 -1.07395e-21 3.16329 0.0328354 -1.17989e-19
3.12941 0.0320877 -2.01874e-19 3.09582 0.0315253 -3.03249e-19 3.0623 0.0312448 -6.05862e-20
3.02852 0.0313625 -1.03454e-19 2.99391 0.0320254 -1.00683e-19 2.95773 0.0334595 1.68279e-19
2.91859 0.0359183 1.48266e-19 2.87549 0.0399915 -1.83947e-19 2.82328 0.0460016 -1.81832e-19
2.7668 0.0558525 2.47593e-20 2.66894 0.07066 -1.03689e-19 2.59877 0.0892865 -1.34889e-19
3.64537 0.0425188 -1.02577e-19 3.63221 0.0427968 -1.02482e-19 3.61813 0.0425849 0
3.60291 0.0421355 0 3.58669 0.0415287 -9.46346e-20 3.56957 0.0408585 -9.46594e-20
3.5516 0.0402547 -1.07586e-19 3.53279 0.0398418 -2.0355e-20 3.51311 0.0397448 7.20283e-20
3.49241 0.0401164 8.70557e-20 3.47041 0.0411531 8.49349e-20 3.44666 0.0431531 -1.70351e-20
3.42028 0.0464601 8.39115e-20 3.39059 0.0518615 -2.97565e-20 3.35412 0.0597219 -3.18376e-20
3.3138 0.072979 -1.04221e-20 3.24545 0.0915475 -1.45269e-20 3.19434 0.114785 9.19379e-20
3.69461 0.0429321 9.57644e-20 3.69816 0.0435559 9.57318e-20 3.70088 0.0437188 4.74717e-20
3.70243 0.043653 2.72394e-22 3.70279 0.0434331 -4.79499e-20 3.70199 0.0431399 -6.71495e-22
3.70002 0.0428996 9.43808e-20 3.69688 0.0428441 1.90255e-19 3.69256 0.0431121 1.4583e-19
3.68702 0.0438771 4.99133e-20 3.68013 0.0453668 9.65375e-20 3.67168 0.0479255 9.64513e-20
3.66118 0.0519615 5.18136e-20 3.64834 0.0583708 1.45013e-19 3.63113 0.0676226 1.90311e-19
3.61149 0.083037 4.85787e-21 3.57636 0.104405 3.99101e-21 3.54857 0.129939 8.44575e-20
3.66614 0.0407366 0 3.67525 0.0414716 0 3.68425 0.0418205 -4.02987e-22
3.69274 0.0419718 -6.56641e-23 3.70063 0.0420024 1.41654e-19 3.70785 0.0419809 1.41244e-19
3.71434 0.0420214 0 3.72004 0.0422532 -9.2664e-20 3.72494 0.0428181 -1.84812e-19
3.72899 0.0438978 -9.21221e-20 3.73212 0.0457333 -9.137e-20 3.73426 0.0486893 -1.36539e-19
3.73517 0.0532085 -1.3575e-19 3.73482 0.0602179 -9.04862e-20 3.73224 0.070305 -8.86034e-20
3.72878 0.0866493 -8.85746e-20 3.71944 0.109661 -1.26473e-19 3.71158 0.135716 8.14313e-20
3.63782 0.0383666 4.88546e-20 3.64697 0.0390395 4.88655e-20 3.6564 0.0394009 -4.79015e-20
3.66578 0.0395951 -2.84624e-22 3.67498 0.0397041 4.72558e-20 3.68397 0.0397884 -3.56659e-22
3.69267 0.0399504 4.70683e-20 3.70102 0.0403153 9.38543e-20 3.70899 0.0410252 1.3946e-19
3.71657 0.0422634 1.38816e-19 3.72372 0.0442742 9.19457e-20 3.73041 0.0474256 9.13833e-20
3.73656 0.0521735 1.35355e-19 3.7423 0.0594211 1.34042e-19 3.74731 0.0698616 8.78919e-20
3.75255 0.0862553 8.61005e-20 3.75773 0.109781 1.36467e-21 3.7625 0.135218 5.91398e-20
3.62034 0.0362755 4.91725e-20 3.62874 0.0368516 -2.46247e-22 3.63748 0.0371788 0
3.64628 0.037361 0 3.65503 0.0374816 -4.76567e-20 3.66371 0.0375967 -3.28379e-23
3.67228 0.0377994 5.5716e-23 3.6807 0.0382118 -8.14331e-22 3.68896 0.0389756 4.65289e-20
3.69706 0.0402733 -5.00913e-22 3.705 0.0423485 4.55213e-20 3.7128 0.0455636 9.09685e-20
3.72045 0.0503776 9.00378e-20 3.72815 0.0576433 4.46589e-20 3.73597 0.0681312 -4.02985e-22
3.74464 0.0841225 -4.29713e-20 3.75597 0.107323 3.96566e-20 3.76702 0.131584 -2.06583e-20
3.60824 0.0343194 2.77994e-22 3.6163 0.0348112 -1.11247e-22 3.62467 0.0351095 4.89852e-20
3.63308 0.0352814 4.83854e-20 3.64145 0.0354072 4.83949e-20 3.64977 0.0355404 -1.8855e-22
3.65801 0.0357668 -4.73584e-20 3.66615 0.0362045 -9.43395e-20 3.67419 0.0369944 -9.39732e-20
3.68215 0.0383167 -9.31282e-20 3.69005 0.0404118 -9.26193e-20 3.69795 0.0436331 -1.37613e-19
3.70591 0.0484374 -1.3669e-19 3.71413 0.0556197 -8.98574e-20 3.72292 0.0659941 -8.82945e-20
3.73291 0.0814214 -8.63017e-20 3.74657 0.103817 -1.46205e-21 3.76051 0.126713 -5.95132e-20
3.59827 0.0323985 -4.97594e-20 3.60624 0.032818 -1.68873e-22 3.61446 0.0330934 -1.91208e-22
3.62274 0.0332609 4.83963e-20 3.63098 0.033394 4.83831e-20 3.63916 0.0335452 -4.78211e-20
3.64727 0.0337939 -2.76095e-22 3.6553 0.0342538 2.83512e-22 3.66325 0.035063 -4.72227e-20
3.67116 0.0363982 0 3.67907 0.0384947 -4.62173e-20 3.68706 0.0416952 -4.60542e-20
3.69524 0.0464499 -4.51116e-20 3.70384 0.0534974 -4.52706e-20 3.7133 0.0636631 0
3.72424 0.0784745 4.27899e-20 3.73923 0.0998299 1.51932e-21 3.75483 0.121325 -3.91677e-20
3.58962 0.0304895 -4.94488e-20 3.59755 0.0308447 -4.94739e-20 3.60571 0.0310981 1.74013e-22
3.61393 0.0312616 -9.58292e-25 3.62212 0.0314009 -4.84379e-20 3.63026 0.0315676 -3.01066e-22
3.63835 0.0318359 3.05542e-22 3.64637 0.0323138 -3.15709e-22 3.65435 0.0331354 9.47602e-20
3.66233 0.0344725 3.6242e-22 3.67036 0.0365541 -4.68666e-20 3.67856 0.0397106 -7.92249e-23
3.68706 0.0443817 4.53488e-20 3.69615 0.0512523 6.94868e-22 3.70634 0.0611323 -8.75707e-22
3.71828 0.0752898 1.14458e-21 3.73451 0.0954864 -1.59161e-21 3.75144 0.11558 1.36417e-19
3.58209 0.0285883 -1.75308e-23 3.59 0.0288862 1.90313e-23 3.59811 0.0291172 -1.64171e-22
3.60628 0.0292756 -4.88828e-20 3.61444 0.0294185 -4.87484e-20 3.62257 0.0295968 2.12015e-23
3.63066 0.0298797 -2.12816e-23 3.63871 0.0303691 2.12037e-23 3.64675 0.0311938 4.70598e-20
3.65484 0.0325195 4.73358e-20 3.66304 0.0345681 1.51091e-22 3.67149 0.0376567 1.2979e-22
3.68037 0.0422099 1.85374e-23 3.68999 0.048861 -1.44221e-23 3.70094 0.058385 1.2032e-23
3.7139 0.0718438 5.10603e-24 3.73135 0.0908144 -1.7999e-23 3.74944 0.109506 -3.09435e-22
3.57555 0.0266922 -2.74323e-22 3.58343 0.0269396 2.86301e-22 3.5915 0.0271482 -4.94724e-20
3.59964 0.0273002 -4.88917e-20 3.60777 0.0274445 -4.90112e-20 3.61589 0.0276304 -4.84525e-20
3.62399 0.0279226 -2.88299e-22 3.63208 0.028416 2.98654e-22 3.64019 0.0292334 -9.51757e-20
3.64839 0.0305342 -4.89454e-22 3.65677 0.032532 9.36971e-20 3.66547 0.0355291 9.28526e-20
3.67473 0.0399312 4.61852e-20 3.68488 0.046321 4.49767e-20 3.69657 0.0554259 8.52323e-22
3.7105 0.0681395 -4.39932e-20 3.72907 0.0858438 -3.30885e-23 3.74817 0.103137 -4.92416e-20
3.56984 0.0247983 -5.00454e-20 3.57771 0.0250019 -5.00519e-20 3.58575 0.0251885 4.94537e-20
3.59386 0.0253333 4.94601e-20 3.60198 0.0254771 1.2439e-22 3.61009 0.0256668 1.41346e-22
3.6182 0.0259626 -4.82555e-20 3.62633 0.0264524 -4.82617e-20 3.63452 0.0272528 -4.74932e-20
3.64283 0.028516 -9.47094e-20 3.65138 0.0304463 -9.41611e-20 3.66034 0.0333296 -4.69506e-20
3.66996 0.0375492 4.56149e-20 3.68062 0.0436383 5.83286e-22 3.69299 0.0522685 -4.50274e-20
3.70782 0.0641948 -4.28013e-20 3.7274 0.0806102 -1.58166e-21 3.74736 0.0965177 -9.47177e-21
3.56485 0.0229045 5.02901e-20 3.57272 0.0230704 5.0312e-20 3.58074 0.0232361 -1.18987e-22
3.58882 0.0233729 -1.34888e-22 3.59693 0.0235143 4.88704e-20 3.60504 0.0237041 4.88604e-20
3.61318 0.0239979 1.15453e-22 3.62134 0.0244771 -4.7924e-20 3.6296 0.0252515 -3.47898e-22
3.63803 0.0264655 9.51707e-20 3.64675 0.0283128 -4.61608e-20 3.65595 0.0310612 -4.71895e-20
3.66592 0.0350687 -4.53168e-20 3.67705 0.0408201 -4.65073e-20 3.69007 0.0489277 1.0585e-21
3.70571 0.0600304 4.2108e-20 3.72618 0.0751471 4.45664e-20 3.74688 0.0896898 -8.83863e-20
3.56049 0.0210094 7.52131e-20 3.56836 0.0211433 7.51912e-20 3.57637 0.0212895 -4.95886e-20
3.58444 0.0214176 -7.42806e-20 3.59254 0.0215546 -1.519e-22 3.60065 0.0217407 1.5388e-22
3.60881 0.0220273 2.39832e-20 3.61702 0.0224895 7.25706e-20 3.62534 0.0232298 4.80117e-20
3.63388 0.024384 9.47584e-20 3.64276 0.0261335 1.18001e-19 3.65219 0.0287268 7.02038e-20
3.66249 0.0324945 3.4895e-22 3.67407 0.0378744 4.48799e-20 3.68767 0.0454187 6.77773e-20
3.70405 0.0556677 6.47407e-20 3.72531 0.0694849 4.37357e-20 3.74664 0.0826893 -1.95451e-20
3.55669 0.0191122 1.97779e-22 3.56457 0.0192192 -9.01291e-23 3.57256 0.0193472 1.5058e-22
3.58062 0.0194658 -4.96141e-20 3.58872 0.0195964 -2.47536e-20 3.59684 0.0197755 -6.88022e-24
3.60501 0.0200503 -2.4241e-20 3.61327 0.0204898 2.38233e-20 3.62166 0.0211887 2.21579e-22
3.6303 0.0222729 -1.19179e-19 3.63933 0.0239106 -6.86745e-22 3.64899 0.0263296 6.6886e-22
3.65958 0.029832 -4.70362e-20 3.67158 0.0348103 2.01003e-22 3.68571 0.0417568 -5.03952e-22
3.70275 0.0511281 -4.28586e-20 3.72471 0.0636504 -6.51338e-20 3.74658 0.0755456 4.84667e-20
3.55339 0.0172123 -2.5315e-20 3.56128 0.017297 -5.04208e-20 3.56926 0.017408 -5.00795e-20
3.57731 0.0175165 -9.29806e-23 3.58541 0.0176388 2.02822e-22 3.59354 0.0178079 2.4362e-20
3.60173 0.018067 2.46653e-20 3.61002 0.0184785 -4.84414e-20 3.61848 0.019129 -7.21259e-20
3.62722 0.0201338 -9.55415e-20 3.6364 0.0216464 -4.76036e-20 3.64625 0.0238733 -4.66969e-20
3.65713 0.0270875 -9.2676e-20 3.6695 0.0316376 -6.87941e-20 3.68411 0.0379579 -4.49459e-20
3.70174 0.0464324 -6.55022e-20 3.72431 0.0576673 -8.52671e-20 3.74664 0.0682824 8.79168e-21
3.55054 0.0153095 -2.52049e-20 3.55843 0.0153758 -5.03199e-20 3.56642 0.015471 -4.05091e-23
3.57446 0.0155686 4.9831e-20 3.58256 0.0156812 2.48117e-20 3.5907 0.0158379 2.45118e-20
3.59891 0.0160776 2.45103e-20 3.60724 0.0164563 2.19711e-24 3.61576 0.0170519 -2.40162e-20
3.62459 0.0179682 -2.4004e-20 3.6339 0.0193435 -4.72778e-20 3.64393 0.0213625 -2.38475e-20
3.65507 0.0242684 4.65911e-20 3.66777 0.0283673 4.18041e-22 3.68281 0.0340376 -2.26855e-20
3.70096 0.0416 2.19058e-20 3.72406 0.0515566 8.94646e-22 3.74679 0.060919 -2.00249e-20
3.5481 0.0134038 9.31517e-23 3.556 0.0134549 -1.95455e-22 3.56398 0.0135355 5.01775e-20
3.57203 0.0136217 2.50127e-20 3.58012 0.0137232 0 3.58827 0.0138652 -2.4611e-20
3.59651 0.0140824 -2.46102e-20 3.60487 0.0144239 2.42909e-20 3.61345 0.0149585 7.25254e-20
3.62236 0.0157783 4.82452e-20 3.63178 0.0170054 2.37758e-20 3.64198 0.0188024 4.72032e-20
3.65334 0.0213824 6.97515e-20 3.66635 0.0250105 2.34879e-20 3.68177 0.0300109 2.20202e-20
3.70036 0.0366492 4.4808e-20 3.72391 0.0453366 4.23839e-20 3.74698 0.0534713 1.59244e-20
3.54604 0.0114951 -2.55794e-20 3.55396 0.0115339 1.27538e-20 3.56194 0.011601 -1.25555e-20
3.56998 0.0116755 -1.25559e-20 3.57808 0.0117646 0 3.58624 0.0118901 -3.6941e-20
3.59449 0.0120817 -1.86916e-22 3.60288 0.012382 4.88743e-20 3.6115 0.0128504 4.82714e-20
3.62049 0.0135664 6.01283e-20 3.63002 0.0146358 5.95338e-20 3.64036 0.0161987 3.55451e-20
3.65192 0.0184378 -1.16863e-20 3.66518 0.021578 -1.64726e-22 3.68093 0.0258922 3.38692e-20
3.69991 0.0315968 3.34237e-20 3.72384 0.0390238 4.28303e-20 3.74719 0.0459533 -1.85532e-20
3.54434 0.00958378 -1.39924e-22 3.55226 0.00961266 2.53822e-20 3.56024 0.00966703 2.2053e-23
3.56828 0.0097295 2.3734e-23 3.57638 0.00980537 -1.2428e-20 3.58455 0.00991254 -1.24062e-20
3.59282 0.0100761 2.45038e-20 3.60124 0.0103318 1.23049e-20 3.60991 0.0107292 -3.63596e-20
3.61895 0.0113354 -2.09299e-22 3.62857 0.012239 1.20871e-20 3.63904 0.0135574 -1.18886e-20
3.65076 0.0154427 -2.32197e-20 3.66425 0.0180808 -1.18236e-20 3.68027 0.0216952 -1.11128e-20
3.69957 0.0264586 -5.63064e-22 3.72382 0.0326334 1.12478e-20 3.7474 0.0383771 1.42343e-20
3.54297 0.00766999 -1.26773e-20 3.5509 0.00769087 -2.54747e-20 3.55888 0.00773342 2.51796e-20
3.56693 0.00778366 2.51785e-20 3.57503 0.00784539 2.12891e-23 3.5832 0.00793285 1.23748e-20
3.59148 0.00806631 -1.22175e-20 3.59993 0.00827434 -3.67819e-20 3.60863 0.008597 -3.64488e-20
3.61772 0.00908817 -3.62686e-20 3.62742 0.00981929 -3.59057e-20 3.63799 0.0108844 -2.38704e-20
3.64985 0.0124054 1.16554e-20 3.66352 0.0145297 -1.13166e-20 3.67976 0.0174336 -2.29687e-20
3.69932 0.0212503 -2.21202e-20 3.72383 0.0261804 -3.29012e-20 3.74759 0.0307552 -2.2438e-20
3.54193 0.00575429 -6.36426e-21 3.54986 0.00576863 -6.3632e-21 3.55784 0.00579997 -2.05751e-23
3.56589 0.0058378 -2.15869e-23 3.57399 0.00588471 1.24506e-20 3.58217 0.00595131 1.24495e-20
3.59046 0.0060529 -6.13708e-21 3.59892 0.00621098 -1.83505e-20 3.60765 0.00645572 -1.21911e-20
3.61679 0.00682772 -5.98238e-21 3.62654 0.00738081 -1.79143e-20 3.63719 0.00818571 -5.98481e-21
3.64916 0.00933366 1.17796e-20 3.66297 0.0109348 1.16422e-20 3.67939 0.0131194 1.14687e-20
3.69914 0.0159851 5.74052e-21 3.72385 0.019676 -1.07141e-20 3.74775 0.0230949 -1.02042e-20
3.54119 0.00383708 1.27802e-20 3.54913 0.00384606 9.60058e-21 3.55711 0.00386668 -1.26405e-20
3.56515 0.00389198 -1.26024e-20 3.57326 0.00392357 -1.88298e-23 3.58144 0.00396848 3.12277e-21
3.58974 0.00403698 1.23269e-20 3.59821 0.00414345 1.23264e-20 3.60696 0.00430807 1.21512e-20
3.61613 0.00455802 2.42222e-20 3.62592 0.00492931 2.40317e-20 3.63664 0.00546919 1.1945e-20
3.64868 0.00623842 -3.15541e-23 3.66259 0.00731028 1.1563e-20 3.67913 0.00877035 1.15555e-20
3.69903 0.0106836 1.11142e-20 3.72388 0.0131408 1.11377e-20 3.74787 0.015413 6.10899e-21
3.54075 0.00191858 6.39521e-21 3.54869 0.00192303 6.15685e-21 3.55667 0.00193335 -1.53112e-24
3.56472 0.00194608 1.54546e-24 3.57282 0.00196201 -1.56981e-24 3.58101 0.00198468 2.32968e-22
3.58931 0.00201925 6.1686e-21 3.59779 0.00207296 6.16824e-21 3.60656 0.00215593 0
3.61574 0.00228181 6.04157e-21 3.62556 0.00246867 6.04122e-21 3.63631 0.00274023 -5.93752e-21
3.6484 0.00312684 -1.18111e-20 3.66237 0.00366522 -7.49862e-23 3.67899 0.00439754 9.06057e-23
3.69898 0.005357 -5.70736e-21 3.72391 0.00658547 0 3.74797 0.00771899 -9.90017e-23
3.5406 0 0 3.54854 0 5.88218e-21 3.55653 0 3.397e-23
3.56457 0 -3.41955e-23 3.57268 0 3.44525e-23 3.58086 0 -5.77956e-21
3.58917 0 0 3.59766 0 0 3.60642 0 0
3.61561 0 0 3.62544 0 0 3.6362 0 0
3.64831 0 0 3.6623 0 0 3.67895 0 0
3.69897 0 0 3.72393 0 0 3.74801 0 1.20579e-20
0 0 0 0 0 0 0 0 0
0 0 0 0 0 0 0 0 0
0 0 0 0 0 0 0 0 0
0 0 0 0 0 0 0 0 0
0 0 0 0 0 0 0 0 0
0 0 0 0 0 0 0 0 0
1.40859 0.00723261 -1.58847e-19 1.38491 0.00804741 -1.6204e-19 1.36018 0.00842622 -1.62086e-19
1.33491 0.00848428 -1.65527e-19 1.31023 0.00836536 2.927e-19 1.28645 0.00819149 8.74123e-19
1.26346 0.00803358 5.86442e-19 1.24106 0.00792778 1.70864e-19 1.21896 0.00790221 -2.97182e-19
1.1967 0.00798732 -4.19988e-19 1.17362 0.00822156 -3.00728e-19 1.14898 0.00865239 -3.58103e-19
1.12114 0.00936776 -3.6261e-19 1.08996 0.0103989 2.96531e-21 1.04823 0.0122097 -3.42172e-21
1.00737 0.0139216 6.07314e-21 0.914765 0.0192761 5.69908e-20 0.854843 0.0240543 -1.31031e-19
2.58814 0.0210654 -1.58813e-19 2.5448 0.0215211 -4.71758e-20 2.50312 0.021559 -4.70631e-20
2.46256 0.021292 -4.86205e-20 2.42332 0.0208259 8.42832e-22 2.38545 0.020292 -1.1985e-19
2.34879 0.0198031 1.81731e-21 2.31312 0.0194376 1.70807e-19 2.27806 0.0192619 2.44093e-19
2.24312 0.0193509 1.74217e-19 2.20753 0.0197962 -1.39988e-23 2.17038 0.0207357 1.51891e-20
2.12989 0.0223301 -1.1121e-19 2.08523 0.0248974 1.29304e-19 2.02941 0.0288117 1.25309e-19
1.97098 0.0345151 1.35e-19 1.86003 0.0448965 3.93259e-19 1.78245 0.0564086 2.53817e-20
3.3386 0.0354759 -1.98263e-19 3.30273 0.0355186 -8.33452e-20 3.2674 0.0351086 1.1493e-19
3.23229 0.0344601 1.17001e-19 3.19756 0.0336663 -1.07395e-21 3.16329 0.0328354 -1.17989e-19
3.12941 0.0320877 -2.01874e-19 3.09582 0.0315253 -3.03249e-19 3.0623 0.0312448 -6.05862e-20
3.02852 0.0313625 -1.03454e-19 2.99391 0.0320254 -1.00683e-19 2.95773 0.0334595 1.68279e-19
2.91859 0.0359183 1.48266e-19 2.87549 0.0399915 -1.83947e-19 2.82328 0.0460016 -1.81832e-19
2.7668 0.0558525 2.47593e-20 2.66894 0.07066 -1.03689e-19 2.59877 0.0892865 -1.34889e-19
3.64537 0.0425188 -1.02577e-19 3.63221 0.0427968 -1.02482e-19 3.61813 0.0425849 0
3.60291 0.0421355 0 3.58669 0.0415287 -9.46346e-20 3.56957 0.0408585 -9.46594e-20
3.5516 0.0402547 -1.07586e-19 3.53279 0.0398418 -2.0355e-20 3.51311 0.0397448 7.20283e-20
3.49241 0.0401164 8.70557e-20 3.47041 0.0411531 8.49349e-20 3.44666 0.0431531 -1.70351e-20
3.42028 0.0464601 8.39115e-20 3.39059 0.0518615 -2.97565e-20 3.35412 0.0597219 -3.18376e-20
3.3138 0.072979 -1.04221e-20 3.24545 0.0915475 -1.45269e-20 3.19434 0.114785 9.19379e-20
3.69461 0.0429321 9.57644e-20 3.69816 0.0435559 9.57318e-20 3.70088 0.0437188 4.74717e-20
3.70243 0.043653 2.72394e-22 3.70279 0.0434331 -4.79499e-20 3.70199 0.0431399 -6.71495e-22
3.70002 0.0428996 9.43808e-20 3.69688 0.0428441 1.90255e-19 3.69256 0.0431121 1.4583e-19
3.68702 0.0438771 4.99133e-20 3.68013 0.0453668 9.65375e-20 3.67168 0.0479255 9.64513e-20
3.66118 0.0519615 5.18136e-20 3.64834 0.0583708 1.45013e-19 3.63113 0.0676226 1.90311e-19
3.61149 0.083037 4.85787e-21 3.57636 0.104405 3.99101e-21 3.54857 0.129939 8.44575e-20
3.66614 0.0407366 0 3.67525 0.0414716 0 3.68425 0.0418205 -4.02987e-22
3.69274 0.0419718 -6.56641e-23 3.70063 0.0420024 1.41654e-19 3.70785 0.0419809 1.41244e-19
3.71434 0.0420214 0 3.72004 0.0422532 -9.2664e-20 3.72494 0.0428181 -1.84812e-19
3.72899 0.0438978 -9.21221e-20 3.73212 0.0457333 -9.137e-20 3.73426 0.0486893 -1.36539e-19
3.73517 0.0532085 -1.3575e-19 3.73482 0.0602179 -9.04862e-20 3.73224 0.070305 -8.86034e-20
3.72878 0.0866493 -8.85746e-20 3.71944 0.109661 -1.26473e-19 3.71158 0.135716 8.14313e-20
3.63782 0.0383666 4.88546e-20 3.64697 0.0390395 4.88655e-20 3.6564 0.0394009 -4.79015e-20
3.66578 0.0395951 -2.84624e-22 3.67498 0.0397041 4.72558e-20 3.68397 0.0397884 -3.56659e-22
3.69267 0.0399504 4.70683e-20 3.70102 0.0403153 9.38543e-20 3.70899 0.0410252 1.3946e-19
3.71657 0.0422634 1.38816e-19 3.72372 0.0442742 9.19457e-20 3.73041 0.0474256 9.13833e-20
3.73656 0.0521735 1.35355e-19 3.7423 0.0594211 1.34042e-19 3.74731 0.0698616 8.78919e-20
3.75255 0.0862553 8.61005e-20 3.75773 0.109781 1.36467e-21 3.7625 0.135218 5.91398e-20
3.62034 0.0362755 4.91725e-20 3.62874 0.0368516 -2.46247e-22 3.63748 0.0371788 0
3.64628 0.037361 0 3.65503 0.0374816 -4.76567e-20 3.66371 0.0375967 -3.28379e-23
3.67228 0.0377994 5.5716e-23 3.6807 0.0382118 -8.14331e-22 3.68896 0.0389756 4.65289e-20
3.69706 0.0402733 -5.00913e-22 3.705 0.0423485 4.55213e-20 3.7128 0.0455636 9.09685e-20
3.72045 0.0503776 9.00378e-20 3.72815 0.0576433 4.46589e-20 3.73597 0.0681312 -4.02985e-22
3.74464 0.0841225 -4.29713e-20 3.75597 0.107323 3.96566e-20 3.76702 0.131584 -2.06583e-20
3.60824 0.0343194 2.77994e-22 3.6163 0.0348112 -1.11247e-22 3.62467 0.0351095 4.89852e-20
3.63308 0.0352814 4.83854e-20 3.64145 0.0354072 4.83949e-20 3.64977 0.0355404 -1.8855e-22
3.65801 0.0357668 -4.73584e-20 3.66615 0.0362045 -9.43395e-20 3.67419 0.0369944 -9.39732e-20
3.68215 0.0383167 -9.31282e-20 3.69005 0.0404118 -9.26193e-20 3.69795 0.0436331 -1.37613e-19
3.70591 0.0484374 -1.3669e-19 3.71413 0.0556197 -8.98574e-20 3.72292 0.0659941 -8.82945e-20
3.73291 0.0814214 -8.63017e-20 3.74657 0.103817 -1.46205e-21 3.76051 0.126713 -5.95132e-20
3.59827 0.0323985 -4.97594e-20 3.60624 0.032818 -1.68873e-22 3.61446 0.0330934 -1.91208e-22
3.62274 0.0332609 4.83963e-20 3.63098 0.033394 4.83831e-20 3.63916 0.0335452 -4.78211e-20
3.64727 0.0337939 -2.76095e-22 3.6553 0.0342538 2.83512e-22 3.66325 0.035063 -4.72227e-20
3.67116 0.0363982 0 3.67907 0.0384947 -4.62173e-20 3.68706 0.0416952 -4.60542e-20
3.69524 0.0464499 -4.51116e-20 3.70384 0.0534974 -4.52706e-20 3.7133 0.0636631 0
3.72424 0.0784745 4.27899e-20 3.73923 0.0998299 1.51932e-21 3.75483 0.121325 -3.91677e-20
3.58962 0.0304895 -4.94488e-20 3.59755 0.0308447 -4.94739e-20 3.60571 0.0310981 1.74013e-22
3.61393 0.0312616 -9.58292e-25 3.62212 0.0314009 -4.84379e-20 3.63026 0.0315676 -3.01066e-22
3.63835 0.0318359 3.05542e-22 3.64637 0.0323138 -3.15709e-22 3.65435 0.0331354 9.47602e-20
3.66233 0.0344725 3.6242e-22 3.67036 0.0365541 -4.68666e-20 3.67856 0.0397106 -7.92249e-23
3.68706 0.0443817 4.53488e-20 3.69615 0.0512523 6.94868e-22 3.70634 0.0611323 -8.75707e-22
3.71828 0.0752898 1.14458e-21 3.73451 0.0954864 -1.59161e-21 3.75144 0.11558 1.36417e-19
3.58209 0.0285883 -1.75308e-23 3.59 0.0288862 1.90313e-23 3.59811 0.0291172 -1.64171e-22
3.60628 0.0292756 -4.88828e-20 3.61444 0.0294185 -4.87484e-20 3.62257 0.0295968 2.12015e-23
3.63066 0.0298797 -2.12816e-23 3.63871 0.0303691 2.12037e-23 3.64675 0.0311938 4.70598e-20
3.65484 0.0325195 4.73358e-20 3.66304 0.0345681 1.51091e-22 3.67149 0.0376567 1.2979e-22
3.68037 0.0422099 1.85374e-23 3.68999 0.048861 -1.44221e-23 3.70094 0.058385 1.2032e-23
3.7139 0.0718438 5.10603e-24 3.73135 0.0908144 -1.7999e-23 3.74944 0.109506 -3.09435e-22
3.57555 0.0266922 -2.74323e-22 3.58343 0.0269396 2.86301e-22 3.5915 0.0271482 -4.94724e-20
3.59964 0.0273002 -4.88917e-20 3.60777 0.0274445 -4.90112e-20 3.61589 0.0276304 -4.84525e-20
3.62399 0.0279226 -2.88299e-22 3.63208 0.028416 2.98654e-22 3.64019 0.0292334 -9.51757e-20
3.64839 0.0305342 -4.89454e-22 3.65677 0.032532 9.36971e-20 3.66547 0.0355291 9.28526e-20
3.67473 0.0399312 4.61852e-20 3.68488 0.046321 4.49767e-20 3.69657 0.0554259 8.52323e-22
3.7105 0.0681395 -4.39932e-20 3.72907 0.0858438 -3.30885e-23 3.74817 0.103137 -4.92416e-20
3.56984 0.0247983 -5.00454e-20 3.57771 0.0250019 -5.00519e-20 3.58575 0.0251885 4.94537e-20
3.59386 0.0253333 4.94601e-20 3.60198 0.0254771 1.2439e-22 3.61009 0.0256668 1.41346e-22
3.6182 0.0259626 -4.82555e-20 3.62633 0.0264524 -4.82617e-20 3.63452 0.0272528 -4.74932e-20
3.64283 0.028516 -9.47094e-20 3.65138 0.0304463 -9.41611e-20 3.66034 0.0333296 -4.69506e-20
3.66996 0.0375492 4.56149e-20 3.68062 0.0436383 5.83286e-22 3.69299 0.0522685 -4.50274e-20
3.70782 0.0641948 -4.28013e-20 3.7274 0.0806102 -1.58166e-21 3.74736 0.0965177 -9.47177e-21
3.56485 0.0229045 5.02901e-20 3.57272 0.0230704 5.0312e-20 3.58074 0.0232361 -1.18987e-22
3.58882 0.0233729 -1.34888e-22 3.59693 0.0235143 4.88704e-20 3.60504 0.0237041 4.88604e-20
3.61318 0.0239979 1.15453e-22 3.62134 0.0244771 -4.7924e-20 3.6296 0.0252515 -3.47898e-22
3.63803 0.0264655 9.51707e-20 3.64675 0.0283128 -4.61608e-20 3.65595 0.0310612 -4.71895e-20
3.66592 0.0350687 -4.53168e-20 3.67705 0.0408201 -4.65073e-20 3.69007 0.0489277 1.0585e-21
3.70571 0.0600304 4.2108e-20 3.72618 0.0751471 4.45664e-20 3.74688 0.0896898 -8.83863e-20
3.56049 0.0210094 7.52131e-20 3.56836 0.0211433 7.51912e-20 3.57637 0.0212895 -4.95886e-20
3.58444 0.0214176 -7.42806e-20 3.59254 0.0215546 -1.519e-22 3.60065 0.0217407 1.5388e-22
3.60881 0.0220273 2.39832e-20 3.61702 0.0224895 7.25706e-20 3.62534 0.0232298 4.80117e-20
3.63388 0.024384 9.47584e-20 3.64276 0.0261335 1.18001e-19 3.65219 0.0287268 7.02038e-20
3.66249 0.0324945 3.4895e-22 3.67407 0.0378744 4.48799e-20 3.68767 0.0454187 6.77773e-20
3.70405 0.0556677 6.47407e-20 3.72531 0.0694849 4.37357e-20 3.74664 0.0826893 -1.95451e-20
3.55669 0.0191122 1.97779e-22 3.56457 0.0192192 -9.01291e-23 3.57256 0.0193472 1.5058e-22
3.58062 0.0194658 -4.96141e-20 3.58872 0.0195964 -2.47536e-20 3.59684 0.0197755 -6.88022e-24
3.60501 0.0200503 -2.4241e-20 3.61327 0.0204898 2.38233e-20 3.62166 0.0211887 2.21579e-22
3.6303 0.0222729 -1.19179e-19 3.63933 0.0239106 -6.86745e-22 3.64899 0.0263296 6.6886e-22
3.65958 0.029832 -4.70362e-20 3.67158 0.0348103 2.01003e-22 3.68571 0.0417568 -5.03952e-22
3.70275 0.0511281 -4.28586e-20 3.72471 0.0636504 -6.51338e-20 3.74658 0.0755456 4.84667e-20
3.55339 0.0172123 -2.5315e-20 3.56128 0.017297 -5.04208e-20 3.56926 0.017408 -5.00795e-20
3.57731 0.0175165 -9.29806e-23 3.58541 0.0176388 2.02822e-22 3.59354 0.0178079 2.4362e-20
3.60173 0.018067 2.46653e-20 3.61002 0.0184785 -4.84414e-20 3.61848 0.019129 -7.21259e-20
3.62722 0.0201338 -9.55415e-20 3.6364 0.0216464 -4.76036e-20 3.64625 0.0238733 -4.66969e-20
3.65713 0.0270875 -9.2676e-20 3.6695 0.0316376 -6.87941e-20 3.68411 0.0379579 -4.49459e-20
3.70174 0.0464324 -6.55022e-20 3.72431 0.0576673 -8.52671e-20 3.74664 0.0682824 8.79168e-21
3.55054 0.0153095 -2.52049e-20 3.55843 0.0153758 -5.03199e-20 3.56642 0.015471 -4.05091e-23
3.57446 0.0155686 4.9831e-20 3.58256 0.0156812 2.48117e-20 3.5907 0.0158379 2.45118e-20
3.59891 0.0160776 2.45103e-20 3.60724 0.0164563 2.19711e-24 3.61576 0.0170519 -2.40162e-20
3.62459 0.0179682 -2.4004e-20 3.6339 0.0193435 -4.72778e-20 3.64393 0.0213625 -2.38475e-20
3.65507 0.0242684 4.65911e-20 3.66777 0.0283673 4.18041e-22 3.68281 0.0340376 -2.26855e-20
3.70096 0.0416 2.19058e-20 3.72406 0.0515566 8.94646e-22 3.74679 0.060919 -2.00249e-20
3.5481 0.0134038 9.31517e-23 3.556 0.0134549 -1.95455e-22 3.56398 0.0135355 5.01775e-20
3.57203 0.0136217 2.50127e-20 3.58012 0.0137232 0 3.58827 0.0138652 -2.4611e-20
3.59651 0.0140824 -2.46102e-20 3.60487 0.0144239 2.42909e-20 3.61345 0.0149585 7.25254e-20
3.62236 0.0157783 4.82452e-20 3.63178 0.0170054 2.37758e-20 3.64198 0.0188024 4.72032e-20
3.65334 0.0213824 6.97515e-20 3.66635 0.0250105 2.34879e-20 3.68177 0.0300109 2.20202e-20
3.70036 0.0366492 4.4808e-20 3.72391 0.0453366 4.23839e-20 3.74698 0.0534713 1.59244e-20
3.54604 0.0114951 -2.55794e-20 3.55396 0.0115339 1.27538e-20 3.56194 0.011601 -1.25555e-20
3.56998 0.0116755 -1.25559e-20 3.57808 0.0117646 0 3.58624 0.0118901 -3.6941e-20
3.59449 0.0120817 -1.86916e-22 3.60288 0.012382 4.88743e-20 3.6115 0.0128504 4.82714e-20
3.62049 0.0135664 6.01283e-20 3.63002 0.0146358 5.95338e-20 3.64036 0.0161987 3.55451e-20
3.65192 0.0184378 -1.16863e-20 3.66518 0.021578 -1.64726e-22 3.68093 0.0258922 3.38692e-20
3.69991 0.0315968 3.34237e-20 3.72384 0.0390238 4.28303e-20 3.74719 0.0459533 -1.85532e-20
3.54434 0.00958378 -1.39924e-22 3.55226 0.00961266 2.53822e-20 3.56024 0.00966703 2.2053e-23
3.56828 0.0097295 2.3734e-23 3.57638 0.00980537 -1.2428e-20 3.58455 0.00991254 -1.24062e-20
3.59282 0.0100761 2.45038e-20 3.60124 0.0103318 1.23049e-20 3.60991 0.0107292 -3.63596e-20
3.61895 0.0113354 -2.09299e-22 3.62857 0.012239 1.20871e-20 3.63904 0.0135574 -1.18886e-20
3.65076 0.0154427 -2.32197e-20 3.66425 0.0180808 -1.18236e-20 3.68027 0.0216952 -1.11128e-20
3.69957 0.0264586 -5.63064e-22 3.72382 0.0326334 1.12478e-20 3.7474 0.0383771 1.42343e-20
3.54297 0.00766999 -1.26773e-20 3.5509 0.00769087 -2.54747e-20 3.55888 0.00773342 2.51796e-20
3.56693 0.00778366 2.51785e-20 3.57503 0.00784539 2.12891e-23 3.5832 0.00793285 1.23748e-20
3.59148 0.00806631 -1.22175e-20 3.59993 0.00827434 -3.67819e-20 3.60863 0.008597 -3.64488e-20
3.61772 0.00908817 -3.62686e-20 3.62742 0.00981929 -3.59057e-20 3.63799 0.0108844 -2.38704e-20
3.64985 0.0124054 1.16554e-20 3.66352 0.0145297 -1.13166e-20 3.67976 0.0174336 -2.29687e-20
3.69932 0.0212503 -2.21202e-20 3.72383 0.0261804 -3.29012e-20 3.74759 0.0307552 -2.2438e-20
3.54193 0.00575429 -6.36426e-21 3.54986 0.00576863 -6.3632e-21 3.55784 0.00579997 -2.05751e-23
3.56589 0.0058378 -2.15869e-23 3.57399 0.00588471 1.24506e-20 3.58217 0.00595131 1.24495e-20
3.59046 0.0060529 -6.13708e-21 3.59892 0.00621098 -1.83505e-20 3.60765 0.00645572 -1.21911e-20
3.61679 0.00682772 -5.98238e-21 3.62654 0.00738081 -1.79143e-20 3.63719 0.00818571 -5.98481e-21
3.64916 0.00933366 1.17796e-20 3.66297 0.0109348 1.16422e-20 3.67939 0.0131194 1.14687e-20
3.69914 0.0159851 5.74052e-21 3.72385 0.019676 -1.07141e-20 3.74775 0.0230949 -1.02042e-20
3.54119 0.00383708 1.27802e-20 3.54913 0.00384606 9.60058e-21 3.55711 0.00386668 -1.26405e-20
3.56515 0.00389198 -1.26024e-20 3.57326 0.00392357 -1.88298e-23 3.58144 0.00396848 3.12277e-21
3.58974 0.00403698 1.23269e-20 3.59821 0.00414345 1.23264e-20 3.60696 0.00430807 1.21512e-20
3.61613 0.00455802 2.42222e-20 3.62592 0.00492931 2.40317e-20 3.63664 0.00546919 1.1945e-20
3.64868 0.00623842 -3.15541e-23 3.66259 0.00731028 1.1563e-20 3.67913 0.00877035 1.15555e-20
3.69903 0.0106836 1.11142e-20 3.72388 0.0131408 1.11377e-20 3.74787 0.015413 6.10899e-21
3.54075 0.00191858 6.39521e-21 3.54869 0.00192303 6.15685e-21 3.55667 0.00193335 -1.53112e-24
3.56472 0.00194608 1.54546e-24 3.57282 0.00196201 -1.56981e-24 3.58101 0.00198468 2.32968e-22
3.58931 0.00201925 6.1686e-21 3.59779 0.00207296 6.16824e-21 3.60656 0.00215593 0
3.61574 0.00228181 6.04157e-21 3.62556 0.00246867 6.04122e-21 3.63631 0.00274023 -5.93752e-21
3.6484 0.00312684 -1.18111e-20 3.66237 0.00366522 -7.49862e-23 3.67899 0.00439754 9.06057e-23
3.69898 0.005357 -5.70736e-21 3.72391 0.00658547 0 3.74797 0.00771899 -9.90017e-23
3.5406 0 0 3.54854 0 5.88218e-21 3.55653 0 3.397e-23
3.56457 0 -3.41955e-23 3.57268 0 3.44525e-23 3.58086 0 -5.77956e-21
3.58917 0 0 3.59766 0 0 3.60642 0 0
3.61561 0 0 3.62544 0 0 3.6362 0 0
3.64831 0 0 3.6623 0 0 3.67895 0 0
3.69897 0 0 3.72393 0 0 3.74801 0 1.20579e-20
0 0 0 0 0 0 0 0 0
0 0 0 0 0 0 0 0 0
0 0 0 0 0 0 0.910917 0.0308315 1.18497e-21
0.990012 0.0471375 1.18565e-21 1.06315 0.0646556 4.32721e-19 1.12821 0.0792373 4.3138e-19
1.19024 0.091666 -1.82129e-19 1.24979 0.103085 -3.74454e-19 1.30841 0.113623 3.52617e-19
1.38229 0.125665 -9.5465e-19 1.82334 0.0666964 -1.54028e-19 1.89127 0.0818274 1.48141e-21
1.95615 0.0994829 -1.44103e-19 2.01588 0.116048 -1.44512e-19 2.07441 0.131301 6.26971e-20
2.13167 0.145701 4.52695e-21 2.18833 0.159371 -1.3695e-19 2.26253 0.176792 6.00042e-19
2.62446 0.104867 8.3926e-20 2.67384 0.118778 3.15374e-21 2.72036 0.134149 -1.44794e-19
2.76279 0.149454 -2.84091e-20 2.80495 0.164246 -2.63091e-20 2.84686 0.178403 9.19995e-22
2.88866 0.192048 -1.35186e-19 2.94449 0.209912 2.94193e-19 3.20806 0.133237 1.34224e-19
3.23957 0.145965 2.05135e-19 3.26918 0.159218 1.03251e-19 3.29599 0.173002 1.40918e-20
3.32306 0.186837 1.13693e-19 3.35061 0.200213 1.01965e-19 3.37853 0.213192 1.01313e-19
3.41724 0.230385 2.4266e-18 3.55553 0.148957 -5.84054e-21 3.57355 0.160776 1.07995e-19
3.59086 0.172533 1.01768e-19 3.6067 0.18485 -4.94297e-21 3.62311 0.197383 0
3.64049 0.209552 1.00485e-19 3.6586 0.221347 1.00224e-19 3.68552 0.237212 -6.70349e-19
3.71647 0.153683 2.84902e-19 3.72664 0.164622 9.01039e-20 3.73706 0.175284 1.86211e-19
3.74707 0.186281 2.8168e-19 3.75782 0.197456 1.85497e-19 3.76971 0.208347 1.84938e-19
3.78253 0.218891 1.84898e-19 3.80315 0.233331 -5.75304e-19 3.76792 0.151444 1.27429e-21
3.77477 0.161464 -1.84596e-19 3.78239 0.171252 -1.15354e-22 3.79025 0.181146 5.09418e-22
3.79891 0.191114 -1.8392e-19 3.80865 0.200859 -9.18784e-20 3.81936 0.210286 -9.16903e-20
3.83742 0.223418 -9.44288e-20 3.77375 0.146047 -1.87477e-19 3.77978 0.155106 -1.8538e-19
3.7867 0.164065 -1.85448e-19 3.79416 0.173002 -1.86098e-19 3.80242 0.181927 -1.84744e-19
3.81165 0.190672 -1.8429e-19 3.82177 0.199145 -1.84684e-19 3.839 0.211117 -9.41943e-20
3.76847 0.139662 -6.48195e-22 3.77461 0.14777 2.77356e-19 3.78155 0.155897 9.19654e-20
3.78912 0.16397 5.13699e-23 3.79746 0.171991 1.84666e-19 3.80667 0.179866 9.2118e-20
3.81666 0.187516 9.23035e-20 3.83358 0.198444 7.40744e-19 3.76377 0.133028 0
3.77023 0.140259 -1.04968e-22 3.77732 0.147578 -4.71259e-22 3.78503 0.154859 0
3.79348 0.16208 0 3.8027 0.169181 0 3.81262 0.176099 0
3.8293 0.186063 6.46936e-19 3.76116 0.126231 1.84471e-19 3.7679 0.132689 -5.25129e-22
3.77515 0.139258 -7.6745e-22 3.78295 0.145814 1.82769e-19 3.79145 0.152318 1.82316e-19
3.80065 0.158722 9.11099e-20 3.81048 0.164976 9.09724e-20 3.82691 0.174044 -5.57991e-19
3.75979 0.119226 9.1023e-20 3.76677 0.125011 -1.14983e-22 3.77415 0.130902 -9.16065e-20
3.78202 0.136799 9.06204e-20 3.79054 0.142655 9.07961e-20 3.79971 0.148428 -9.08053e-20
3.80946 0.154077 1.69116e-22 3.82566 0.162309 -1.20453e-18 3.75903 0.112004 -1.38744e-19
3.76621 0.117197 -9.22192e-20 3.7737 0.12248 -4.58511e-20 3.78164 0.127778 -1.37599e-19
3.79017 0.133046 -1.37733e-19 3.79931 0.138245 -4.57322e-20 3.80899 0.143339 -9.10058e-20
3.82498 0.150791 -9.40729e-20 3.75863 0.104586 -1.8407e-19 3.76597 0.109249 -4.5752e-20
3.77357 0.113986 4.60846e-20 3.78156 0.118739 -1.82506e-19 3.79011 0.12347 -1.81961e-19
3.79922 0.128143 4.53029e-20 3.80883 0.132726 -4.57331e-20 3.82464 0.139449 5.11302e-19
3.75849 0.0970038 -4.82829e-22 3.76596 0.101185 4.58888e-20 3.77364 0.105424 -4.56916e-20
3.78168 0.109679 -1.20244e-22 3.79024 0.113916 1.18624e-22 3.79933 0.118104 -4.52525e-20
3.80888 0.122214 4.52317e-20 3.82453 0.128255 4.65161e-20 3.75853 0.0892848 2.48054e-22
3.7661 0.0930225 -7.10298e-23 3.77385 0.0968039 2.2324e-22 3.78194 0.100599 4.562e-20
3.79051 0.104379 4.55642e-20 3.79958 0.108115 1.12948e-22 3.80908 0.111784 4.53798e-20
3.82458 0.117184 4.63009e-20 3.75871 0.0814534 4.62803e-20 3.76636 0.0847773 8.40583e-23
3.77417 0.0881336 4.547e-20 3.78228 0.0915001 4.54319e-20 3.79086 0.0948533 4.51007e-20
3.79991 0.0981683 4.53424e-20 3.80936 0.101424 -1.9231e-22 3.82474 0.106221 3.2463e-19
3.75897 0.0735292 9.18919e-20 3.76668 0.0764631 4.55972e-20 3.77453 0.0794206 4.55429e-20
3.78268 0.0823852 4.53543e-20 3.79126 0.0853374 9.02862e-20 3.80029 0.0882559 4.53397e-20
3.8097 0.0911226 -4.50602e-20 3.82496 0.0953502 3.24888e-19 3.75927 0.0655276 -1.46764e-22
3.76704 0.0680913 4.55241e-20 3.77493 0.0706716 4.54689e-20 3.78309 0.0732564 -1.73934e-22
3.79168 0.0758298 -2.22953e-22 3.80068 0.0783737 -1.34599e-22 3.81005 0.0808728 -6.0633e-24
3.82522 0.084561 -3.27446e-19 3.7596 0.0574617 -2.33618e-20 3.7674 0.0596715 -1.9688e-22
3.77532 0.0618928 -2.29233e-20 3.7835 0.0641167 -4.55987e-20 3.79208 0.0663302 -9.0724e-20
3.80107 0.0685184 -2.28581e-20 3.81041 0.0706681 2.24351e-20 3.82549 0.0738425 -3.50774e-19
3.75992 0.0493424 -1.14957e-19 3.76775 0.0512125 -9.15377e-20 3.77569 0.0530901 -6.83702e-20
3.78388 0.054969 -1.13563e-19 3.79246 0.0568387 -1.13287e-19 3.80143 0.0586869 -2.26683e-20
3.81075 0.0605028 -4.5317e-20 3.82575 0.0631851 -2.33506e-19 3.76021 0.0411796 2.32285e-20
3.76807 0.0427213 2.84058e-23 3.77603 0.0442679 2.2734e-20 3.78423 0.0458149 4.55397e-20
3.79281 0.0473541 4.54172e-20 3.80176 0.0488754 2.26025e-20 3.81105 0.0503702 2.26166e-20
3.82599 0.0525785 2.36739e-20 3.76047 0.0329834 -1.48958e-22 3.76835 0.0342062 -1.14223e-20
3.77632 0.0354318 -3.42656e-20 3.78452 0.0366573 -3.3493e-23 3.7931 0.0378763 3.11201e-23
3.80204 0.0390812 -3.39034e-20 3.81131 0.040265 -1.12287e-20 3.82621 0.0420141 1.76592e-19
3.76068 0.024759 1.15385e-20 3.76857 0.0256706 6.49361e-23 3.77655 0.0265834 -1.14372e-20
3.78476 0.0274958 1.14313e-20 3.79333 0.0284033 1.1433e-20 3.80227 0.0293002 -1.12717e-20
3.81152 0.0301812 5.57576e-23 3.82638 0.0314826 9.45754e-20 3.76084 0.0165188 1.72845e-20
3.76874 0.0171227 1.14866e-20 3.77673 0.0177272 1.14586e-20 3.78494 0.018332 2.28006e-20
3.79351 0.0189339 2.27171e-20 3.80244 0.0195289 1.13687e-20 3.81168 0.0201137 1.13544e-20
3.82651 0.0209773 -3.03532e-20 3.76096 0.00827013 -1.16075e-20 3.76886 0.00856921 -3.08012e-23
3.77685 0.00886865 1.14794e-20 3.78507 0.00916909 -1.14102e-20 3.79364 0.00946876 -1.1408e-20
3.80257 0.00976529 1.13228e-20 3.8118 0.0100573 -4.29726e-23 3.82661 0.010489 -9.71923e-20
3.76101 0 1.14721e-20 3.76891 0 0 3.7769 0 0
3.78512 0 0 3.79369 0 0 3.80262 0 0
3.81185 0 0 3.82665 0 7.88599e-20 0 0 0
0 0 0 0 0 0 0 0 0
0 0 0 0 0 0 0 0 0
0 0 0 0.910917 0.0308315 1.18497e-21 0.990012 0.0471375 1.18565e-21
1.06315 0.0646556 4.32721e-19 1.12821 0.0792373 4.3138e-19 1.19024 0.091666 -1.82129e-19
1.24979 0.103085 -3.74454e-19 1.30841 0.113623 3.52617e-19 1.38229 0.125665 -9.5465e-19
1.82334 0.0666964 -1.54028e-19 1.89127 0.0818274 1.48141e-21 1.95615 0.0994829 -1.44103e-19
2.01588 0.116048 -1.44512e-19 2.07441 0.131301 6.26971e-20 2.13167 0.145701 4.52695e-21
2.18833 0.159371 -1.3695e-19 2.26253 0.176792 6.00042e-19 2.62446 0.104867 8.3926e-20
2.67384 0.118778 3.15374e-21 2.72036 0.134149 -1.44794e-19 2.76279 0.149454 -2.84091e-20
2.80495 0.164246 -2.63091e-20 2.84686 0.178403 9.19995e-22 2.88866 0.192048 -1.35186e-19
2.94449 0.209912 2.94193e-19 3.20806 0.133237 1.34224e-19 3.23957 0.145965 2.05135e-19
3.26918 0.159218 1.03251e-19 3.29599 0.173002 1.40918e-20 3.32306 0.186837 1.13693e-19
3.35061 0.200213 1.01965e-19 3.37853 0.213192 1.01313e-19 3.41724 0.230385 2.4266e-18
3.55553 0.148957 -5.84054e-21 3.57355 0.160776 1.07995e-19 3.59086 0.172533 1.01768e-19
3.6067 0.18485 -4.94297e-21 3.62311 0.197383 0 3.64049 0.209552 1.00485e-19
3.6586 0.221347 1.00224e-19 3.68552 0.237212 -6.70349e-19 3.71647 0.153683 2.84902e-19
3.72664 0.164622 9.01039e-20 3.73706 0.175284 1.86211e-19 3.74707 0.186281 2.8168e-19
3.75782 0.197456 1.85497e-19 3.76971 0.208347 1.84938e-19 3.78253 0.218891 1.84898e-19
3.80315 0.233331 -5.75304e-19 3.76792 0.151444 1.27429e-21 3.77477 0.161464 -1.84596e-19
3.78239 0.171252 -1.15354e-22 3.79025 0.181146 5.09418e-22 3.79891 0.191114 -1.8392e-19
3.80865 0.200859 -9.18784e-20 3.81936 0.210286 -9.16903e-20 3.83742 0.223418 -9.44288e-20
3.77375 0.146047 -1.87477e-19 3.77978 0.155106 -1.8538e-19 3.7867 0.164065 -1.85448e-19
3.79416 0.173002 -1.86098e-19 3.80242 0.181927 -1.84744e-19 3.81165 0.190672 -1.8429e-19
3.82177 0.199145 -1.84684e-19 3.839 0.211117 -9.41943e-20 3.76847 0.139662 -6.48195e-22
3.77461 0.14777 2.77356e-19 3.78155 0.155897 9.19654e-20 3.78912 0.16397 5.13699e-23
3.79746 0.171991 1.84666e-19 3.80667 0.179866 9.2118e-20 3.81666 0.187516 9.23035e-20
3.83358 0.198444 7.40744e-19 3.76377 0.133028 0 3.77023 0.140259 -1.04968e-22
3.77732 0.147578 -4.71259e-22 3.78503 0.154859 0 3.79348 0.16208 0
3.8027 0.169181 0 3.81262 0.176099 0 3.8293 0.186063 6.46936e-19
3.76116 0.126231 1.84471e-19 3.7679 0.132689 -5.25129e-22 3.77515 0.139258 -7.6745e-22
3.78295 0.145814 1.82769e-19 3.79145 0.152318 1.82316e-19 3.80065 0.158722 9.11099e-20
3.81048 0.164976 9.09724e-20 3.82691 0.174044 -5.57991e-19 3.75979 0.119226 9.1023e-20
3.76677 0.125011 -1.14983e-22 3.77415 0.130902 -9.16065e-20 3.78202 0.136799 9.06204e-20
3.79054 0.142655 9.07961e-20 3.79971 0.148428 -9.08053e-20 3.80946 0.154077 1.69116e-22
3.82566 0.162309 -1.20453e-18 3.75903 0.112004 -1.38744e-19 3.76621 0.117197 -9.22192e-20
3.7737 0.12248 -4.58511e-20 3.78164 0.127778 -1.37599e-19 3.79017 0.133046 -1.37733e-19
3.79931 0.138245 -4.57322e-20 3.80899 0.143339 -9.10058e-20 3.82498 0.150791 -9.40729e-20
3.75863 0.104586 -1.8407e-19 3.76597 0.109249 -4.5752e-20 3.77357 0.113986 4.60846e-20
3.78156 0.118739 -1.82506e-19 3.79011 0.12347 -1.81961e-19 3.79922 0.128143 4.53029e-20
3.80883 0.132726 -4.57331e-20 3.82464 0.139449 5.11302e-19 3.75849 0.0970038 -4.82829e-22
3.76596 0.101185 4.58888e-20 3.77364 0.105424 -4.56916e-20 3.78168 0.109679 -1.20244e-22
3.79024 0.113916 1.18624e-22 3.79933 0.118104 -4.52525e-20 3.80888 0.122214 4.52317e-20
3.82453 0.128255 4.65161e-20 3.75853 0.0892848 2.48054e-22 3.7661 0.0930225 -7.10298e-23
3.77385 0.0968039 2.2324e-22 3.78194 0.100599 4.562e-20 3.79051 0.104379 4.55642e-20
3.79958 0.108115 1.12948e-22 3.80908 0.111784 4.53798e-20 3.82458 0.117184 4.63009e-20
3.75871 0.0814534 4.62803e-20 3.76636 0.0847773 8.40583e-23 3.77417 0.0881336 4.547e-20
3.78228 0.0915001 4.54319e-20 3.79086 0.0948533 4.51007e-20 3.79991 0.0981683 4.53424e-20
3.80936 0.101424 -1.9231e-22 3.82474 0.106221 3.2463e-19 3.75897 0.0735292 9.18919e-20
3.76668 0.0764631 4.55972e-20 3.77453 0.0794206 4.55429e-20 3.78268 0.0823852 4.53543e-20
3.79126 0.0853374 9.02862e-20 3.80029 0.0882559 4.53397e-20 3.8097 0.0911226 -4.50602e-20
3.82496 0.0953502 3.24888e-19 3.75927 0.0655276 -1.46764e-22 3.76704 0.0680913 4.55241e-20
3.77493 0.0706716 4.54689e-20 3.78309 0.0732564 -1.73934e-22 3.79168 0.0758298 -2.22953e-22
3.80068 0.0783737 -1.34599e-22 3.81005 0.0808728 -6.0633e-24 3.82522 0.084561 -3.27446e-19
3.7596 0.0574617 -2.33618e-20 3.7674 0.0596715 -1.9688e-22 3.77532 0.0618928 -2.29233e-20
3.7835 0.0641167 -4.55987e-20 3.79208 0.0663302 -9.0724e-20 3.80107 0.0685184 -2.28581e-20
3.81041 0.0706681 2.24351e-20 3.82549 0.0738425 -3.50774e-19 3.75992 0.0493424 -1.14957e-19
3.76775 0.0512125 -9.15377e-20 3.77569 0.0530901 -6.83702e-20 3.78388 0.054969 -1.13563e-19
3.79246 0.0568387 -1.13287e-19 3.80143 0.0586869 -2.26683e-20 3.81075 0.0605028 -4.5317e-20
3.82575 0.0631851 -2.33506e-19 3.76021 0.0411796 2.32285e-20 3.76807 0.0427213 2.84058e-23
3.77603 0.0442679 2.2734e-20 3.78423 0.0458149 4.55397e-20 3.79281 0.0473541 4.54172e-20
3.80176 0.0488754 2.26025e-20 3.81105 0.0503702 2.26166e-20 3.82599 0.0525785 2.36739e-20
3.76047 0.0329834 -1.48958e-22 3.76835 0.0342062 -1.14223e-20 3.77632 0.0354318 -3.42656e-20
3.78452 0.0366573 -3.3493e-23 3.7931 0.0378763 3.11201e-23 3.80204 0.0390812 -3.39034e-20
3.81131 0.040265 -1.12287e-20 3.82621 0.0420141 1.76592e-19 3.76068 0.024759 1.15385e-20
3.76857 0.0256706 6.49361e-23 3.77655 0.0265834 -1.14372e-20 3.78476 0.0274958 1.14313e-20
3.79333 0.0284033 1.1433e-20 3.80227 0.0293002 -1.12717e-20 3.81152 0.0301812 5.57576e-23
3.82638 0.0314826 9.45754e-20 3.76084 0.0165188 1.72845e-20 3.76874 0.0171227 1.14866e-20
3.77673 0.0177272 1.14586e-20 3.78494 0.018332 2.28006e-20 3.79351 0.0189339 2.27171e-20
3.80244 0.0195289 1.13687e-20 3.81168 0.0201137 1.13544e-20 3.82651 0.0209773 -3.03532e-20
3.76096 0.00827013 -1.16075e-20 3.76886 0.00856921 -3.08012e-23 3.77685 0.00886865 1.14794e-20
3.78507 0.00916909 -1.14102e-20 3.79364 0.00946876 -1.1408e-20 3.80257 0.00976529 1.13228e-20
3.8118 0.0100573 -4.29726e-23 3.82661 0.010489 -9.71923e-20 3.76101 0 1.14721e-20
3.76891 0 0 3.7769 0 0 3.78512 0 0
3.79369 0 0 3.80262 0 0 3.81185 0 0
3.82665 0 7.88599e-20 0 0 0 0 0 0
0 0 0 0 0 0 0 0 0
0 0 0 0 0 0 0 0 0
1.48351 0.142357 2.32939e-18 1.58237 0.159102 4.72611e-18 1.66842 0.172681 9.87863e-19
1.74663 0.183482 0 1.82386 0.192245 1.79761e-18 1.8965 0.197599 3.42822e-18
2.00896 0.204422 7.98554e-19 2.04652 0.175025 -2.79085e-19 2.37239 0.202175 -1.13279e-18
2.48804 0.227705 -7.30518e-19 2.59352 0.248442 -6.00007e-19 2.69277 0.264677 -1.63455e-18
2.79122 0.27724 1.8061e-18 2.88696 0.283597 2.12664e-18 3.01023 0.288965 1.78183e-18
3.0893 0.255289 1.14761e-18 3.03007 0.235975 -5.44281e-19 3.12377 0.262092 -3.01166e-18
3.21288 0.283158 -2.17663e-18 3.29988 0.299146 4.60586e-19 3.38823 0.310572 6.69375e-19
3.47676 0.314556 -1.30463e-18 3.58355 0.315338 -1.82476e-18 3.66607 0.279553 -1.23476e-18
3.47931 0.255548 3.82779e-18 3.55036 0.28075 3.63531e-18 3.62098 0.30084 4.22362e-18
3.6924 0.3155 2.1122e-18 3.76649 0.324976 6.249e-19 3.84218 0.3264 5.86843e-19
3.9298 0.323228 -3.36678e-20 4.00428 0.287776 3.66039e-19 3.73173 0.260762 1.34254e-20
3.78777 0.284416 1.3771e-18 3.84632 0.303078 6.97667e-19 3.90753 0.316254 -6.0678e-19
3.97202 0.323949 -5.98916e-19 4.03869 0.323556 1.35313e-20 4.11245 0.317523 5.02298e-19
4.18116 0.284472 5.07357e-19 3.84108 0.25517 -6.82482e-19 3.8895 0.277198 -6.46148e-19
3.94203 0.294458 -1.28223e-18 3.99817 0.306376 -6.2837e-19 4.0577 0.312751 -5.6991e-19
4.11953 0.311355 -5.66223e-19 4.18511 0.303565 0 4.25055 0.273618 -8.69349e-22
3.87199 0.243625 6.54547e-19 3.91737 0.264088 1.08721e-20 3.96747 0.280037 -6.4299e-19
4.02144 0.29088 0 4.07865 0.296259 0 4.13799 0.294341 0
4.19911 0.285599 0 4.26201 0.25887 1.98876e-19 3.87239 0.229796 1.53424e-21
3.91658 0.248778 6.31984e-19 3.96557 0.26351 2.41465e-20 4.01838 0.273403 -6.19781e-19
4.07417 0.277996 5.62731e-19 4.13183 0.275806 3.49934e-20 4.1902 0.266708 -5.32809e-19
4.25057 0.243013 0 3.86635 0.215669 5.49045e-21 3.90973 0.233227 -6.54999e-19
3.9578 0.246803 6.10323e-19 4.00956 0.255813 6.24757e-19 4.06401 0.259745 1.23001e-21
4.12008 0.257398 -5.38721e-19 4.17628 0.248336 -5.31313e-19 4.23415 0.22735 -2.129e-19
3.86148 0.201892 6.26348e-21 3.90402 0.218072 -1.29909e-18 3.9511 0.23054 -1.63292e-20
4.0017 0.238719 2.02448e-20 4.05477 0.24208 -5.96705e-19 4.1092 0.239649 5.38913e-19
4.16343 0.230876 5.36484e-19 4.21901 0.21226 1.64046e-21 3.8585 0.188536 -6.71652e-19
3.90019 0.203391 5.01943e-21 3.94624 0.214801 -6.21629e-19 3.99565 0.222201 -6.19646e-19
4.04733 0.225069 5.12144e-21 4.10017 0.222614 5.33862e-19 4.15259 0.214282 5.35252e-19
4.20618 0.197738 4.34866e-19 3.85669 0.17553 -1.32381e-18 3.89755 0.189114 -6.38019e-19
3.94261 0.199519 -6.39967e-19 3.99087 0.206193 5.9758e-19 4.04124 0.208639 -5.45937e-19
4.09258 0.206213 -1.1399e-18 4.14336 0.198413 0 4.19528 0.183694 -1.5737e-21
3.85551 0.162808 -6.48563e-19 3.89561 0.175178 -1.2894e-18 3.93974 0.18463 -6.35785e-19
3.98692 0.19063 -5.96746e-19 4.03606 0.192716 -1.1714e-18 4.08603 0.190365 -5.70073e-19
4.13536 0.183145 -5.188e-19 4.18584 0.17005 -7.54061e-19 3.85472 0.150325 1.97464e-18
3.89412 0.161539 1.95577e-18 3.93739 0.170089 1.26291e-18 3.98357 0.175465 2.29528e-20
4.03157 0.177245 5.51729e-19 4.0803 0.175004 1.15127e-18 4.12835 0.168384 6.02709e-22
4.1776 0.156748 4.31701e-21 3.85421 0.13805 6.57745e-19 3.89298 0.148164 1.61195e-18
3.93545 0.15586 9.60306e-19 3.9807 0.16066 2.96609e-19 4.02767 0.16218 8.77295e-19
4.07527 0.160077 5.69892e-19 4.12219 0.154061 5.23069e-19 4.17038 0.143743 5.32788e-19
3.8539 0.125957 -3.30357e-19 3.89209 0.135026 -6.46853e-19 3.93383 0.141916 -9.46276e-19
3.97825 0.146183 -1.94303e-20 4.02427 0.14748 -2.65701e-19 4.07086 0.145534 -8.65627e-19
4.11679 0.140113 -2.65105e-19 4.16406 0.130996 -2.71724e-19 3.85373 0.114026 3.33528e-19
3.89141 0.122101 -3.2352e-19 3.93249 0.12823 -6.90495e-21 3.97614 0.132 6.13821e-19
4.02131 0.133108 3.00691e-19 4.06701 0.131331 2.80376e-19 4.11206 0.126488 2.79732e-19
4.15855 0.118471 2.08649e-21 3.85367 0.102237 -3.25935e-19 3.89088 0.109368 -3.3573e-19
3.93138 0.114774 3.20702e-19 3.97433 0.118082 -3.04e-19 4.01875 0.119025 2.79524e-19
4.06365 0.117424 3.01566e-19 4.10795 0.11314 -1.52374e-20 4.15376 0.106137 2.72338e-19
3.85368 0.0905744 -3.35817e-19 3.89048 0.0968047 3.23787e-19 3.93045 0.101523 9.10302e-21
3.9728 0.104398 -3.12102e-19 4.01654 0.105196 1.2854e-21 4.06075 0.103775 -1.57621e-22
4.10439 0.100028 -2.66349e-19 4.14962 0.0939656 -2.76809e-19 3.85373 0.0790217 3.2577e-19
3.89018 0.0843898 6.59767e-19 3.92969 0.0884523 -1.72495e-21 3.9715 0.0909182 3.03902e-19
4.01466 0.0915864 1.00463e-20 4.05827 0.090346 -1.11526e-20 4.10134 0.0871158 8.14434e-21
4.14608 0.081933 -2.76517e-19 3.85381 0.0675635 -3.50811e-21 3.88995 0.0721029 -1.59674e-19
3.92906 0.075536 -3.22806e-19 3.97041 0.0776131 0 4.01308 0.0781649 0
4.05617 0.0771048 -2.83085e-19 4.09877 0.0743727 -9.45419e-21 4.14309 0.0700183 2.7955e-19
3.85389 0.0561845 -4.97336e-19 3.88978 0.0599237 -4.98233e-19 3.92856 0.0627501 0
3.96952 0.0644556 0 4.01177 0.0649013 0 4.05443 0.0640208 0
4.09664 0.0617701 1.36153e-19 4.14062 0.058202 7.71949e-20 3.85397 0.0448707 2.89631e-21
3.88965 0.0478335 -1.65248e-19 3.92816 0.0500723 0 3.96881 0.0514204 1.53596e-19
4.01072 0.051768 1.53674e-19 4.05304 0.0510657 0 4.09493 0.0492823 1.38805e-19
4.13864 0.0464666 1.4281e-19 3.85405 0.0336077 2.51877e-19 3.88956 0.0358126 1.66593e-19
3.92787 0.037479 7.94442e-20 3.96827 0.0384809 7.90678e-20 4.00991 0.0387367 7.39097e-20
4.05197 0.0382117 7.45818e-20 4.09362 0.0368843 6.83078e-20 4.13712 0.0347952 1.00248e-19
3.85411 0.0223856 -4.31003e-20 3.88951 0.0238465 -4.09626e-20 3.92766 0.0249512 -8.10444e-20
3.9679 0.0256143 -1.94425e-19 4.00936 0.0257816 -1.91723e-19 4.05123 0.0254315 -7.38963e-20
4.0927 0.0245503 -1.7494e-19 4.13606 0.0231666 -1.57069e-19 3.85417 0.0111912 -8.75962e-20
3.88951 0.0119187 -2.28817e-21 3.92757 0.0124687 -8.42939e-20 3.9677 0.0127981 -8.19344e-20
4.00905 0.0128794 -7.70728e-20 4.0508 0.0127026 -7.91256e-20 4.09217 0.0122612 6.77521e-20
4.13544 0.0115693 1.01671e-19 3.8542 0 8.08496e-20 3.88951 0 7.7372e-20
3.92755 0 1.5257e-19 3.96764 0 7.51984e-20 4.00895 0 7.04819e-20
4.05066 0 1.38537e-19 4.09199 0 6.80548e-20 4.13522 0 2.90433e-20
0 0 0 0 0 0 0 0 0
0 0 0 0 0 0 0 0 0
0 0 0 0 0 0 1.48351 0.142357 2.32939e-18
1.58237 0.159102 4.72611e-18 1.66842 0.172681 9.87863e-19 1.74663 0.183482 0
1.82386 0.192245 1.79761e-18 1.8965 0.197599 3.42822e-18 2.00896 0.204422 7.98554e-19
2.04652 0.175025 -2.79085e-19 2.37239 0.202175 -1.13279e-18 2.48804 0.227705 -7.30518e-19
2.59352 0.248442 -6.00007e-19 2.69277 0.264677 -1.63455e-18 2.79122 0.27724 1.8061e-18
2.88696 0.283597 2.12664e-18 3.01023 0.288965 1.78183e-18 3.0893 0.255289 1.14761e-18
3.03007 0.235975 -5.44281e-19 3.12377 0.262092 -3.01166e-18 3.21288 0.283158 -2.17663e-18
3.29988 0.299146 4.60586e-19 3.38823 0.310572 6.69375e-19 3.47676 0.314556 -1.30463e-18
3.58355 0.315338 -1.82476e-18 3.66607 0.279553 -1.23476e-18 3.47931 0.255548 3.82779e-18
3.55036 0.28075 3.63531e-18 3.62098 0.30084 4.22362e-18 3.6924 0.3155 2.1122e-18
3.76649 0.324976 6.249e-19 3.84218 0.3264 5.86843e-19 3.9298 0.323228 -3.36678e-20
4.00428 0.287776 3.66039e-19 3.73173 0.260762 1.34254e-20 3.78777 0.284416 1.3771e-18
3.84632 0.303078 6.97667e-19 3.90753 0.316254 -6.0678e-19 3.97202 0.323949 -5.98916e-19
4.03869 0.323556 1.35313e-20 4.11245 0.317523 5.02298e-19 4.18116 0.284472 5.07357e-19
3.84108 0.25517 -6.82482e-19 3.8895 0.277198 -6.46148e-19 3.94203 0.294458 -1.28223e-18
3.99817 0.306376 -6.2837e-19 4.0577 0.312751 -5.6991e-19 4.11953 0.311355 -5.66223e-19
4.18511 0.303565 0 4.25055 0.273618 -8.69349e-22 3.87199 0.243625 6.54547e-19
3.91737 0.264088 1.08721e-20 3.96747 0.280037 -6.4299e-19 4.02144 0.29088 0
4.07865 0.296259 0 4.13799 0.294341 0 4.19911 0.285599 0
4.26201 0.25887 1.98876e-19 3.87239 0.229796 1.53424e-21 3.91658 0.248778 6.31984e-19
3.96557 0.26351 2.41465e-20 4.01838 0.273403 -6.19781e-19 4.07417 0.277996 5.62731e-19
4.13183 0.275806 3.49934e-20 4.1902 0.266708 -5.32809e-19 4.25057 0.243013 0
3.86635 0.215669 5.49045e-21 3.90973 0.233227 -6.54999e-19 3.9578 0.246803 6.10323e-19
4.00956 0.255813 6.24757e-19 4.06401 0.259745 1.23001e-21 4.12008 0.257398 -5.38721e-19
4.17628 0.248336 -5.31313e-19 4.23415 0.22735 -2.129e-19 3.86148 0.201892 6.26348e-21
3.90402 0.218072 -1.29909e-18 3.9511 0.23054 -1.63292e-20 4.0017 0.238719 2.02448e-20
4.05477 0.24208 -5.96705e-19 4.1092 0.239649 5.38913e-19 4.16343 0.230876 5.36484e-19
4.21901 0.21226 1.64046e-21 3.8585 0.188536 -6.71652e-19 3.90019 0.203391 5.01943e-21
3.94624 0.214801 -6.21629e-19 3.99565 0.222201 -6.19646e-19 4.04733 0.225069 5.12144e-21
4.10017 0.222614 5.33862e-19 4.15259 0.214282 5.35252e-19 4.20618 0.197738 4.34866e-19
3.85669 0.17553 -1.32381e-18 3.89755 0.189114 -6.38019e-19 3.94261 0.199519 -6.39967e-19
3.99087 0.206193 5.9758e-19 4.04124 0.208639 -5.45937e-19 4.09258 0.206213 -1.1399e-18
4.14336 0.198413 0 4.19528 0.183694 -1.5737e-21 3.85551 0.162808 -6.48563e-19
3.89561 0.175178 -1.2894e-18 3.93974 0.18463 -6.35785e-19 3.98692 0.19063 -5.96746e-19
4.03606 0.192716 -1.1714e-18 4.08603 0.190365 -5.70073e-19 4.13536 0.183145 -5.188e-19
4.18584 0.17005 -7.54061e-19 3.85472 0.150325 1.97464e-18 3.89412 0.161539 1.95577e-18
3.93739 0.170089 1.26291e-18 3.98357 0.175465 2.29528e-20 4.03157 0.177245 5.51729e-19
4.0803 0.175004 1.15127e-18 4.12835 0.168384 6.02709e-22 4.1776 0.156748 4.31701e-21
3.85421 0.13805 6.57745e-19 3.89298 0.148164 1.61195e-18 3.93545 0.15586 9.60306e-19
3.9807 0.16066 2.96609e-19 4.02767 0.16218 8.77295e-19 4.07527 0.160077 5.69892e-19
4.12219 0.154061 5.23069e-19 4.17038 0.143743 5.32788e-19 3.8539 0.125957 -3.30357e-19
3.89209 0.135026 -6.46853e-19 3.93383 0.141916 -9.46276e-19 3.97825 0.146183 -1.94303e-20
4.02427 0.14748 -2.65701e-19 4.07086 0.145534 -8.65627e-19 4.11679 0.140113 -2.65105e-19
4.16406 0.130996 -2.71724e-19 3.85373 0.114026 3.33528e-19 3.89141 0.122101 -3.2352e-19
3.93249 0.12823 -6.90495e-21 3.97614 0.132 6.13821e-19 4.02131 0.133108 3.00691e-19
4.06701 0.131331 2.80376e-19 4.11206 0.126488 2.79732e-19 4.15855 0.118471 2.08649e-21
3.85367 0.102237 -3.25935e-19 3.89088 0.109368 -3.3573e-19 3.93138 0.114774 3.20702e-19
3.97433 0.118082 -3.04e-19 4.01875 0.119025 2.79524e-19 4.06365 0.117424 3.01566e-19
4.10795 0.11314 -1.52374e-20 4.15376 0.106137 2.72338e-19 3.85368 0.0905744 -3.35817e-19
3.89048 0.0968047 3.23787e-19 3.93045 0.101523 9.10302e-21 3.9728 0.104398 -3.12102e-19
4.01654 0.105196 1.2854e-21 4.06075 0.103775 -1.57621e-22 4.10439 0.100028 -2.66349e-19
4.14962 0.0939656 -2.76809e-19 3.85373 0.0790217 3.2577e-19 3.89018 0.0843898 6.59767e-19
3.92969 0.0884523 -1.72495e-21 3.9715 0.0909182 3.03902e-19 4.01466 0.0915864 1.00463e-20
4.05827 0.090346 -1.11526e-20 4.10134 0.0871158 8.14434e-21 4.14608 0.081933 -2.76517e-19
3.85381 0.0675635 -3.50811e-21 3.88995 0.0721029 -1.59674e-19 3.92906 0.075536 -3.22806e-19
3.97041 0.0776131 0 4.01308 0.0781649 0 4.05617 0.0771048 -2.83085e-19
4.09877 0.0743727 -9.45419e-21 4.14309 0.0700183 2.7955e-19 3.85389 0.0561845 -4.97336e-19
3.88978 0.0599237 -4.98233e-19 3.92856 0.0627501 0 3.96952 0.0644556 0
4.01177 0.0649013 0 4.05443 0.0640208 0 4.09664 0.0617701 1.36153e-19
4.14062 0.058202 7.71949e-20 3.85397 0.0448707 2.89631e-21 3.88965 0.0478335 -1.65248e-19
3.92816 0.0500723 0 3.96881 0.0514204 1.53596e-19 4.01072 0.051768 1.53674e-19
4.05304 0.0510657 0 4.09493 0.0492823 1.38805e-19 4.13864 0.0464666 1.4281e-19
3.85405 0.0336077 2.51877e-19 3.88956 0.0358126 1.66593e-19 3.92787 0.037479 7.94442e-20
3.96827 0.0384809 7.90678e-20 4.00991 0.0387367 7.39097e-20 4.05197 0.0382117 7.45818e-20
4.09362 0.0368843 6.83078e-20 4.13712 0.0347952 1.00248e-19 3.85411 0.0223856 -4.31003e-20
3.88951 0.0238465 -4.09626e-20 3.92766 0.0249512 -8.10444e-20 3.9679 0.0256143 -1.94425e-19
4.00936 0.0257816 -1.91723e-19 4.05123 0.0254315 -7.38963e-20 4.0927 0.0245503 -1.7494e-19
4.13606 0.0231666 -1.57069e-19 3.85417 0.0111912 -8.75962e-20 3.88951 0.0119187 -2.28817e-21
3.92757 0.0124687 -8.42939e-20 3.9677 0.0127981 -8.19344e-20 4.00905 0.0128794 -7.70728e-20
4.0508 0.0127026 -7.91256e-20 4.09217 0.0122612 6.77521e-20 4.13544 0.0115693 1.01671e-19
3.8542 0 8.08496e-20 3.88951 0 7.7372e-20 3.92755 0 1.5257e-19
3.96764 0 7.51984e-20 4.00895 0 7.04819e-20 4.05066 0 1.38537e-19
4.09199 0 6.80548e-20 4.13522 0 2.90433e-20 0 0 0
0 0 0 0 0 0 0 0 0
0 0 0 0 0 0 0 0 0
0 0 0 0 0 0 0 0 0
0 0 0 0 0 0 0 0 0
0 0 0 0 0 0 0 0 0
0 0 0 0 0 0 0 0 0
0 0 0 0 0 0 0 0 0
0 0 0 0 0 0 0 0 0
0 0 0 0 0 0 0.472777 0.0133126 -2.90904e-22
1.88302 0.113255 1.17147e-18 1.69336 0.0755775 1.08323e-18 1.59649 0.0570089 -6.74601e-19
1.56089 0.0488818 -2.24941e-18 1.54365 0.0462266 -1.38248e-18 1.53369 0.0455632 -1.3211e-18
1.52938 0.0454703 -6.79628e-19 1.5282 0.0455873 1.6882e-20 1.52817 0.0457518 -1.62197e-20
1.52867 0.0458773 1.76691e-18 1.5296 0.0459563 6.13566e-19 1.53092 0.0460065 -1.34722e-18
1.53259 0.0460412 -1.25737e-18 1.53458 0.0460712 -7.38166e-19 1.5369 0.0461087 -6.46892e-19
1.53955 0.0461631 -4.45769e-19 1.54253 0.0462352 -3.51905e-19 1.54584 0.0463178 -8.83312e-19
1.54948 0.0464028 -7.85231e-19 1.55343 0.0464892 -4.47847e-19 1.55769 0.0465815 -3.49944e-19
1.5622 0.0466899 -5.24519e-20 1.56713 0.0468009 5.16484e-20 1.57191 0.0469539 -1.826e-19
1.57789 0.0470084 -1.19227e-19 1.5817 0.0474129 -2.58732e-19 1.58846 0.0469514 -9.99522e-20
1.5953 0.0460373 -3.98342e-20 3.03069 0.186228 2.67648e-19 2.91653 0.140467 -4.44693e-20
2.82874 0.113094 -1.16996e-18 2.77558 0.0967583 -5.09445e-19 2.74162 0.0884502 -1.35613e-18
2.71935 0.0845561 -1.3523e-18 2.70583 0.0826514 -6.44435e-19 2.69822 0.0817127 -2.02659e-20
2.69414 0.0812578 -4.18994e-19 2.69231 0.0810123 -8.91545e-19 2.69208 0.0808538 5.48571e-19
2.69309 0.0807398 -1.12694e-19 2.69508 0.0806537 -5.14456e-19 2.69792 0.0805909 3.66049e-22
2.70151 0.0805579 -3.45733e-22 2.7058 0.0805639 -3.98986e-19 2.71075 0.0806105 -3.97974e-19
2.71631 0.0806876 1.65371e-19 2.72247 0.0807808 1.67555e-19 2.72918 0.0808829 -2.01088e-19
2.73646 0.0809974 -3.78124e-19 2.74422 0.0811362 -3.27267e-19 2.7526 0.081289 -1.51214e-19
2.76108 0.0815063 -2.2639e-19 2.7709 0.0815956 -1.32772e-19 2.77883 0.0822447 9.31137e-20
2.79047 0.0815714 -3.46794e-20 2.79995 0.0801965 -6.95504e-20 3.66573 0.212385 -1.34647e-18
3.62111 0.169104 -6.44505e-19 3.58014 0.14355 1.54982e-19 3.55309 0.126646 1.57295e-19
3.53417 0.116647 6.45981e-19 3.521 0.111193 4.36876e-19 3.51314 0.108101 -2.10599e-19
3.50938 0.10628 -1.96509e-19 3.50837 0.105196 -7.32233e-20 3.50929 0.104518 -2.98648e-19
3.51171 0.10406 -1.91515e-19 3.51534 0.103731 6.72009e-20 3.52 0.103483 -1.63398e-19
3.52555 0.103293 -1.45362e-19 3.53191 0.103158 -1.46279e-19 3.53904 0.103081 1.25841e-19
3.54687 0.103065 1.00963e-20 3.55538 0.103097 1.72193e-19 3.56455 0.103161 1.91586e-19
3.57434 0.103242 -1.26715e-19 3.58476 0.103341 -1.31567e-19 3.59574 0.103468 -1.87561e-19
3.60739 0.103615 -8.68096e-20 3.6193 0.103842 2.65342e-20 3.63249 0.103927 -2.35239e-21
3.64412 0.104686 -2.96597e-20 3.66002 0.103907 -8.63146e-21 3.67163 0.102302 -1.74323e-20
4.02754 0.224468 -4.12334e-20 4.01713 0.182808 -2.3279e-19 4.00495 0.158336 6.68493e-19
3.99997 0.141388 2.52679e-19 3.99853 0.13074 2.43067e-19 3.99948 0.124784 6.24597e-19
4.0032 0.12142 1.79549e-19 4.00924 0.119446 -1.97269e-19 4.01678 0.118285 1.97996e-19
4.02535 0.117584 3.9313e-19 4.03472 0.117132 -4.90183e-19 4.04474 0.11682 -5.03906e-19
4.05533 0.116593 -1.54862e-19 4.06646 0.116422 -1.54779e-19 4.07809 0.116303 -1.3665e-19
4.09021 0.11624 -1.14837e-19 4.10283 0.116238 -1.06239e-19 4.11593 0.116288 -3.29812e-19
4.12952 0.116372 -1.33735e-19 4.1436 0.116476 2.51858e-19 4.15818 0.116595 2.46354e-19
4.17324 0.116739 1.38871e-19 4.18887 0.116898 1.1143e-19 4.20473 0.117142 1.34573e-19
4.22178 0.117239 5.6729e-20 4.23726 0.11805 -2.95561e-20 4.25766 0.117275 1.81928e-20
4.27178 0.115622 3.6389e-20 4.2199 0.227238 2.01198e-19 4.2304 0.187447 2.11261e-19
4.23518 0.163737 -2.01551e-19 4.24351 0.147014 -1.71263e-20 4.25339 0.136133 -9.29939e-21
4.2642 0.12995 1.90598e-19 4.27669 0.126485 3.89278e-19 4.29075 0.124481 1.74474e-19
4.30583 0.123338 3.30873e-22 4.32156 0.122701 -1.50026e-20 4.33777 0.122341 -6.60011e-21
4.35436 0.122135 1.29293e-19 4.37128 0.122017 2.87772e-19 4.38848 0.121955 1.27527e-19
4.40597 0.121938 1.27297e-19 4.42374 0.121969 -1.21926e-19 4.4418 0.122053 -1.45505e-20
4.46015 0.122184 1.01713e-19 4.47881 0.122347 9.31738e-20 4.4978 0.122527 9.2607e-20
4.51713 0.122717 6.45408e-20 4.53679 0.122921 8.99785e-21 4.5569 0.12313 -5.29467e-20
4.57714 0.123419 -3.47452e-20 4.59846 0.123558 -1.17406e-20 4.61802 0.1244 2.55766e-20
4.64327 0.123735 6.23854e-21 4.66026 0.122178 1.24418e-20 4.30013 0.223059 -1.27016e-22
4.32562 0.185718 -4.05805e-19 4.34252 0.163089 -4.05947e-19 4.36016 0.147038 5.43243e-21
4.37787 0.136262 4.26083e-21 4.39549 0.129981 -1.83972e-19 4.414 0.126447 -1.84419e-19
4.43364 0.124412 1.74626e-19 4.45405 0.123275 1.74089e-19 4.47497 0.122681 2.82028e-21
4.49627 0.122394 1.5476e-19 4.51787 0.122278 1.54889e-19 4.53974 0.122259 1.38571e-19
4.56183 0.1223 1.35996e-19 4.58414 0.122385 1.19032e-19 4.60666 0.122515 1.1813e-19
4.6294 0.12269 1.01256e-19 4.65235 0.122908 1.01816e-19 4.67552 0.123157 -8.29262e-20
4.69893 0.123423 -8.34298e-20 4.7226 0.123694 6.46193e-20 4.74651 0.123972 9.46228e-21
4.77079 0.124242 -1.00747e-19 4.79512 0.124586 -4.54481e-20 4.8205 0.124785 2.55412e-20
4.84385 0.125638 2.5485e-20 4.87372 0.12514 -5.69913e-21 4.89357 0.123776 -1.13858e-20
4.31718 0.214791 2.02971e-19 4.35214 0.180208 -3.13796e-22 4.37721 0.158788 2.00281e-19
4.40128 0.143587 3.97107e-21 4.42455 0.133108 -1.94703e-19 4.44706 0.126843 -1.84267e-19
4.46988 0.123296 -6.97133e-21 4.49346 0.121261 1.7783e-19 4.51762 0.120134 -1.63026e-19
4.54216 0.119569 -3.20656e-19 4.56702 0.11933 -1.55886e-19 4.59215 0.119272 -1.40545e-19
4.61751 0.119321 -1.4085e-19 4.64309 0.119436 1.23493e-19 4.66888 0.119597 1.23389e-19
4.69488 0.119799 -1.0685e-19 4.72107 0.120041 -1.06586e-19 4.74747 0.120323 -8.8749e-20
4.77406 0.120636 -8.89746e-20 4.80087 0.120968 -2.60447e-22 4.82791 0.121303 -7.19887e-23
4.85517 0.121639 -5.23094e-20 4.88277 0.12196 -5.30943e-20 4.91037 0.122347 -3.42878e-20
4.93907 0.122607 -3.41039e-20 4.96548 0.123443 1.38955e-20 4.99917 0.123129 1.39134e-20
5.02146 0.122006 0 4.3074 0.204705 0 4.34739 0.172847 2.03081e-19
4.37721 0.152567 2.02405e-19 4.40509 0.138209 3.89536e-19 4.43182 0.12812 3.90333e-19
4.45746 0.121941 1.88644e-22 4.48307 0.118417 1.77698e-19 4.5092 0.116396 1.77474e-19
4.53578 0.115278 -3.72057e-22 4.56267 0.114729 -1.5315e-22 4.58983 0.114514 1.47471e-19
4.61725 0.114492 1.47377e-19 4.6449 0.114583 -2.79974e-22 4.67277 0.114746 2.46774e-22
4.70085 0.114956 7.12278e-23 4.72915 0.115204 -6.48596e-22 4.75766 0.115486 -1.31791e-22
4.78638 0.115803 -6.33513e-23 4.8153 0.116152 4.24269e-22 4.84444 0.116522 -2.61322e-22
4.87382 0.116895 6.13366e-20 4.90342 0.117267 6.22989e-20 4.93336 0.117621 -1.57536e-23
4.9633 0.118034 -6.14e-22 4.99439 0.118345 2.38833e-20 5.023 0.119139 2.42941e-20
5.05947 0.118994 5.79164e-23 5.08357 0.118121 0 4.29068 0.193978 -2.1803e-19
4.33312 0.164729 -2.07216e-19 4.36555 0.145526 -6.11183e-19 4.39547 0.131966 -6.00765e-19
4.42407 0.122302 -3.88987e-19 4.45148 0.116242 -1.90969e-19 4.47864 0.112746 -3.55682e-19
4.50616 0.110735 -5.25725e-19 4.53406 0.109615 -1.70031e-19 4.56224 0.109062 -1.55859e-19
4.59068 0.108852 -3.02503e-19 4.61937 0.108842 -1.48293e-19 4.64831 0.108952 -1.31559e-19
4.67749 0.109138 -2.5482e-19 4.70691 0.109373 -2.37564e-19 4.73656 0.109641 -1.14796e-19
4.76644 0.109938 -9.73454e-20 4.79655 0.110267 -9.70676e-20 4.82689 0.110626 -7.98178e-20
4.85745 0.111009 -1.50756e-19 4.88827 0.111398 -1.33381e-19 4.91933 0.111784 -9.10003e-21
4.95075 0.112154 9.43955e-21 4.98218 0.112579 -9.88404e-21 5.01481 0.112928 9.68633e-21
5.04484 0.113666 -5.16527e-20 5.08311 0.113658 -3.33152e-20 5.10842 0.113014 -1.16169e-20
4.27465 0.183079 2.34115e-21 4.31841 0.156327 8.78192e-22 4.35246 0.13819 1.59104e-21
4.38354 0.125388 -1.95717e-19 4.41318 0.116167 -1.9503e-19 4.44155 0.110251 9.9588e-22
4.46951 0.106789 -1.77711e-19 4.4977 0.104785 -1.76708e-19 4.52621 0.103655 7.54601e-22
4.55498 0.103087 4.01646e-22 4.584 0.102866 -1.467e-19 4.61329 0.10285 -1.46524e-19
4.64283 0.10296 -2.34591e-22 4.67263 0.10315 2.06092e-22 4.70269 0.103388 1.76346e-23
4.73301 0.103657 1.9888e-22 4.76359 0.10395 6.80912e-22 4.79442 0.104271 6.6966e-22
4.8255 0.104623 4.55703e-22 4.85682 0.104999 4.49733e-22 4.88843 0.105384 -6.21979e-20
4.92028 0.10577 -6.15996e-20 4.95253 0.106145 -1.0437e-22 4.98479 0.106572 -1.64604e-22
5.01832 0.106946 -2.43383e-20 5.04915 0.107619 -2.41966e-20 5.08846 0.107709 2.00901e-23
5.11446 0.107255 1.32e-24 4.2609 0.172141 4.44653e-19 4.30555 0.147775 4.19794e-19
4.34086 0.130719 4.17654e-19 4.3728 0.118656 3.94592e-19 4.40314 0.109899 7.81501e-19
4.43214 0.104162 3.84159e-19 4.46058 0.100751 3.5693e-19 4.48912 0.0987609 5.27732e-19
4.5179 0.0976231 3.34304e-19 4.54691 0.0970363 1.62843e-19 4.57616 0.0967965 2.95069e-19
4.60567 0.096766 4.36345e-19 4.63545 0.0968648 1.40324e-19 4.66549 0.097045 1.23041e-19
4.69581 0.0972736 1.23567e-19 4.7264 0.0975303 2.12217e-19 4.75727 0.0978084 3.107e-19
4.78841 0.0981114 2.76129e-19 4.81982 0.0984436 3.38911e-19 4.85149 0.0988017 1.60275e-19
4.88346 0.0991726 1.2325e-19 4.91569 0.0995491 7.16345e-20 4.94833 0.0999216 3.40273e-20
4.98101 0.100343 5.26869e-20 5.01499 0.100729 -9.75041e-21 5.04622 0.101333 3.77035e-20
5.08603 0.101481 1.37007e-20 5.11239 0.101173 -1.36931e-22 4.24917 0.161192 -2.21343e-21
4.29452 0.139093 -5.56501e-22 4.33094 0.123141 -1.15608e-21 4.36366 0.111812 4.19986e-22
4.3946 0.103541 -4.58395e-22 4.42412 0.0980205 -5.29318e-22 4.45294 0.0946847 -6.55364e-22
4.48171 0.092721 -9.33035e-22 4.51066 0.0915836 6.54217e-22 4.53979 0.0909822 -1.83688e-22
4.56914 0.0907246 1.12415e-22 4.59873 0.0906774 3.28536e-22 4.62858 0.0907606 -3.81291e-22
4.6587 0.0909253 -1.40895e-22 4.6891 0.091138 -3.36225e-22 4.71979 0.0913775 1.46286e-22
4.75076 0.0916363 4.5876e-23 4.78202 0.0919173 3.76572e-22 4.81355 0.0922253 -6.4513e-22
4.84536 0.0925599 4.21764e-23 4.87747 0.0929116 4.18562e-22 4.90985 0.0932747 -5.22452e-23
4.94267 0.0936405 -8.13888e-23 4.97552 0.0940499 -4.9148e-22 5.00971 0.0944342 1.76478e-23
5.0411 0.0949673 1.47773e-26 5.08112 0.0951405 7.26604e-23 5.10763 0.0949368 1.36615e-23
4.23902 0.150246 -2.26659e-19 4.28492 0.130286 -2.12136e-19 4.32232 0.115456 -5.63514e-21
4.35578 0.10486 5.83799e-21 4.38728 0.097095 -3.92522e-19 4.41728 0.091825 -5.81889e-21
4.44646 0.0885896 7.9477e-21 4.47545 0.0866685 -1.79045e-19 4.50454 0.0855432 -2.96975e-23
4.53377 0.0849353 1.56127e-19 4.56317 0.0846643 7.38508e-21 4.59281 0.0846021 -2.88054e-19
4.6227 0.0846692 -7.98147e-21 4.65285 0.0848171 7.61841e-21 4.68329 0.0850128 -8.25371e-21
4.714 0.0852348 8.22196e-21 4.74501 0.0854743 -1.06264e-19 4.7763 0.0857331 -8.88973e-20
4.80788 0.0860164 -1.70478e-19 4.83974 0.0863262 -8.6515e-21 4.8719 0.086657 9.64251e-21
4.90434 0.0870044 -9.28514e-21 4.93722 0.0873592 9.19881e-21 4.97014 0.0877507 -9.90286e-21
5.00442 0.0881208 3.39009e-20 5.03587 0.0885849 1.37204e-20 5.07594 0.088761 1.94342e-20
5.10251 0.0886288 1.17688e-20 4.23013 0.139317 -1.04926e-22 4.27646 0.121363 5.68963e-23
4.31473 0.107665 1.06878e-22 4.34889 0.0978057 0 4.38091 0.0905578 1.94778e-19
4.41136 0.0855685 1.94958e-19 4.44087 0.0824583 1.00803e-22 4.47009 0.0805964 1.48896e-22
4.49932 0.0794958 1.63999e-19 4.52863 0.0788905 1.64189e-19 4.5581 0.0786119 -2.83141e-22
4.58778 0.078538 1.40947e-19 4.6177 0.0785909 1.4104e-19 4.64788 0.0787232 0
4.67833 0.0789029 0 4.70906 0.0791086 1.06552e-19 4.74008 0.0793301 1.07035e-19
4.7714 0.0795679 4.00834e-22 4.803 0.0798273 7.98498e-20 4.83488 0.0801127 8.05043e-20
4.86706 0.0804217 3.67631e-22 4.89953 0.080751 1.03221e-25 4.93245 0.0810903 4.34695e-20
4.96539 0.081458 4.32029e-20 4.9997 0.0818048 2.24021e-22 5.03118 0.0822045 1.38283e-20
5.07125 0.0823714 1.35074e-20 5.09782 0.0822873 0 4.22233 0.128416 -1.12934e-19
4.26899 0.112339 -4.08844e-21 4.30801 0.0997723 1.08695e-19 4.3428 0.0906522 1.01553e-19
4.37531 0.0839314 1.99059e-19 4.40618 0.0792481 -9.04081e-20 4.43601 0.0762869 -9.65055e-20
4.46544 0.0745004 9.01269e-20 4.4948 0.0734369 8.20712e-20 4.52421 0.0728436 1.60042e-19
4.55374 0.0725636 7.85768e-20 4.58347 0.0724817 7.12454e-20 4.61342 0.072523 7.0126e-20
4.64362 0.0726416 6.1598e-20 4.67408 0.0728068 1.20428e-19 4.70483 0.0729971 1.10844e-19
4.73587 0.0732016 5.25235e-20 4.7672 0.0734194 4.55488e-20 4.79881 0.0736559 4.48386e-20
4.83071 0.0739173 3.52765e-20 4.86292 0.0742036 6.71634e-20 4.89541 0.0745119 3.15913e-20
4.92834 0.0748309 2.17116e-20 4.9613 0.0751706 2.1217e-20 4.99563 0.0754888 1.21351e-20
5.02711 0.0758312 5.45598e-21 5.06716 0.0759842 -3.94415e-21 5.09373 0.0759328 5.94952e-21
4.21549 0.117548 1.1472e-19 4.26239 0.103226 5.03994e-21 4.30206 0.0917838 -1.10667e-19
4.33743 0.0834068 5.53871e-24 4.37038 0.0772204 -1.95712e-19 4.40163 0.072865 -1.95855e-19
4.43175 0.0700752 -6.12016e-23 4.46138 0.0683801 -2.40303e-22 4.49087 0.0673655 -1.65153e-19
4.52037 0.0667932 -2.4436e-19 4.54997 0.0665177 -7.85929e-20 4.57973 0.0664318 -1.40151e-19
4.60972 0.066464 -2.0762e-19 4.63994 0.0665705 -6.66958e-20 4.67043 0.0667218 -5.71979e-20
4.70119 0.0668971 -1.657e-19 4.73224 0.0670846 -1.5764e-19 4.76359 0.0672828 -4.88637e-20
4.79522 0.0674971 -8.0655e-20 4.82714 0.0677346 -8.10414e-20 4.85936 0.0679972 4.44248e-22
4.89187 0.0682819 6.45928e-22 4.92481 0.068577 -6.54449e-20 4.95779 0.0688864 -6.55161e-20
4.99213 0.0691739 7.39565e-23 5.02361 0.0694672 -1.35453e-20 5.06365 0.0696055 -1.66793e-20
5.0902 0.0695762 -5.96309e-21 4.20951 0.106716 2.28439e-19 4.25658 0.0940359 1.1906e-19
4.29681 0.0837069 -1.08909e-19 4.3327 0.076077 -1.01854e-19 4.36605 0.0704318 -1.99753e-19
4.39763 0.0664233 -9.81138e-20 4.42803 0.0638256 -9.04842e-20 4.45785 0.0622372 -9.0368e-20
4.48746 0.0612826 -8.26894e-20 4.51704 0.0607395 -2.40615e-19 4.5467 0.060474 -1.56945e-19
4.57651 0.0603875 -1.40325e-19 4.60652 0.0604126 -1.41401e-19 4.63677 0.0605078 -6.21316e-20
4.66727 0.0606452 -1.19687e-19 4.69805 0.0608048 -1.11275e-19 4.72912 0.060975 -5.40154e-20
4.76048 0.0611537 -4.5147e-20 4.79212 0.0613463 -4.53798e-20 4.82406 0.0615604 -3.57984e-20
4.8563 0.0617985 -6.61159e-20 4.88882 0.062058 -3.11446e-20 4.92178 0.0623269 -2.19816e-20
4.95477 0.0626053 -2.16869e-20 4.98913 0.0628623 -1.20858e-20 5.0206 0.063114 -1.88843e-20
5.06063 0.0632376 -9.78529e-21 5.08717 0.0632224 -5.94989e-21 4.2043 0.0959203 -1.15268e-19
4.2515 0.0847806 1.06196e-19 4.2922 0.0755498 2.21278e-19 4.32854 0.0686717 -1.61456e-23
4.36226 0.0635738 -2.61522e-25 4.39415 0.0599284 -1.96862e-22 4.42479 0.0575417 9.08134e-20
4.45478 0.0560739 9.08534e-20 4.4845 0.0551893 0 4.51416 0.0546826 7.82483e-20
4.54387 0.0544319 7.91674e-20 4.57372 0.0543475 8.90639e-22 4.60376 0.0543668 6.63696e-20
4.63403 0.054451 6.59297e-20 4.66455 0.0545741 5.80375e-20 4.69535 0.0547174 5.86042e-20
4.72643 0.0548698 4.89595e-20 4.7578 0.0550292 4.88643e-20 4.78946 0.0552007 -2.27673e-22
4.82141 0.0553917 2.61467e-22 4.85367 0.0556053 8.20152e-22 4.8862 0.0558389 2.6241e-20
4.91918 0.0560808 4.80565e-20 4.95218 0.0563286 2.17406e-20 4.98654 0.0565558 0
5.01802 0.0567718 0 5.05803 0.0568802 4.32134e-25 5.08456 0.0568726 -4.2905e-24
4.19979 0.085159 -1.157e-19 4.24709 0.0754709 -1.16138e-19 4.28818 0.0673221 -1.08254e-19
4.32493 0.0612001 -2.10541e-19 4.35896 0.0566551 -1.02763e-19 4.39112 0.0533865 -9.49665e-20
4.42199 0.0512273 -9.52615e-20 4.45213 0.0498926 8.68021e-20 4.48196 0.0490864 4.03675e-21
4.51169 0.0486223 -4.71428e-21 4.54145 0.0483903 1.54001e-19 4.57133 0.0483101 1.46261e-19
4.6014 0.0483244 3.7828e-21 4.63169 0.0483976 -4.48095e-21 4.66222 0.0485061 6.23995e-20
4.69303 0.0486327 -5.31289e-20 4.72412 0.0487672 -5.41542e-20 4.7555 0.0489076 -4.02794e-22
4.78718 0.0490586 -4.06395e-20 4.81914 0.0492273 -4.06884e-20 4.85142 0.0494166 8.20394e-22
4.88396 0.0496242 -2.62591e-20 4.91695 0.0498389 -2.6797e-20 4.94996 0.0500569 -1.7004e-20
4.98433 0.050255 -1.68971e-20 5.01581 0.0504396 6.91447e-21 5.05581 0.0505318 3.81941e-21
5.08233 0.0505264 -5.96529e-21 4.19594 0.0744308 2.23368e-22 4.24329 0.0661168 -1.11861e-19
4.28471 0.0590335 -2.19859e-19 4.32181 0.0536715 -1.07477e-19 4.35613 0.0496843 7.48033e-22
4.38853 0.0468036 -9.48844e-20 4.41958 0.0448859 -1.86002e-19 4.44986 0.0436949 -1.78125e-19
4.47978 0.0429744 -8.69747e-20 4.50958 0.0425578 -4.47039e-22 4.53938 0.0423478 -6.3297e-22
4.5693 0.0422734 4.70509e-22 4.59939 0.0422835 5.45953e-23 4.62969 0.0423459 9.19068e-23
4.66024 0.0424397 -5.80058e-20 4.69106 0.0425496 -5.77546e-20 4.72216 0.0426663 -4.93308e-20
4.75356 0.0427882 -4.87445e-21 4.78524 0.0429193 4.4681e-20 4.81722 0.0430662 -3.60682e-20
4.84951 0.0432317 -3.55815e-20 4.88206 0.0434134 -2.62806e-20 4.91506 0.0436009 -2.6476e-20
4.94808 0.04379 -2.25156e-22 4.98246 0.0439597 -1.20579e-20 5.01394 0.0441159 -1.18606e-20
5.05393 0.044191 5.96306e-21 5.08044 0.0441835 1.19479e-20 4.19268 0.0637338 1.12097e-22
4.24007 0.0567275 -1.12839e-23 4.28177 0.0506932 5.36054e-20 4.31916 0.046094 1.57284e-19
4.35372 0.0426689 1.03187e-19 4.38632 0.0401849 9.5116e-20 4.41755 0.0385203 9.56955e-20
4.44795 0.0374822 -1.30903e-19 4.47795 0.0368534 -4.67899e-20 4.5078 0.0364885 4.32299e-20
4.53765 0.0363032 -1.15237e-19 4.56759 0.0362362 -7.43445e-20 4.5977 0.0362428 3.28392e-20
4.62802 0.036295 -2.8971e-20 4.65858 0.0363744 -9.14376e-20 4.68941 0.0364678 2.41904e-20
4.72052 0.0365671 5.38803e-20 4.75192 0.0366708 4.64304e-22 4.78362 0.0367826 6.10147e-20
4.81561 0.0369081 4.27339e-20 4.8479 0.0370499 -1.79e-20 4.88047 0.0372059 2.65587e-20
4.91348 0.0373663 2.65314e-20 4.94651 0.0375272 1.66893e-20 4.98089 0.037669 1.07818e-20
5.01237 0.0377997 -9.21251e-21 5.05235 0.0378572 -3.39918e-22 5.07885 0.0378444 5.9701e-21
4.18998 0.053065 -1.22512e-19 4.2374 0.0473105 -5.99452e-20 4.27931 0.0423095 1.62942e-19
4.31696 0.0384752 1.62921e-19 4.35172 0.0356159 -5.01107e-20 4.3845 0.0335357 9.30985e-20
4.41586 0.0321338 1.42762e-19 4.44637 0.0312564 8.71835e-20 4.47644 0.0307241 8.82859e-20
4.50634 0.0304144 -3.98697e-20 4.53622 0.0302561 -4.01999e-20 4.56618 0.0301979 6.01937e-22
4.59631 0.030202 -4.91761e-22 4.62665 0.0302444 3.17935e-20 4.65722 0.0303097 9.00356e-20
4.68805 0.0303868 8.47113e-20 4.71917 0.0304691 7.60761e-20 4.75058 0.0305551 4.41922e-21
4.78229 0.0306479 -2.43674e-20 4.81428 0.0307522 5.61511e-20 4.84659 0.0308704 3.59089e-20
4.87917 0.0310004 1.30936e-20 4.91218 0.0311337 1.34354e-20 4.94521 0.0312671 8.41895e-21
4.9796 0.0313817 2.03326e-20 5.01108 0.0314897 8.91937e-21 5.05104 0.0315296 -6.32198e-21
5.07754 0.0315085 -5.97604e-21 4.18782 0.0424209 8.40864e-22 4.23524 0.0378718 1.08913e-22
4.27733 0.0338895 5.45275e-20 4.31518 0.0308211 5.40521e-20 4.35011 0.0285303 -1.45741e-22
4.38303 0.0268597 7.64688e-23 4.41451 0.0257287 -2.85623e-22 4.4451 0.0250186 4.38935e-20
4.47523 0.0245874 4.43116e-20 4.50516 0.024336 3.93588e-20 4.53507 0.0242068 3.9026e-20
4.56506 0.0241588 3.19542e-23 4.5952 0.0241613 -2.66554e-22 4.62554 0.0241946 2.15403e-22
4.65613 0.0242463 6.42983e-22 4.68697 0.0243076 3.61776e-22 4.71809 0.0243732 -4.70291e-22
4.74951 0.0244418 -2.29346e-20 4.78122 0.0245159 -4.28009e-20 4.81322 0.0245993 -2.00076e-20
4.84553 0.0246937 1.56308e-20 4.87812 0.0247979 1.9036e-21 4.91114 0.024904 -1.31545e-20
4.94417 0.0250106 7.38031e-23 4.97856 0.0250988 -1.57674e-22 5.01004 0.0251869 -3.29457e-21
5.04999 0.0252097 -3.39863e-21 5.07647 0.0251777 0 4.18616 0.0317986 1.21668e-19
4.23359 0.0284192 9.01117e-20 4.27581 0.0254434 -2.69799e-20 4.31381 0.0231412 -1.15112e-21
4.34888 0.0214207 7.58226e-20 4.3819 0.0201637 2.6102e-20 4.41347 0.0193094 -4.2498e-23
4.44413 0.0187714 4.50236e-20 4.4743 0.0184443 2.18407e-20 4.50427 0.0182533 5.92258e-20
4.5342 0.0181547 7.76808e-20 4.5642 0.0181177 1.88496e-20 4.59435 0.0181189 1.64891e-20
4.6247 0.0181433 1.38142e-21 4.65529 0.0181816 -1.53638e-20 4.68614 0.0182272 -1.38616e-20
4.71726 0.018276 -1.38398e-20 4.74868 0.0183271 4.11514e-22 4.7804 0.0183824 -1.98817e-20
4.81241 0.0184447 -1.10004e-20 4.84472 0.0185152 9.00519e-21 4.87731 0.0185931 -7.11346e-21
4.91033 0.0186718 -1.20807e-20 4.94336 0.018752 -1.37323e-20 4.97775 0.0188136 -5.50671e-21
5.00922 0.0188851 8.13749e-21 5.04916 0.0188904 5.17728e-21 5.07563 0.0188437 0
4.18499 0.0211859 -3.10825e-20 4.23243 0.0189492 -1.55869e-20 4.27474 0.0169715 -4.05729e-22
4.31285 0.0154371 -3.90761e-23 4.34801 0.0142902 -2.42796e-22 4.3811 0.0134517 -3.16472e-23
4.41274 0.0128802 6.68434e-22 4.44344 0.0125196 -3.87529e-22 4.47365 0.0123003 2.57989e-22
4.50363 0.0121722 1.94894e-23 4.53358 0.0121062 -6.69861e-22 4.56359 0.0120814 1.16252e-23
4.59375 0.0120824 3.32006e-20 4.6241 0.0120989 3.36862e-20 4.65469 0.0121247 2.89816e-20
4.68554 0.0121552 2.83487e-20 4.71666 0.012188 5.47597e-23 4.74808 0.0122224 2.33635e-20
4.7798 0.0122597 2.29092e-20 4.81181 0.0123017 1.79863e-20 4.84412 0.012349 2.53149e-21
4.8767 0.0124014 -2.53999e-21 4.90972 0.0124534 1.32149e-20 4.94275 0.0125089 2.1975e-21
4.97713 0.0125439 7.9448e-21 5.0086 0.0126033 6.15996e-21 5.04851 0.0125928 7.22673e-23
5.07497 0.0125269 0 4.18431 0.0105811 -6.29727e-22 4.23174 0.00946582 -3.18035e-20
4.2741 0.00847781 -2.80196e-20 4.31227 0.0077105 -5.38351e-20 4.34748 0.00713747 -2.62262e-20
4.38062 0.00671863 -2.38437e-20 4.41229 0.00643275 -4.6618e-20 4.44302 0.0062519 -4.52279e-20
4.47324 0.00614165 -2.13126e-20 4.50324 0.00607693 -1.92621e-20 4.53319 0.00604311 -3.92862e-20
4.5632 0.00602987 -1.93751e-20 4.59336 0.00602942 -1.69997e-20 4.62372 0.00603666 -3.21643e-20
4.6543 0.00604841 -1.58783e-20 4.68515 0.0060625 -1.38953e-20 4.71627 0.00607767 -1.30641e-20
4.74768 0.00609367 4.04378e-22 4.77939 0.00611108 -2.72652e-22 4.81139 0.00613087 -8.99978e-21
4.8437 0.00615315 -8.49517e-21 4.87627 0.00617816 -6.8268e-21 4.90928 0.006202 -1.26507e-21
4.9423 0.00622988 5.6051e-21 4.97666 0.00624026 -2.98747e-21 5.00812 0.00627852 -4.51221e-21
5.048 0.00626218 -1.70135e-21 5.07443 0.00620063 0 4.18408 0 5.75841e-20
4.23151 0 2.78644e-20 4.27389 0 -3.86309e-22 4.31208 0 -3.7002e-22
4.3473 0 3.17422e-23 4.38045 0 3.66962e-22 4.41213 0 3.51509e-22
4.44287 0 0 4.47309 0 5.83186e-22 4.5031 0 5.54475e-22
4.53305 0 -1.10454e-21 4.56306 0 -5.53321e-22 4.59322 0 5.96608e-23
4.62357 0 4.31268e-22 4.65416 0 4.62794e-22 4.685 0 -4.31326e-22
4.71612 0 0 4.74752 0 0 4.77923 0 -5.45251e-22
4.81122 0 -9.54854e-25 4.84352 0 5.44297e-22 4.87609 0 -3.44458e-22
4.90909 0 -6.03238e-25 4.9421 0 -3.71104e-21 4.97646 0 -3.84896e-21
5.0079 0 2.05934e-22 5.04776 0 0 5.07418 0.0015833 0
0 0 0 0 0 0 0 0 0
0 0 0 0 0 0 0 0 0
0 0 0 0 0 0 0 0 0
0 0 0 0 0 0 0 0 0
0 0 0 0 0 0 0 0 0
0 0 0 0 0 0 0 0 0
0 0 0 0 0 0 0 0 0
0 0 0 0 0 0 0 0 0
0 0 0 0 0 0 0 0 0
0.472777 0.0133126 -2.90904e-22 1.88302 0.113255 1.17147e-18 1.69336 0.0755775 1.08323e-18
1.59649 0.0570089 -6.74601e-19 1.56089 0.0488818 -2.24941e-18 1.54365 0.0462266 -1.38248e-18
1.53369 0.0455632 -1.3211e-18 1.52938 0.0454703 -6.79628e-19 1.5282 0.0455873 1.6882e-20
1.52817 0.0457518 -1.62197e-20 1.52867 0.0458773 1.76691e-18 1.5296 0.0459563 6.13566e-19
1.53092 0.0460065 -1.34722e-18 1.53259 0.0460412 -1.25737e-18 1.53458 0.0460712 -7.38166e-19
1.5369 0.0461087 -6.46892e-19 1.53955 0.0461631 -4.45769e-19 1.54253 0.0462352 -3.51905e-19
1.54584 0.0463178 -8.83312e-19 1.54948 0.0464028 -7.85231e-19 1.55343 0.0464892 -4.47847e-19
1.55769 0.0465815 -3.49944e-19 1.5622 0.0466899 -5.24519e-20 1.56713 0.0468009 5.16484e-20
1.57191 0.0469539 -1.826e-19 1.57789 0.0470084 -1.19227e-19 1.5817 0.0474129 -2.58732e-19
1.58846 0.0469514 -9.99522e-20 1.5953 0.0460373 -3.98342e-20 3.03069 0.186228 2.67648e-19
2.91653 0.140467 -4.44693e-20 2.82874 0.113094 -1.16996e-18 2.77558 0.0967583 -5.09445e-19
2.74162 0.0884502 -1.35613e-18 2.71935 0.0845561 -1.3523e-18 2.70583 0.0826514 -6.44435e-19
2.69822 0.0817127 -2.02659e-20 2.69414 0.0812578 -4.18994e-19 2.69231 0.0810123 -8.91545e-19
2.69208 0.0808538 5.48571e-19 2.69309 0.0807398 -1.12694e-19 2.69508 0.0806537 -5.14456e-19
2.69792 0.0805909 3.66049e-22 2.70151 0.0805579 -3.45733e-22 2.7058 0.0805639 -3.98986e-19
2.71075 0.0806105 -3.97974e-19 2.71631 0.0806876 1.65371e-19 2.72247 0.0807808 1.67555e-19
2.72918 0.0808829 -2.01088e-19 2.73646 0.0809974 -3.78124e-19 2.74422 0.0811362 -3.27267e-19
2.7526 0.081289 -1.51214e-19 2.76108 0.0815063 -2.2639e-19 2.7709 0.0815956 -1.32772e-19
2.77883 0.0822447 9.31137e-20 2.79047 0.0815714 -3.46794e-20 2.79995 0.0801965 -6.95504e-20
3.66573 0.212385 -1.34647e-18 3.62111 0.169104 -6.44505e-19 3.58014 0.14355 1.54982e-19
3.55309 0.126646 1.57295e-19 3.53417 0.116647 6.45981e-19 3.521 0.111193 4.36876e-19
3.51314 0.108101 -2.10599e-19 3.50938 0.10628 -1.96509e-19 3.50837 0.105196 -7.32233e-20
3.50929 0.104518 -2.98648e-19 3.51171 0.10406 -1.91515e-19 3.51534 0.103731 6.72009e-20
3.52 0.103483 -1.63398e-19 3.52555 0.103293 -1.45362e-19 3.53191 0.103158 -1.46279e-19
3.53904 0.103081 1.25841e-19 3.54687 0.103065 1.00963e-20 3.55538 0.103097 1.72193e-19
3.56455 0.103161 1.91586e-19 3.57434 0.103242 -1.26715e-19 3.58476 0.103341 -1.31567e-19
3.59574 0.103468 -1.87561e-19 3.60739 0.103615 -8.68096e-20 3.6193 0.103842 2.65342e-20
3.63249 0.103927 -2.35239e-21 3.64412 0.104686 -2.96597e-20 3.66002 0.103907 -8.63146e-21
3.67163 0.102302 -1.74323e-20 4.02754 0.224468 -4.12334e-20 4.01713 0.182808 -2.3279e-19
4.00495 0.158336 6.68493e-19 3.99997 0.141388 2.52679e-19 3.99853 0.13074 2.43067e-19
3.99948 0.124784 6.24597e-19 4.0032 0.12142 1.79549e-19 4.00924 0.119446 -1.97269e-19
4.01678 0.118285 1.97996e-19 4.02535 0.117584 3.9313e-19 4.03472 0.117132 -4.90183e-19
4.04474 0.11682 -5.03906e-19 4.05533 0.116593 -1.54862e-19 4.06646 0.116422 -1.54779e-19
4.07809 0.116303 -1.3665e-19 4.09021 0.11624 -1.14837e-19 4.10283 0.116238 -1.06239e-19
4.11593 0.116288 -3.29812e-19 4.12952 0.116372 -1.33735e-19 4.1436 0.116476 2.51858e-19
4.15818 0.116595 2.46354e-19 4.17324 0.116739 1.38871e-19 4.18887 0.116898 1.1143e-19
4.20473 0.117142 1.34573e-19 4.22178 0.117239 5.6729e-20 4.23726 0.11805 -2.95561e-20
4.25766 0.117275 1.81928e-20 4.27178 0.115622 3.6389e-20 4.2199 0.227238 2.01198e-19
4.2304 0.187447 2.11261e-19 4.23518 0.163737 -2.01551e-19 4.24351 0.147014 -1.71263e-20
4.25339 0.136133 -9.29939e-21 4.2642 0.12995 1.90598e-19 4.27669 0.126485 3.89278e-19
4.29075 0.124481 1.74474e-19 4.30583 0.123338 3.30873e-22 4.32156 0.122701 -1.50026e-20
4.33777 0.122341 -6.60011e-21 4.35436 0.122135 1.29293e-19 4.37128 0.122017 2.87772e-19
4.38848 0.121955 1.27527e-19 4.40597 0.121938 1.27297e-19 4.42374 0.121969 -1.21926e-19
4.4418 0.122053 -1.45505e-20 4.46015 0.122184 1.01713e-19 4.47881 0.122347 9.31738e-20
4.4978 0.122527 9.2607e-20 4.51713 0.122717 6.45408e-20 4.53679 0.122921 8.99785e-21
4.5569 0.12313 -5.29467e-20 4.57714 0.123419 -3.47452e-20 4.59846 0.123558 -1.17406e-20
4.61802 0.1244 2.55766e-20 4.64327 0.123735 6.23854e-21 4.66026 0.122178 1.24418e-20
4.30013 0.223059 -1.27016e-22 4.32562 0.185718 -4.05805e-19 4.34252 0.163089 -4.05947e-19
4.36016 0.147038 5.43243e-21 4.37787 0.136262 4.26083e-21 4.39549 0.129981 -1.83972e-19
4.414 0.126447 -1.84419e-19 4.43364 0.124412 1.74626e-19 4.45405 0.123275 1.74089e-19
4.47497 0.122681 2.82028e-21 4.49627 0.122394 1.5476e-19 4.51787 0.122278 1.54889e-19
4.53974 0.122259 1.38571e-19 4.56183 0.1223 1.35996e-19 4.58414 0.122385 1.19032e-19
4.60666 0.122515 1.1813e-19 4.6294 0.12269 1.01256e-19 4.65235 0.122908 1.01816e-19
4.67552 0.123157 -8.29262e-20 4.69893 0.123423 -8.34298e-20 4.7226 0.123694 6.46193e-20
4.74651 0.123972 9.46228e-21 4.77079 0.124242 -1.00747e-19 4.79512 0.124586 -4.54481e-20
4.8205 0.124785 2.55412e-20 4.84385 0.125638 2.5485e-20 4.87372 0.12514 -5.69913e-21
4.89357 0.123776 -1.13858e-20 4.31718 0.214791 2.02971e-19 4.35214 0.180208 -3.13796e-22
4.37721 0.158788 2.00281e-19 4.40128 0.143587 3.97107e-21 4.42455 0.133108 -1.94703e-19
4.44706 0.126843 -1.84267e-19 4.46988 0.123296 -6.97133e-21 4.49346 0.121261 1.7783e-19
4.51762 0.120134 -1.63026e-19 4.54216 0.119569 -3.20656e-19 4.56702 0.11933 -1.55886e-19
4.59215 0.119272 -1.40545e-19 4.61751 0.119321 -1.4085e-19 4.64309 0.119436 1.23493e-19
4.66888 0.119597 1.23389e-19 4.69488 0.119799 -1.0685e-19 4.72107 0.120041 -1.06586e-19
4.74747 0.120323 -8.8749e-20 4.77406 0.120636 -8.89746e-20 4.80087 0.120968 -2.60447e-22
4.82791 0.121303 -7.19887e-23 4.85517 0.121639 -5.23094e-20 4.88277 0.12196 -5.30943e-20
4.91037 0.122347 -3.42878e-20 4.93907 0.122607 -3.41039e-20 4.96548 0.123443 1.38955e-20
4.99917 0.123129 1.39134e-20 5.02146 0.122006 0 4.3074 0.204705 0
4.34739 0.172847 2.03081e-19 4.37721 0.152567 2.02405e-19 4.40509 0.138209 3.89536e-19
4.43182 0.12812 3.90333e-19 4.45746 0.121941 1.88644e-22 4.48307 0.118417 1.77698e-19
4.5092 0.116396 1.77474e-19 4.53578 0.115278 -3.72057e-22 4.56267 0.114729 -1.5315e-22
4.58983 0.114514 1.47471e-19 4.61725 0.114492 1.47377e-19 4.6449 0.114583 -2.79974e-22
4.67277 0.114746 2.46774e-22 4.70085 0.114956 7.12278e-23 4.72915 0.115204 -6.48596e-22
4.75766 0.115486 -1.31791e-22 4.78638 0.115803 -6.33513e-23 4.8153 0.116152 4.24269e-22
4.84444 0.116522 -2.61322e-22 4.87382 0.116895 6.13366e-20 4.90342 0.117267 6.22989e-20
4.93336 0.117621 -1.57536e-23 4.9633 0.118034 -6.14e-22 4.99439 0.118345 2.38833e-20
5.023 0.119139 2.42941e-20 5.05947 0.118994 5.79164e-23 5.08357 0.118121 0
4.29068 0.193978 -2.1803e-19 4.33312 0.164729 -2.07216e-19 4.36555 0.145526 -6.11183e-19
4.39547 0.131966 -6.00765e-19 4.42407 0.122302 -3.88987e-19 4.45148 0.116242 -1.90969e-19
4.47864 0.112746 -3.55682e-19 4.50616 0.110735 -5.25725e-19 4.53406 0.109615 -1.70031e-19
4.56224 0.109062 -1.55859e-19 4.59068 0.108852 -3.02503e-19 4.61937 0.108842 -1.48293e-19
4.64831 0.108952 -1.31559e-19 4.67749 0.109138 -2.5482e-19 4.70691 0.109373 -2.37564e-19
4.73656 0.109641 -1.14796e-19 4.76644 0.109938 -9.73454e-20 4.79655 0.110267 -9.70676e-20
4.82689 0.110626 -7.98178e-20 4.85745 0.111009 -1.50756e-19 4.88827 0.111398 -1.33381e-19
4.91933 0.111784 -9.10003e-21 4.95075 0.112154 9.43955e-21 4.98218 0.112579 -9.88404e-21
5.01481 0.112928 9.68633e-21 5.04484 0.113666 -5.16527e-20 5.08311 0.113658 -3.33152e-20
5.10842 0.113014 -1.16169e-20 4.27465 0.183079 2.34115e-21 4.31841 0.156327 8.78192e-22
4.35246 0.13819 1.59104e-21 4.38354 0.125388 -1.95717e-19 4.41318 0.116167 -1.9503e-19
4.44155 0.110251 9.9588e-22 4.46951 0.106789 -1.77711e-19 4.4977 0.104785 -1.76708e-19
4.52621 0.103655 7.54601e-22 4.55498 0.103087 4.01646e-22 4.584 0.102866 -1.467e-19
4.61329 0.10285 -1.46524e-19 4.64283 0.10296 -2.34591e-22 4.67263 0.10315 2.06092e-22
4.70269 0.103388 1.76346e-23 4.73301 0.103657 1.9888e-22 4.76359 0.10395 6.80912e-22
4.79442 0.104271 6.6966e-22 4.8255 0.104623 4.55703e-22 4.85682 0.104999 4.49733e-22
4.88843 0.105384 -6.21979e-20 4.92028 0.10577 -6.15996e-20 4.95253 0.106145 -1.0437e-22
4.98479 0.106572 -1.64604e-22 5.01832 0.106946 -2.43383e-20 5.04915 0.107619 -2.41966e-20
5.08846 0.107709 2.00901e-23 5.11446 0.107255 1.32e-24 4.2609 0.172141 4.44653e-19
4.30555 0.147775 4.19794e-19 4.34086 0.130719 4.17654e-19 4.3728 0.118656 3.94592e-19
4.40314 0.109899 7.81501e-19 4.43214 0.104162 3.84159e-19 4.46058 0.100751 3.5693e-19
4.48912 0.0987609 5.27732e-19 4.5179 0.0976231 3.34304e-19 4.54691 0.0970363 1.62843e-19
4.57616 0.0967965 2.95069e-19 4.60567 0.096766 4.36345e-19 4.63545 0.0968648 1.40324e-19
4.66549 0.097045 1.23041e-19 4.69581 0.0972736 1.23567e-19 4.7264 0.0975303 2.12217e-19
4.75727 0.0978084 3.107e-19 4.78841 0.0981114 2.76129e-19 4.81982 0.0984436 3.38911e-19
4.85149 0.0988017 1.60275e-19 4.88346 0.0991726 1.2325e-19 4.91569 0.0995491 7.16345e-20
4.94833 0.0999216 3.40273e-20 4.98101 0.100343 5.26869e-20 5.01499 0.100729 -9.75041e-21
5.04622 0.101333 3.77035e-20 5.08603 0.101481 1.37007e-20 5.11239 0.101173 -1.36931e-22
4.24917 0.161192 -2.21343e-21 4.29452 0.139093 -5.56501e-22 4.33094 0.123141 -1.15608e-21
4.36366 0.111812 4.19986e-22 4.3946 0.103541 -4.58395e-22 4.42412 0.0980205 -5.29318e-22
4.45294 0.0946847 -6.55364e-22 4.48171 0.092721 -9.33035e-22 4.51066 0.0915836 6.54217e-22
4.53979 0.0909822 -1.83688e-22 4.56914 0.0907246 1.12415e-22 4.59873 0.0906774 3.28536e-22
4.62858 0.0907606 -3.81291e-22 4.6587 0.0909253 -1.40895e-22 4.6891 0.091138 -3.36225e-22
4.71979 0.0913775 1.46286e-22 4.75076 0.0916363 4.5876e-23 4.78202 0.0919173 3.76572e-22
4.81355 0.0922253 -6.4513e-22 4.84536 0.0925599 4.21764e-23 4.87747 0.0929116 4.18562e-22
4.90985 0.0932747 -5.22452e-23 4.94267 0.0936405 -8.13888e-23 4.97552 0.0940499 -4.9148e-22
5.00971 0.0944342 1.76478e-23 5.0411 0.0949673 1.47773e-26 5.08112 0.0951405 7.26604e-23
5.10763 0.0949368 1.36615e-23 4.23902 0.150246 -2.26659e-19 4.28492 0.130286 -2.12136e-19
4.32232 0.115456 -5.63514e-21 4.35578 0.10486 5.83799e-21 4.38728 0.097095 -3.92522e-19
4.41728 0.091825 -5.81889e-21 4.44646 0.0885896 7.9477e-21 4.47545 0.0866685 -1.79045e-19
4.50454 0.0855432 -2.96975e-23 4.53377 0.0849353 1.56127e-19 4.56317 0.0846643 7.38508e-21
4.59281 0.0846021 -2.88054e-19 4.6227 0.0846692 -7.98147e-21 4.65285 0.0848171 7.61841e-21
4.68329 0.0850128 -8.25371e-21 4.714 0.0852348 8.22196e-21 4.74501 0.0854743 -1.06264e-19
4.7763 0.0857331 -8.88973e-20 4.80788 0.0860164 -1.70478e-19 4.83974 0.0863262 -8.6515e-21
4.8719 0.086657 9.64251e-21 4.90434 0.0870044 -9.28514e-21 4.93722 0.0873592 9.19881e-21
4.97014 0.0877507 -9.90286e-21 5.00442 0.0881208 3.39009e-20 5.03587 0.0885849 1.37204e-20
5.07594 0.088761 1.94342e-20 5.10251 0.0886288 1.17688e-20 4.23013 0.139317 -1.04926e-22
4.27646 0.121363 5.68963e-23 4.31473 0.107665 1.06878e-22 4.34889 0.0978057 0
4.38091 0.0905578 1.94778e-19 4.41136 0.0855685 1.94958e-19 4.44087 0.0824583 1.00803e-22
4.47009 0.0805964 1.48896e-22 4.49932 0.0794958 1.63999e-19 4.52863 0.0788905 1.64189e-19
4.5581 0.0786119 -2.83141e-22 4.58778 0.078538 1.40947e-19 4.6177 0.0785909 1.4104e-19
4.64788 0.0787232 0 4.67833 0.0789029 0 4.70906 0.0791086 1.06552e-19
4.74008 0.0793301 1.07035e-19 4.7714 0.0795679 4.00834e-22 4.803 0.0798273 7.98498e-20
4.83488 0.0801127 8.05043e-20 4.86706 0.0804217 3.67631e-22 4.89953 0.080751 1.03221e-25
4.93245 0.0810903 4.34695e-20 4.96539 0.081458 4.32029e-20 4.9997 0.0818048 2.24021e-22
5.03118 0.0822045 1.38283e-20 5.07125 0.0823714 1.35074e-20 5.09782 0.0822873 0
4.22233 0.128416 -1.12934e-19 4.26899 0.112339 -4.08844e-21 4.30801 0.0997723 1.08695e-19
4.3428 0.0906522 1.01553e-19 4.37531 0.0839314 1.99059e-19 4.40618 0.0792481 -9.04081e-20
4.43601 0.0762869 -9.65055e-20 4.46544 0.0745004 9.01269e-20 4.4948 0.0734369 8.20712e-20
4.52421 0.0728436 1.60042e-19 4.55374 0.0725636 7.85768e-20 4.58347 0.0724817 7.12454e-20
4.61342 0.072523 7.0126e-20 4.64362 0.0726416 6.1598e-20 4.67408 0.0728068 1.20428e-19
4.70483 0.0729971 1.10844e-19 4.73587 0.0732016 5.25235e-20 4.7672 0.0734194 4.55488e-20
4.79881 0.0736559 4.48386e-20 4.83071 0.0739173 3.52765e-20 4.86292 0.0742036 6.71634e-20
4.89541 0.0745119 3.15913e-20 4.92834 0.0748309 2.17116e-20 4.9613 0.0751706 2.1217e-20
4.99563 0.0754888 1.21351e-20 5.02711 0.0758312 5.45598e-21 5.06716 0.0759842 -3.94415e-21
5.09373 0.0759328 5.94952e-21 4.21549 0.117548 1.1472e-19 4.26239 0.103226 5.03994e-21
4.30206 0.0917838 -1.10667e-19 4.33743 0.0834068 5.53871e-24 4.37038 0.0772204 -1.95712e-19
4.40163 0.072865 -1.95855e-19 4.43175 0.0700752 -6.12016e-23 4.46138 0.0683801 -2.40303e-22
4.49087 0.0673655 -1.65153e-19 4.52037 0.0667932 -2.4436e-19 4.54997 0.0665177 -7.85929e-20
4.57973 0.0664318 -1.40151e-19 4.60972 0.066464 -2.0762e-19 4.63994 0.0665705 -6.66958e-20
4.67043 0.0667218 -5.71979e-20 4.70119 0.0668971 -1.657e-19 4.73224 0.0670846 -1.5764e-19
4.76359 0.0672828 -4.88637e-20 4.79522 0.0674971 -8.0655e-20 4.82714 0.0677346 -8.10414e-20
4.85936 0.0679972 4.44248e-22 4.89187 0.0682819 6.45928e-22 4.92481 0.068577 -6.54449e-20
4.95779 0.0688864 -6.55161e-20 4.99213 0.0691739 7.39565e-23 5.02361 0.0694672 -1.35453e-20
5.06365 0.0696055 -1.66793e-20 5.0902 0.0695762 -5.96309e-21 4.20951 0.106716 2.28439e-19
4.25658 0.0940359 1.1906e-19 4.29681 0.0837069 -1.08909e-19 4.3327 0.076077 -1.01854e-19
4.36605 0.0704318 -1.99753e-19 4.39763 0.0664233 -9.81138e-20 4.42803 0.0638256 -9.04842e-20
4.45785 0.0622372 -9.0368e-20 4.48746 0.0612826 -8.26894e-20 4.51704 0.0607395 -2.40615e-19
4.5467 0.060474 -1.56945e-19 4.57651 0.0603875 -1.40325e-19 4.60652 0.0604126 -1.41401e-19
4.63677 0.0605078 -6.21316e-20 4.66727 0.0606452 -1.19687e-19 4.69805 0.0608048 -1.11275e-19
4.72912 0.060975 -5.40154e-20 4.76048 0.0611537 -4.5147e-20 4.79212 0.0613463 -4.53798e-20
4.82406 0.0615604 -3.57984e-20 4.8563 0.0617985 -6.61159e-20 4.88882 0.062058 -3.11446e-20
4.92178 0.0623269 -2.19816e-20 4.95477 0.0626053 -2.16869e-20 4.98913 0.0628623 -1.20858e-20
5.0206 0.063114 -1.88843e-20 5.06063 0.0632376 -9.78529e-21 5.08717 0.0632224 -5.94989e-21
4.2043 0.0959203 -1.15268e-19 4.2515 0.0847806 1.06196e-19 4.2922 0.0755498 2.21278e-19
4.32854 0.0686717 -1.61456e-23 4.36226 0.0635738 -2.61522e-25 4.39415 0.0599284 -1.96862e-22
4.42479 0.0575417 9.08134e-20 4.45478 0.0560739 9.08534e-20 4.4845 0.0551893 0
4.51416 0.0546826 7.82483e-20 4.54387 0.0544319 7.91674e-20 4.57372 0.0543475 8.90639e-22
4.60376 0.0543668 6.63696e-20 4.63403 0.054451 6.59297e-20 4.66455 0.0545741 5.80375e-20
4.69535 0.0547174 5.86042e-20 4.72643 0.0548698 4.89595e-20 4.7578 0.0550292 4.88643e-20
4.78946 0.0552007 -2.27673e-22 4.82141 0.0553917 2.61467e-22 4.85367 0.0556053 8.20152e-22
4.8862 0.0558389 2.6241e-20 4.91918 0.0560808 4.80565e-20 4.95218 0.0563286 2.17406e-20
4.98654 0.0565558 0 5.01802 0.0567718 0 5.05803 0.0568802 4.32134e-25
5.08456 0.0568726 -4.2905e-24 4.19979 0.085159 -1.157e-19 4.24709 0.0754709 -1.16138e-19
4.28818 0.0673221 -1.08254e-19 4.32493 0.0612001 -2.10541e-19 4.35896 0.0566551 -1.02763e-19
4.39112 0.0533865 -9.49665e-20 4.42199 0.0512273 -9.52615e-20 4.45213 0.0498926 8.68021e-20
4.48196 0.0490864 4.03675e-21 4.51169 0.0486223 -4.71428e-21 4.54145 0.0483903 1.54001e-19
4.57133 0.0483101 1.46261e-19 4.6014 0.0483244 3.7828e-21 4.63169 0.0483976 -4.48095e-21
4.66222 0.0485061 6.23995e-20 4.69303 0.0486327 -5.31289e-20 4.72412 0.0487672 -5.41542e-20
4.7555 0.0489076 -4.02794e-22 4.78718 0.0490586 -4.06395e-20 4.81914 0.0492273 -4.06884e-20
4.85142 0.0494166 8.20394e-22 4.88396 0.0496242 -2.62591e-20 4.91695 0.0498389 -2.6797e-20
4.94996 0.0500569 -1.7004e-20 4.98433 0.050255 -1.68971e-20 5.01581 0.0504396 6.91447e-21
5.05581 0.0505318 3.81941e-21 5.08233 0.0505264 -5.96529e-21 4.19594 0.0744308 2.23368e-22
4.24329 0.0661168 -1.11861e-19 4.28471 0.0590335 -2.19859e-19 4.32181 0.0536715 -1.07477e-19
4.35613 0.0496843 7.48033e-22 4.38853 0.0468036 -9.48844e-20 4.41958 0.0448859 -1.86002e-19
4.44986 0.0436949 -1.78125e-19 4.47978 0.0429744 -8.69747e-20 4.50958 0.0425578 -4.47039e-22
4.53938 0.0423478 -6.3297e-22 4.5693 0.0422734 4.70509e-22 4.59939 0.0422835 5.45953e-23
4.62969 0.0423459 9.19068e-23 4.66024 0.0424397 -5.80058e-20 4.69106 0.0425496 -5.77546e-20
4.72216 0.0426663 -4.93308e-20 4.75356 0.0427882 -4.87445e-21 4.78524 0.0429193 4.4681e-20
4.81722 0.0430662 -3.60682e-20 4.84951 0.0432317 -3.55815e-20 4.88206 0.0434134 -2.62806e-20
4.91506 0.0436009 -2.6476e-20 4.94808 0.04379 -2.25156e-22 4.98246 0.0439597 -1.20579e-20
5.01394 0.0441159 -1.18606e-20 5.05393 0.044191 5.96306e-21 5.08044 0.0441835 1.19479e-20
4.19268 0.0637338 1.12097e-22 4.24007 0.0567275 -1.12839e-23 4.28177 0.0506932 5.36054e-20
4.31916 0.046094 1.57284e-19 4.35372 0.0426689 1.03187e-19 4.38632 0.0401849 9.5116e-20
4.41755 0.0385203 9.56955e-20 4.44795 0.0374822 -1.30903e-19 4.47795 0.0368534 -4.67899e-20
4.5078 0.0364885 4.32299e-20 4.53765 0.0363032 -1.15237e-19 4.56759 0.0362362 -7.43445e-20
4.5977 0.0362428 3.28392e-20 4.62802 0.036295 -2.8971e-20 4.65858 0.0363744 -9.14376e-20
4.68941 0.0364678 2.41904e-20 4.72052 0.0365671 5.38803e-20 4.75192 0.0366708 4.64304e-22
4.78362 0.0367826 6.10147e-20 4.81561 0.0369081 4.27339e-20 4.8479 0.0370499 -1.79e-20
4.88047 0.0372059 2.65587e-20 4.91348 0.0373663 2.65314e-20 4.94651 0.0375272 1.66893e-20
4.98089 0.037669 1.07818e-20 5.01237 0.0377997 -9.21251e-21 5.05235 0.0378572 -3.39918e-22
5.07885 0.0378444 5.9701e-21 4.18998 0.053065 -1.22512e-19 4.2374 0.0473105 -5.99452e-20
4.27931 0.0423095 1.62942e-19 4.31696 0.0384752 1.62921e-19 4.35172 0.0356159 -5.01107e-20
4.3845 0.0335357 9.30985e-20 4.41586 0.0321338 1.42762e-19 4.44637 0.0312564 8.71835e-20
4.47644 0.0307241 8.82859e-20 4.50634 0.0304144 -3.98697e-20 4.53622 0.0302561 -4.01999e-20
4.56618 0.0301979 6.01937e-22 4.59631 0.030202 -4.91761e-22 4.62665 0.0302444 3.17935e-20
4.65722 0.0303097 9.00356e-20 4.68805 0.0303868 8.47113e-20 4.71917 0.0304691 7.60761e-20
4.75058 0.0305551 4.41922e-21 4.78229 0.0306479 -2.43674e-20 4.81428 0.0307522 5.61511e-20
4.84659 0.0308704 3.59089e-20 4.87917 0.0310004 1.30936e-20 4.91218 0.0311337 1.34354e-20
4.94521 0.0312671 8.41895e-21 4.9796 0.0313817 2.03326e-20 5.01108 0.0314897 8.91937e-21
5.05104 0.0315296 -6.32198e-21 5.07754 0.0315085 -5.97604e-21 4.18782 0.0424209 8.40864e-22
4.23524 0.0378718 1.08913e-22 4.27733 0.0338895 5.45275e-20 4.31518 0.0308211 5.40521e-20
4.35011 0.0285303 -1.45741e-22 4.38303 0.0268597 7.64688e-23 4.41451 0.0257287 -2.85623e-22
4.4451 0.0250186 4.38935e-20 4.47523 0.0245874 4.43116e-20 4.50516 0.024336 3.93588e-20
4.53507 0.0242068 3.9026e-20 4.56506 0.0241588 3.19542e-23 4.5952 0.0241613 -2.66554e-22
4.62554 0.0241946 2.15403e-22 4.65613 0.0242463 6.42983e-22 4.68697 0.0243076 3.61776e-22
4.71809 0.0243732 -4.70291e-22 4.74951 0.0244418 -2.29346e-20 4.78122 0.0245159 -4.28009e-20
4.81322 0.0245993 -2.00076e-20 4.84553 0.0246937 1.56308e-20 4.87812 0.0247979 1.9036e-21
4.91114 0.024904 -1.31545e-20 4.94417 0.0250106 7.38031e-23 4.97856 0.0250988 -1.57674e-22
5.01004 0.0251869 -3.29457e-21 5.04999 0.0252097 -3.39863e-21 5.07647 0.0251777 0
4.18616 0.0317986 1.21668e-19 4.23359 0.0284192 9.01117e-20 4.27581 0.0254434 -2.69799e-20
4.31381 0.0231412 -1.15112e-21 4.34888 0.0214207 7.58226e-20 4.3819 0.0201637 2.6102e-20
4.41347 0.0193094 -4.2498e-23 4.44413 0.0187714 4.50236e-20 4.4743 0.0184443 2.18407e-20
4.50427 0.0182533 5.92258e-20 4.5342 0.0181547 7.76808e-20 4.5642 0.0181177 1.88496e-20
4.59435 0.0181189 1.64891e-20 4.6247 0.0181433 1.38142e-21 4.65529 0.0181816 -1.53638e-20
4.68614 0.0182272 -1.38616e-20 4.71726 0.018276 -1.38398e-20 4.74868 0.0183271 4.11514e-22
4.7804 0.0183824 -1.98817e-20 4.81241 0.0184447 -1.10004e-20 4.84472 0.0185152 9.00519e-21
4.87731 0.0185931 -7.11346e-21 4.91033 0.0186718 -1.20807e-20 4.94336 0.018752 -1.37323e-20
4.97775 0.0188136 -5.50671e-21 5.00922 0.0188851 8.13749e-21 5.04916 0.0188904 5.17728e-21
5.07563 0.0188437 0 4.18499 0.0211859 -3.10825e-20 4.23243 0.0189492 -1.55869e-20
4.27474 0.0169715 -4.05729e-22 4.31285 0.0154371 -3.90761e-23 4.34801 0.0142902 -2.42796e-22
4.3811 0.0134517 -3.16472e-23 4.41274 0.0128802 6.68434e-22 4.44344 0.0125196 -3.87529e-22
4.47365 0.0123003 2.57989e-22 4.50363 0.0121722 1.94894e-23 4.53358 0.0121062 -6.69861e-22
4.56359 0.0120814 1.16252e-23 4.59375 0.0120824 3.32006e-20 4.6241 0.0120989 3.36862e-20
4.65469 0.0121247 2.89816e-20 4.68554 0.0121552 2.83487e-20 4.71666 0.012188 5.47597e-23
4.74808 0.0122224 2.33635e-20 4.7798 0.0122597 2.29092e-20 4.81181 0.0123017 1.79863e-20
4.84412 0.012349 2.53149e-21 4.8767 0.0124014 -2.53999e-21 4.90972 0.0124534 1.32149e-20
4.94275 0.0125089 2.1975e-21 4.97713 0.0125439 7.9448e-21 5.0086 0.0126033 6.15996e-21
5.04851 0.0125928 7.22673e-23 5.07497 0.0125269 0 4.18431 0.0105811 -6.29727e-22
4.23174 0.00946582 -3.18035e-20 4.2741 0.00847781 -2.80196e-20 4.31227 0.0077105 -5.38351e-20
4.34748 0.00713747 -2.62262e-20 4.38062 0.00671863 -2.38437e-20 4.41229 0.00643275 -4.6618e-20
4.44302 0.0062519 -4.52279e-20 4.47324 0.00614165 -2.13126e-20 4.50324 0.00607693 -1.92621e-20
4.53319 0.00604311 -3.92862e-20 4.5632 0.00602987 -1.93751e-20 4.59336 0.00602942 -1.69997e-20
4.62372 0.00603666 -3.21643e-20 4.6543 0.00604841 -1.58783e-20 4.68515 0.0060625 -1.38953e-20
4.71627 0.00607767 -1.30641e-20 4.74768 0.00609367 4.04378e-22 4.77939 0.00611108 -2.72652e-22
4.81139 0.00613087 -8.99978e-21 4.8437 0.00615315 -8.49517e-21 4.87627 0.00617816 -6.8268e-21
4.90928 0.006202 -1.26507e-21 4.9423 0.00622988 5.6051e-21 4.97666 0.00624026 -2.98747e-21
5.00812 0.00627852 -4.51221e-21 5.048 0.00626218 -1.70135e-21 5.07443 0.00620063 0
4.18408 0 5.75841e-20 4.23151 0 2.78644e-20 4.27389 0 -3.86309e-22
4.31208 0 -3.7002e-22 4.3473 0 3.17422e-23 4.38045 0 3.66962e-22
4.41213 0 3.51509e-22 4.44287 0 0 4.47309 0 5.83186e-22
4.5031 0 5.54475e-22 4.53305 0 -1.10454e-21 4.56306 0 -5.53321e-22
4.59322 0 5.96608e-23 4.62357 0 4.31268e-22 4.65416 0 4.62794e-22
4.685 0 -4.31326e-22 4.71612 0 0 4.74752 0 0
4.77923 0 -5.45251e-22 4.81122 0 -9.54854e-25 4.84352 0 5.44297e-22
4.87609 0 -3.44458e-22 4.90909 0 -6.03238e-25 4.9421 0 -3.71104e-21
4.97646 0 -3.84896e-21 5.0079 0 2.05934e-22 5.04776 0 0
5.07418 0.0015833 0
        </DataArray>
      </PointData>
    </Piece>
  </UnstructuredGrid>
</VTKFile>
